,Customer ID,Age,Gender,Item Purchased,Category,Purchase Amount (USD),Location,Size,Color,Season,Review Rating,Subscription Status,Shipping Type,Discount Applied,Promo Code Used,Previous Purchases,Payment Method,Frequency of Purchases,Quantity
0,1,,Male,Blouse,Clothing,53,Kentucky,L,Gray,Winter,3.1,Yes,Express,Yes,Yes,14.0,Venmo,,4
1,2,19.0,Male,Sweater,Clothing,64,Maine,L,Maroon,Winter,3.1,Yes,Express,Yes,Yes,2.0,Cash,Fortnightly,2
2,3,50.0,Male,Jeans,Clothing,73,Massachusetts,S,Maroon,Spring,3.1,Yes,Free Shipping,Yes,Yes,23.0,Credit Card,Weekly,2
3,4,21.0,Male,Sandals,Footwear,90,Rhode Island,M,Maroon,Spring,3.5,Yes,Next Day Air,Yes,Yes,49.0,PayPal,Weekly,3
4,5,45.0,Male,Blouse,Clothing,49,Oregon,M,Turquoise,Spring,2.7,Yes,Free Shipping,Yes,Yes,31.0,PayPal,Annually,4
5,6,46.0,Male,Sneakers,Footwear,20,Wyoming,M,White,Summer,2.9,Yes,Standard,Yes,Yes,14.0,Venmo,Weekly,2
6,7,,Male,Shirt,Clothing,85,Montana,M,Gray,Fall,,Yes,,Yes,Yes,,Cash,,3
7,8,27.0,Male,Shorts,Clothing,34,Louisiana,L,Charcoal,Winter,3.2,Yes,Free Shipping,Yes,Yes,19.0,Credit Card,,3
8,9,,Male,Coat,Outerwear,97,West Virginia,L,Silver,Summer,,Yes,,Yes,Yes,,Venmo,,2
9,10,57.0,Male,Handbag,Accessories,31,Missouri,M,Pink,Spring,4.8,Yes,2-Day Shipping,Yes,Yes,4.0,Cash,Quarterly,2
10,11,53.0,Male,Shoes,Footwear,34,Arkansas,L,Purple,Fall,4.1,Yes,Store Pickup,Yes,Yes,26.0,Bank Transfer,Bi-Weekly,3
11,12,30.0,Male,Shorts,Clothing,68,Hawaii,S,Olive,Winter,4.9,Yes,Store Pickup,Yes,Yes,10.0,Bank Transfer,Fortnightly,1
12,13,,Male,Coat,Outerwear,72,Delaware,M,Gold,Winter,,Yes,,Yes,Yes,,Venmo,,2
13,14,65.0,Male,Dress,Clothing,51,New Hampshire,M,Violet,Spring,4.7,Yes,Express,Yes,Yes,31.0,PayPal,Weekly,2
14,15,,Male,Coat,Outerwear,53,New York,L,Teal,Winter,,Yes,,Yes,Yes,,Debit Card,,1
15,16,140.0,Male,Skirt,Clothing,81,Rhode Island,M,Teal,Winter,2.8,Yes,Store Pickup,Yes,Yes,8.0,PayPal,Monthly,1
16,17,25.0,Male,Sunglasses,Accessories,36,Alabama,S,Gray,Spring,4.1,Yes,Next Day Air,Yes,Yes,44.0,Debit Card,Bi-Weekly,2
17,18,,Male,Dress,Clothing,38,Mississippi,XL,Lavender,Winter,,Yes,,Yes,Yes,,Venmo,,4
18,19,52.0,Male,Sweater,Clothing,48,Montana,S,Black,Summer,4.6,Yes,Free Shipping,Yes,Yes,17.0,Cash,Weekly,3
19,20,66.0,Male,Pants,Clothing,90,Rhode Island,M,Green,Summer,3.3,Yes,Standard,Yes,Yes,46.0,Debit Card,Bi-Weekly,4
20,21,21.0,Male,Pants,Clothing,51,Louisiana,M,Black,Winter,2.8,Yes,Express,Yes,Yes,50.0,Cash,Every 3 Months,3
21,22,31.0,Male,Pants,Clothing,62,North Carolina,M,Charcoal,Winter,4.1,Yes,Store Pickup,Yes,Yes,22.0,Debit Card,Quarterly,1
22,23,56.0,Male,Pants,Clothing,37,California,M,Peach,Summer,3.2,Yes,Store Pickup,Yes,Yes,32.0,Debit Card,Annually,1
23,24,31.0,Male,Pants,Clothing,88,Oklahoma,XL,White,Winter,4.4,Yes,Express,Yes,Yes,40.0,Credit Card,Weekly,2
24,25,18.0,Male,Jacket,Outerwear,22,Florida,M,Green,Fall,2.9,Yes,Store Pickup,Yes,Yes,16.0,Debit Card,Weekly,1
25,26,18.0,Male,Hoodie,Clothing,25,Texas,M,Silver,Summer,3.6,Yes,Express,Yes,Yes,14.0,PayPal,,2
26,27,,Male,Jewelry,Accessories,20,Nevada,M,Red,Spring,,Yes,,Yes,Yes,,Credit Card,,1
27,28,56.0,Male,Shorts,Clothing,56,Kentucky,L,Cyan,Summer,5.0,Yes,Next Day Air,Yes,Yes,7.0,Bank Transfer,Every 3 Months,1
28,29,54.0,Male,Handbag,Accessories,94,North Carolina,M,Gray,Fall,4.4,Yes,Free Shipping,Yes,Yes,41.0,PayPal,Every 3 Months,1
29,30,,Male,Dress,Clothing,48,Wyoming,S,Black,Fall,,Yes,Store Pickup,Yes,Yes,,Credit Card,,3
30,31,,Male,Jewelry,Accessories,5000,North Carolina,L,Black,Winter,,Yes,,Yes,Yes,,Credit Card,,4
31,32,33.0,Male,Dress,Clothing,79,West Virginia,L,Brown,Winter,4.7,Yes,Store Pickup,Yes,Yes,45.0,Venmo,,3
32,33,,Male,Jacket,Outerwear,67,Kansas,M,Silver,Summer,,Yes,,Yes,Yes,,Venmo,,4
33,34,,Male,Pants,Clothing,38,Colorado,L,Green,Summer,,Yes,,Yes,Yes,,Cash,,2
34,35,36.0,Male,T-shirt,Clothing,91,North Dakota,L,Violet,Spring,4.6,Yes,2-Day Shipping,Yes,Yes,38.0,PayPal,Quarterly,4
35,36,54.0,Male,Blouse,Clothing,33,Massachusetts,M,Cyan,Summer,4.0,Yes,2-Day Shipping,Yes,Yes,48.0,Credit Card,Bi-Weekly,3
36,37,35.0,Male,T-shirt,Clothing,69,Illinois,M,Maroon,Winter,4.6,Yes,Free Shipping,Yes,Yes,44.0,PayPal,Fortnightly,4
37,38,35.0,Male,Jeans,Clothing,45,Indiana,S,Cyan,Summer,2.8,Yes,Store Pickup,Yes,Yes,10.0,PayPal,Weekly,2
38,39,29.0,Male,Dress,Clothing,37,Florida,M,Red,Winter,3.7,Yes,2-Day Shipping,Yes,Yes,44.0,Venmo,Every 3 Months,2
39,40,70.0,Male,Pants,Clothing,60,Arizona,S,Turquoise,Summer,4.2,Yes,Express,Yes,Yes,18.0,Credit Card,Monthly,1
40,41,69.0,Male,Handbag,Accessories,76,Louisiana,L,Beige,Winter,4.6,Yes,Next Day Air,Yes,Yes,31.0,Debit Card,Quarterly,2
41,42,67.0,Male,Scarf,Accessories,39,Alaska,M,Orange,Spring,4.5,Yes,Standard,Yes,Yes,40.0,Venmo,Annually,3
42,43,20.0,Male,Coat,Outerwear,100,Tennessee,M,Beige,Spring,4.1,Yes,Free Shipping,Yes,Yes,15.0,PayPal,Annually,1
43,44,25.0,Male,Scarf,Accessories,69,Ohio,L,Lavender,Fall,3.7,Yes,Store Pickup,Yes,Yes,19.0,PayPal,,3
44,45,,Male,Hat,Accessories,53,Kentucky,S,Silver,Summer,,Yes,,Yes,Yes,,PayPal,,1
45,46,,Male,Socks,Clothing,21,Tennessee,XL,Indigo,Fall,,Yes,,Yes,Yes,,PayPal,,2
46,47,57.0,Male,Shirt,Clothing,43,California,L,White,Summer,2.9,Yes,Store Pickup,Yes,Yes,45.0,Cash,Quarterly,4
47,48,55.0,Male,Jewelry,Accessories,54,Montana,M,Charcoal,Winter,4.5,Yes,Free Shipping,Yes,Yes,36.0,Cash,Weekly,1
48,49,42.0,Male,Shirt,Clothing,55,Nevada,M,Orange,Summer,2.7,Yes,Store Pickup,Yes,Yes,38.0,Cash,Monthly,1
49,50,68.0,Male,Hoodie,Clothing,30,New Jersey,S,Indigo,Spring,4.6,Yes,Next Day Air,Yes,Yes,34.0,Debit Card,Bi-Weekly,4
50,51,49.0,Male,Blouse,Clothing,28,Maryland,M,Red,Spring,3.7,Yes,Store Pickup,Yes,Yes,39.0,Debit Card,Bi-Weekly,3
51,52,,Male,Skirt,Clothing,59,Vermont,XL,Gray,Winter,,Yes,,Yes,Yes,,Credit Card,,3
52,53,,Male,T-shirt,Clothing,20,Alaska,M,Green,Summer,,Yes,,Yes,Yes,,Credit Card,,1
53,54,29.0,Male,Skirt,Clothing,24,Mississippi,S,Peach,Winter,3.9,Yes,Next Day Air,Yes,Yes,35.0,Credit Card,Weekly,4
54,55,47.0,Male,Coat,Outerwear,94,New Mexico,M,Brown,Summer,4.2,Yes,Next Day Air,Yes,Yes,35.0,Debit Card,Bi-Weekly,2
55,56,40.0,Male,Jacket,Outerwear,28,South Carolina,M,Lavender,Winter,3.0,Yes,2-Day Shipping,Yes,Yes,49.0,Credit Card,Annually,3
56,57,41.0,Male,Backpack,Accessories,73,Mississippi,XL,Brown,Summer,4.7,Yes,Store Pickup,Yes,Yes,46.0,Credit Card,,3
57,58,21.0,Male,Coat,Outerwear,64,West Virginia,M,White,Summer,4.4,Yes,Store Pickup,Yes,Yes,17.0,Debit Card,Fortnightly,1
58,59,,Male,Hoodie,Clothing,54,Missouri,M,Charcoal,Summer,,Yes,,Yes,Yes,,Venmo,,3
59,60,63.0,Male,Belt,Accessories,79,Louisiana,L,Yellow,Spring,4.6,Yes,Standard,Yes,Yes,4.0,Debit Card,Weekly,4
60,61,50.0,Male,Sweater,Clothing,37,Idaho,L,Brown,Summer,4.0,Yes,Express,Yes,Yes,17.0,Cash,Weekly,1
61,62,,Male,Scarf,Accessories,68,Texas,M,Orange,Winter,4.7,Yes,Store Pickup,Yes,Yes,21.0,Credit Card,,3
62,63,30.0,Male,Sneakers,Footwear,21,Mississippi,S,Magenta,Spring,3.8,Yes,Free Shipping,Yes,Yes,31.0,Credit Card,Fortnightly,3
63,64,,Male,Sunglasses,Accessories,79,Arizona,L,Lavender,Winter,,Yes,,Yes,Yes,,Credit Card,,3
64,65,65.0,Male,Boots,Footwear,83,Alabama,S,Green,Fall,4.8,Yes,Standard,Yes,Yes,18.0,Debit Card,Fortnightly,3
65,66,65.0,Male,Backpack,Accessories,36,New Jersey,M,Purple,Spring,4.8,Yes,2-Day Shipping,Yes,Yes,44.0,Venmo,Every 3 Months,1
66,67,31.0,Male,Blouse,Clothing,94,Pennsylvania,S,Magenta,Winter,4.7,Yes,2-Day Shipping,Yes,Yes,3.0,Venmo,Every 3 Months,2
67,68,45.0,Male,Coat,Outerwear,33,Connecticut,L,Gray,Winter,4.4,Yes,Store Pickup,Yes,Yes,49.0,Debit Card,,4
68,69,57.0,Male,Handbag,Accessories,46,Utah,L,Silver,Summer,3.9,Yes,Next Day Air,Yes,Yes,21.0,Cash,Every 3 Months,4
69,70,,Male,Belt,Accessories,70,Tennessee,S,Cyan,Summer,,Yes,,Yes,Yes,,Cash,,2
70,71,,Male,Belt,Accessories,29,Alabama,M,Magenta,Fall,,Yes,,Yes,Yes,,Debit Card,,3
71,72,36.0,Male,Dress,Clothing,48,Virginia,L,Gold,Summer,2.9,Yes,Express,Yes,Yes,34.0,Bank Transfer,Annually,1
72,73,18.0,Male,Dress,Clothing,26,Georgia,M,Olive,Winter,2.9,Yes,Store Pickup,Yes,Yes,21.0,Bank Transfer,Every 3 Months,2
73,74,,Male,Pants,Clothing,85,Hawaii,M,Teal,Spring,,Yes,,Yes,Yes,,Bank Transfer,,4
74,75,49.0,Male,Gloves,Accessories,58,Indiana,L,Violet,Spring,4.5,Yes,Express,Yes,Yes,3.0,Cash,Monthly,1
75,76,64.0,Male,Scarf,Accessories,85,Utah,M,Blue,Summer,2.7,Yes,Free Shipping,Yes,Yes,21.0,Credit Card,Annually,2
76,77,,Male,Hat,Accessories,43,Delaware,S,Teal,Summer,,Yes,,Yes,Yes,,Venmo,,1
77,78,22.0,Male,Dress,Clothing,53,Delaware,L,Gold,Summer,3.3,Yes,Next Day Air,Yes,Yes,36.0,Debit Card,Fortnightly,4
78,79,50.0,Male,Skirt,Clothing,91,Nebraska,M,Maroon,Spring,4.7,Yes,Free Shipping,Yes,Yes,50.0,Venmo,Fortnightly,1
79,80,38.0,Male,Jacket,Outerwear,96,Iowa,M,Olive,Winter,2.6,Yes,2-Day Shipping,Yes,Yes,43.0,Bank Transfer,Every 3 Months,4
80,81,,Male,Sandals,Footwear,72,New York,XL,Blue,Summer,,Yes,Store Pickup,Yes,Yes,,Credit Card,,3
81,82,67.0,Male,Shoes,Footwear,96,Virginia,L,Maroon,Summer,2.6,Yes,Express,Yes,Yes,36.0,Credit Card,Every 3 Months,3
82,83,19.0,Male,Pants,Clothing,28,Georgia,S,Olive,Spring,4.0,Yes,2-Day Shipping,Yes,Yes,21.0,Credit Card,Every 3 Months,1
83,84,36.0,Male,Dress,Clothing,40,Texas,M,Turquoise,Summer,4.1,Yes,Standard,Yes,Yes,34.0,Bank Transfer,Weekly,3
84,85,52.0,Male,Coat,Outerwear,32,Arizona,S,Peach,Spring,4.4,Yes,Standard,Yes,Yes,42.0,Bank Transfer,Every 3 Months,3
85,86,53.0,Male,Sunglasses,Accessories,95,New Mexico,M,Charcoal,Winter,4.5,Yes,Next Day Air,Yes,Yes,2.0,Debit Card,Bi-Weekly,1
86,87,24.0,Male,Hoodie,Clothing,41,Nevada,L,Pink,Spring,3.7,Yes,2-Day Shipping,Yes,Yes,47.0,Cash,Bi-Weekly,4
87,88,52.0,Male,Shoes,Footwear,53,Ohio,M,Green,Fall,3.7,Yes,2-Day Shipping,Yes,Yes,44.0,Debit Card,Fortnightly,4
88,89,2.0,Male,T-shirt,Clothing,47,Wyoming,M,Orange,Fall,3.5,Yes,Free Shipping,Yes,Yes,35.0,Credit Card,,2
89,90,47.0,Male,Jacket,Outerwear,83,California,XL,Pink,Fall,3.6,Yes,Next Day Air,Yes,Yes,15.0,Cash,Quarterly,1
90,91,25.0,Male,Hat,Accessories,48,South Carolina,L,Violet,Summer,2.9,Yes,Express,Yes,Yes,29.0,Credit Card,Monthly,2
91,92,44.0,Male,Scarf,Accessories,99,South Carolina,S,Green,Winter,4.6,Yes,Standard,Yes,Yes,18.0,Credit Card,Every 3 Months,1
92,93,61.0,Male,Jacket,Outerwear,87,Texas,M,Olive,Winter,4.4,Yes,2-Day Shipping,Yes,Yes,13.0,Venmo,Every 3 Months,1
93,94,,Male,Sweater,Clothing,62,Florida,M,Purple,Fall,,Yes,,Yes,Yes,,Credit Card,,3
94,95,58.0,Male,Skirt,Clothing,76,Nevada,S,Silver,Spring,4.6,Yes,Free Shipping,Yes,Yes,28.0,Credit Card,Weekly,2
95,96,37.0,Male,Sneakers,Footwear,100,Missouri,L,Pink,Fall,3.8,Yes,Free Shipping,Yes,Yes,48.0,PayPal,Monthly,2
96,97,32.0,Male,Gloves,Accessories,73,Delaware,S,Gold,Spring,3.6,Yes,Express,Yes,Yes,43.0,Venmo,,4
97,98,21.0,Male,Shoes,Footwear,92,Virginia,M,Teal,Winter,4.8,Yes,Store Pickup,Yes,Yes,37.0,Cash,Annually,1
98,99,20.0,Male,Jeans,Clothing,67,New York,XL,Teal,Spring,2.6,Yes,Next Day Air,Yes,Yes,20.0,Bank Transfer,Annually,4
99,100,7.0,Male,Hoodie,Clothing,40,Missouri,XL,Indigo,Summer,3.7,Yes,Express,Yes,Yes,33.0,Debit Card,Quarterly,3
100,101,62.0,Male,Sunglasses,Accessories,98,South Dakota,M,Maroon,Fall,2.7,Yes,Express,Yes,Yes,31.0,Cash,Fortnightly,2
101,102,27.0,Male,Coat,Outerwear,85,North Dakota,XL,White,Spring,4.6,Yes,Express,Yes,Yes,50.0,Credit Card,Bi-Weekly,4
102,103,,Male,Socks,Clothing,67,Oklahoma,L,Violet,Winter,,Yes,Next Day Air,Yes,Yes,,Credit Card,,4
103,104,54.0,Male,Boots,Footwear,89,West Virginia,L,Red,Winter,4.0,Yes,Next Day Air,Yes,Yes,22.0,Venmo,Bi-Weekly,2
104,105,55.0,Male,Sunglasses,Accessories,24,New Hampshire,L,Pink,Spring,4.4,Yes,2-Day Shipping,Yes,Yes,1.0,PayPal,Monthly,4
105,106,69.0,Male,Backpack,Accessories,96,New York,M,Charcoal,Fall,3.6,Yes,Next Day Air,Yes,Yes,4.0,Bank Transfer,Annually,3
106,107,64.0,Male,Jacket,Outerwear,35,Minnesota,L,White,Summer,3.7,Yes,Standard,Yes,Yes,31.0,Credit Card,Monthly,3
107,108,28.0,Male,Sneakers,Footwear,67,Maryland,L,Olive,Winter,3.1,Yes,Next Day Air,Yes,Yes,46.0,PayPal,Fortnightly,3
108,109,70.0,Male,Socks,Clothing,79,Montana,L,Purple,Spring,3.4,Yes,Next Day Air,Yes,Yes,32.0,Bank Transfer,,3
109,110,,Male,T-shirt,Clothing,85,Alabama,M,Violet,Spring,,Yes,,Yes,Yes,,Bank Transfer,,2
110,111,56.0,Male,Backpack,Accessories,26,New York,M,Black,Summer,4.0,Yes,Standard,Yes,Yes,26.0,Venmo,Fortnightly,3
111,112,26.0,Male,Belt,Accessories,75,Massachusetts,L,Purple,Summer,5.0,Yes,Free Shipping,Yes,Yes,9.0,Credit Card,Annually,2
112,113,37.0,Male,Gloves,Accessories,65,Florida,M,Red,Spring,4.3,Yes,Free Shipping,Yes,Yes,28.0,PayPal,Bi-Weekly,3
113,114,44.0,Male,Hat,Accessories,54,New Jersey,L,Maroon,Winter,3.1,Yes,Next Day Air,Yes,Yes,20.0,PayPal,Quarterly,1
114,115,70.0,Male,Coat,Outerwear,95,Massachusetts,S,Blue,Summer,3.7,Yes,Store Pickup,Yes,Yes,9.0,Cash,Weekly,2
115,116,53.0,Male,Skirt,Clothing,94,Wyoming,M,Gray,Spring,3.8,Yes,Standard,Yes,Yes,48.0,Debit Card,Every 3 Months,4
116,117,55.0,Male,Shoes,Footwear,86,Virginia,S,Blue,Spring,3.4,Yes,Free Shipping,Yes,Yes,12.0,Venmo,Annually,4
117,118,50.0,Male,Sandals,Footwear,32,South Dakota,L,Yellow,Summer,4.6,Yes,Express,Yes,Yes,29.0,Cash,Fortnightly,3
118,119,50.0,Male,Sweater,Clothing,45,Kentucky,L,Orange,Fall,4.8,Yes,2-Day Shipping,Yes,Yes,27.0,Cash,Bi-Weekly,2
119,120,38.0,Male,Coat,Outerwear,76,Wyoming,M,Orange,Fall,4.3,Yes,Express,Yes,Yes,44.0,Cash,Annually,2
120,121,,Male,Hat,Accessories,84,West Virginia,L,Red,Summer,,Yes,,Yes,Yes,,Bank Transfer,,1
121,122,19.0,Male,Shorts,Clothing,72,Virginia,M,Olive,Winter,4.2,Yes,Standard,Yes,Yes,11.0,Cash,Fortnightly,4
122,123,40.0,Male,Backpack,Accessories,40,Washington,L,Brown,Spring,4.8,Yes,2-Day Shipping,Yes,Yes,44.0,Cash,Fortnightly,4
123,124,57.0,Male,Sweater,Clothing,89,Louisiana,L,Brown,Fall,3.1,Yes,Free Shipping,Yes,Yes,46.0,Cash,Weekly,4
124,125,,Male,Sweater,Clothing,86,Nevada,M,Gray,Spring,,Yes,,Yes,Yes,,PayPal,,1
125,126,49.0,Male,Shorts,Clothing,54,California,M,Indigo,Winter,3.6,Yes,Next Day Air,Yes,Yes,45.0,Venmo,Every 3 Months,2
126,127,43.0,Male,Shorts,Clothing,36,Mississippi,L,Pink,Spring,3.9,Yes,Store Pickup,Yes,Yes,48.0,Cash,Every 3 Months,2
127,128,24.0,Male,Sweater,Clothing,89,Mississippi,M,Gray,Winter,4.8,Yes,Next Day Air,Yes,Yes,26.0,Credit Card,Weekly,1
128,129,20.0,Male,Scarf,Accessories,32,California,M,Gold,Spring,4.7,Yes,Standard,Yes,Yes,21.0,Credit Card,Fortnightly,1
129,130,24.0,Male,Dress,Clothing,67,Pennsylvania,XL,Olive,Summer,4.2,Yes,2-Day Shipping,Yes,Yes,49.0,PayPal,Bi-Weekly,1
130,131,44.0,Male,Scarf,Accessories,2000,Kentucky,L,Violet,Fall,3.7,Yes,Next Day Air,Yes,Yes,13.0,PayPal,Fortnightly,1
131,132,28.0,Male,Skirt,Clothing,29,Maine,L,Indigo,Summer,3.9,Yes,Standard,Yes,Yes,46.0,Credit Card,Weekly,1
132,133,30.0,Male,Backpack,Accessories,58,New Mexico,M,Orange,Fall,4.7,Yes,2-Day Shipping,Yes,Yes,42.0,PayPal,Weekly,4
133,134,52.0,Male,Sweater,Clothing,65,Montana,M,Violet,Winter,2.5,Yes,Next Day Air,Yes,Yes,25.0,Venmo,Annually,3
134,135,,Male,Hat,Accessories,94,Texas,L,Gray,Fall,,Yes,,Yes,Yes,,Cash,,1
135,136,43.0,Male,Sandals,Footwear,81,Kansas,M,Purple,Fall,4.1,Yes,Express,Yes,Yes,12.0,PayPal,Quarterly,2
136,137,39.0,Male,Blouse,Clothing,86,South Carolina,M,White,Winter,3.3,Yes,Free Shipping,Yes,Yes,4.0,Debit Card,Quarterly,3
137,138,68.0,Male,Sneakers,Footwear,43,Colorado,M,Turquoise,Spring,4.7,Yes,Free Shipping,Yes,Yes,38.0,PayPal,Weekly,4
138,139,68.0,Male,Skirt,Clothing,29,Georgia,M,Maroon,Winter,4.4,Yes,Store Pickup,Yes,Yes,42.0,Bank Transfer,Weekly,2
139,140,,Male,Coat,Outerwear,95,Florida,M,White,Fall,,Yes,,Yes,Yes,,Venmo,,2
140,141,63.0,Male,Shirt,Clothing,28,North Carolina,L,Yellow,Fall,3.9,Yes,2-Day Shipping,Yes,Yes,50.0,Credit Card,Weekly,2
141,142,56.0,Male,Gloves,Accessories,46,Virginia,M,Turquoise,Fall,4.9,Yes,Free Shipping,Yes,Yes,45.0,PayPal,Weekly,4
142,143,37.0,Male,Jacket,Outerwear,58,Nebraska,L,Violet,Fall,3.1,Yes,Free Shipping,Yes,Yes,33.0,Credit Card,Fortnightly,1
143,144,30.0,Male,Coat,Outerwear,48,Missouri,M,Beige,Fall,2.7,Yes,Store Pickup,Yes,Yes,25.0,PayPal,Quarterly,2
144,145,,Male,Shoes,Footwear,43,New Jersey,M,Silver,Fall,,Yes,,Yes,Yes,,Cash,,4
145,146,24.0,Male,Jewelry,Accessories,95,Missouri,M,Teal,Fall,4.5,Yes,Standard,Yes,Yes,44.0,Debit Card,Quarterly,1
146,147,52.0,Male,Skirt,Clothing,30,Colorado,S,Black,Fall,4.0,Yes,Standard,Yes,Yes,21.0,Venmo,Fortnightly,4
147,148,63.0,Male,Shoes,Footwear,64,Idaho,M,Purple,Summer,3.5,Yes,2-Day Shipping,Yes,Yes,31.0,Bank Transfer,Fortnightly,1
148,149,37.0,Male,Gloves,Accessories,90,Wyoming,M,Gray,Fall,2.6,Yes,Store Pickup,Yes,Yes,47.0,Debit Card,Annually,4
149,150,,Male,Pants,Clothing,76,Delaware,M,White,Summer,,Yes,,Yes,Yes,,PayPal,,1
150,151,123.0,Male,Boots,Footwear,96,California,L,Cyan,Fall,4.9,Yes,Standard,Yes,Yes,17.0,Debit Card,Every 3 Months,4
151,152,28.0,Male,Sunglasses,Accessories,47,North Dakota,L,Turquoise,Fall,4.5,Yes,Next Day Air,Yes,Yes,3.0,Venmo,Annually,1
152,153,,Male,Shirt,Clothing,85,South Carolina,S,Brown,Summer,,Yes,Express,Yes,Yes,,Venmo,,2
153,154,69.0,Male,Hoodie,Clothing,55,North Carolina,M,Maroon,Winter,3.2,Yes,Standard,Yes,Yes,22.0,Debit Card,Annually,3
154,155,41.0,Male,Dress,Clothing,98,Oklahoma,M,Charcoal,Fall,3.6,Yes,Next Day Air,Yes,Yes,21.0,Venmo,Quarterly,2
155,156,63.0,Male,Socks,Clothing,77,Maine,S,Olive,Spring,4.3,Yes,Free Shipping,Yes,Yes,21.0,Bank Transfer,Quarterly,2
156,157,,Male,Shorts,Clothing,26,Missouri,M,Lavender,Fall,,Yes,,Yes,Yes,,Debit Card,,3
157,158,,Male,Hat,Accessories,68,Vermont,S,Yellow,Fall,,Yes,,Yes,Yes,,Bank Transfer,,1
158,159,25.0,Male,Shirt,Clothing,73,Connecticut,XL,Teal,Fall,4.1,Yes,Standard,Yes,Yes,50.0,Bank Transfer,Monthly,4
159,160,58.0,Male,Gloves,Accessories,27,New Hampshire,M,Charcoal,Fall,3.8,Yes,Store Pickup,Yes,Yes,39.0,Bank Transfer,Every 3 Months,1
160,161,27.0,Male,Gloves,Accessories,23,Texas,M,Orange,Summer,4.6,Yes,Free Shipping,Yes,Yes,34.0,Venmo,Monthly,4
161,162,65.0,Male,Backpack,Accessories,49,North Dakota,M,Olive,Fall,3.0,Yes,Express,Yes,Yes,29.0,Venmo,Fortnightly,3
162,163,54.0,Male,Sunglasses,Accessories,74,California,M,Turquoise,Summer,3.0,Yes,Store Pickup,Yes,Yes,31.0,PayPal,Bi-Weekly,2
163,164,54.0,Male,Skirt,Clothing,67,Virginia,M,Purple,Summer,3.4,Yes,Standard,Yes,Yes,8.0,Debit Card,Weekly,2
164,165,59.0,Male,Handbag,Accessories,65,Delaware,S,Purple,Spring,2.6,Yes,Free Shipping,Yes,Yes,5.0,Credit Card,Fortnightly,3
165,166,42.0,Male,Handbag,Accessories,60,Kentucky,S,Yellow,Winter,2.8,Yes,Store Pickup,Yes,Yes,7.0,Cash,Monthly,2
166,167,,Male,Sneakers,Footwear,31,Delaware,XL,Indigo,Fall,,Yes,,Yes,Yes,,Cash,,2
167,168,33.0,Male,Gloves,Accessories,27,Arkansas,M,Green,Fall,4.0,Yes,Express,Yes,Yes,14.0,Credit Card,Every 3 Months,3
168,169,34.0,Male,Shoes,Footwear,80,Louisiana,M,Magenta,Summer,3.0,Yes,Express,Yes,Yes,5.0,Cash,Fortnightly,1
169,170,27.0,Male,Jacket,Outerwear,30,Nevada,S,Gold,Summer,3.3,Yes,Standard,Yes,Yes,3.0,PayPal,Every 3 Months,1
170,171,,Male,Shirt,Clothing,25,Wyoming,M,Maroon,Fall,,Yes,,Yes,Yes,,Venmo,,2
171,172,29.0,Male,Shorts,Clothing,35,Virginia,M,Blue,Summer,3.6,Yes,Store Pickup,Yes,Yes,4.0,Credit Card,Weekly,1
172,173,54.0,Male,Jewelry,Accessories,67,Nebraska,M,Violet,Summer,3.9,Yes,Next Day Air,Yes,Yes,42.0,Credit Card,Bi-Weekly,1
173,174,,Male,Hat,Accessories,46,Hawaii,M,Turquoise,Fall,3.4,Yes,Standard,Yes,Yes,30.0,Cash,,3
174,175,,Male,Shoes,Footwear,35,Vermont,L,Brown,Winter,,Yes,,Yes,Yes,,Venmo,,4
175,176,53.0,Male,Coat,Outerwear,86,Oklahoma,L,Violet,Fall,2.8,Yes,Next Day Air,Yes,Yes,2.0,Bank Transfer,,2
176,177,53.0,Male,Backpack,Accessories,81,New Hampshire,L,Black,Spring,2.7,Yes,Next Day Air,Yes,Yes,30.0,Credit Card,,2
177,178,21.0,Male,Hoodie,Clothing,42,Kansas,L,Magenta,Fall,3.7,Yes,Next Day Air,Yes,Yes,47.0,Bank Transfer,Monthly,1
178,179,,Male,Skirt,Clothing,43,Idaho,L,Lavender,Fall,4.3,Yes,2-Day Shipping,Yes,Yes,21.0,PayPal,,4
179,180,,Male,Boots,Footwear,31,Illinois,M,Violet,Fall,,Yes,,Yes,Yes,,Bank Transfer,,2
180,181,51.0,Male,Sandals,Footwear,81,South Dakota,L,Green,Fall,3.3,Yes,Store Pickup,Yes,Yes,12.0,Debit Card,Fortnightly,4
181,182,32.0,Male,Pants,Clothing,61,Massachusetts,M,Beige,Summer,4.7,Yes,Next Day Air,Yes,Yes,4.0,Bank Transfer,Weekly,2
182,183,38.0,Male,Gloves,Accessories,96,Alabama,XL,Purple,Summer,2.8,Yes,Store Pickup,Yes,Yes,10.0,Debit Card,Annually,2
183,184,,Male,Skirt,Clothing,29,Ohio,XL,Beige,Spring,,Yes,,Yes,Yes,,Credit Card,,4
184,185,,Male,Sneakers,Footwear,33,Hawaii,L,Cyan,Spring,,Yes,,Yes,Yes,,Cash,,4
185,186,46.0,Male,T-shirt,Clothing,32,Wisconsin,XL,Silver,Summer,4.5,Yes,Store Pickup,Yes,Yes,34.0,Bank Transfer,Fortnightly,3
186,187,39.0,Male,Backpack,Accessories,56,Minnesota,S,Lavender,Summer,2.9,Yes,Standard,Yes,Yes,31.0,Debit Card,Annually,4
187,188,19.0,Male,Shoes,Footwear,94,Georgia,S,Purple,Spring,3.3,Yes,Store Pickup,Yes,Yes,1.0,Bank Transfer,Bi-Weekly,3
188,189,,Male,Hoodie,Clothing,53,Arkansas,M,Pink,Spring,,Yes,,Yes,Yes,,Bank Transfer,,3
189,190,36.0,Male,Blouse,Clothing,82,West Virginia,M,Maroon,Fall,4.4,Yes,Next Day Air,Yes,Yes,4.0,Credit Card,Weekly,4
190,191,65.0,Male,Coat,Outerwear,70,Indiana,XL,Beige,Fall,3.0,Yes,Free Shipping,Yes,Yes,48.0,Venmo,Quarterly,4
191,192,64.0,Male,Hat,Accessories,76,Utah,M,Gray,Fall,3.9,Yes,Free Shipping,Yes,Yes,29.0,Cash,Every 3 Months,1
192,193,,Male,Shoes,Footwear,29,Nebraska,L,Turquoise,Summer,,Yes,,Yes,Yes,,PayPal,,3
193,194,36.0,Male,Belt,Accessories,100,North Dakota,S,Silver,Fall,3.0,Yes,Standard,Yes,Yes,29.0,Venmo,Annually,2
194,195,,Male,Backpack,Accessories,94,Missouri,M,Olive,Spring,,Yes,Express,Yes,Yes,,Debit Card,,1
195,196,51.0,Male,Jacket,Outerwear,25,New York,M,Magenta,Fall,4.3,Yes,Free Shipping,Yes,Yes,34.0,Credit Card,Monthly,2
196,197,,Male,Boots,Footwear,88,Washington,M,Lavender,Summer,,Yes,,Yes,Yes,,Credit Card,,2
197,198,59.0,Male,Scarf,Accessories,78,South Carolina,M,Black,Fall,3.2,Yes,2-Day Shipping,Yes,Yes,41.0,Credit Card,Monthly,1
198,199,57.0,Male,Jewelry,Accessories,45,Utah,M,Turquoise,Winter,4.8,Yes,Standard,Yes,Yes,39.0,Credit Card,Fortnightly,3
199,200,54.0,Male,Hat,Accessories,73,Idaho,XL,Green,Summer,3.8,Yes,Express,Yes,Yes,32.0,Cash,Weekly,3
200,201,25.0,Male,Dress,Clothing,61,Pennsylvania,S,Teal,Summer,3.3,Yes,Next Day Air,Yes,Yes,29.0,Venmo,Monthly,1
201,202,69.0,Male,Blouse,Clothing,22,Missouri,S,Beige,Fall,4.3,Yes,Free Shipping,Yes,Yes,15.0,Bank Transfer,Annually,1
202,203,57.0,Male,Hat,Accessories,38,Nebraska,L,Magenta,Spring,2.7,Yes,Express,Yes,Yes,33.0,Venmo,Annually,4
203,204,,Male,Scarf,Accessories,38,Indiana,S,Yellow,Fall,,Yes,,Yes,Yes,,Bank Transfer,,2
204,205,24.0,Male,Sneakers,Footwear,100,Arizona,M,Yellow,Fall,4.0,Yes,Store Pickup,Yes,Yes,35.0,Cash,Bi-Weekly,4
205,206,,Male,Shirt,Clothing,64,Hawaii,M,Silver,Winter,,Yes,,Yes,Yes,,PayPal,,3
206,207,24.0,Male,T-shirt,Clothing,55,Wisconsin,L,Silver,Summer,4.2,Yes,Free Shipping,Yes,Yes,6.0,Venmo,Fortnightly,4
207,208,62.0,Male,Gloves,Accessories,91,Rhode Island,M,Silver,Summer,2.9,Yes,Express,Yes,Yes,17.0,Bank Transfer,Bi-Weekly,4
208,209,57.0,Male,Skirt,Clothing,38,Wisconsin,M,Gold,Spring,4.1,Yes,Store Pickup,Yes,Yes,17.0,Credit Card,Monthly,3
209,210,55.0,Male,Sandals,Footwear,97,Minnesota,S,Olive,Winter,3.2,Yes,Store Pickup,Yes,Yes,44.0,Cash,,4
210,211,45.0,Male,Jacket,Outerwear,22,Vermont,L,Teal,Fall,3.0,Yes,2-Day Shipping,Yes,Yes,6.0,PayPal,Fortnightly,3
211,212,,Male,Skirt,Clothing,92,South Dakota,L,Maroon,Fall,,Yes,,Yes,Yes,,Debit Card,,4
212,213,67.0,Male,Handbag,Accessories,84,Virginia,L,Blue,Fall,4.2,Yes,Express,Yes,Yes,7.0,Debit Card,Annually,1
213,214,30.0,Male,Handbag,Accessories,93,Nevada,L,Peach,Fall,4.4,Yes,Store Pickup,Yes,Yes,11.0,Debit Card,Every 3 Months,1
214,215,,Male,Jacket,Outerwear,50,Hawaii,L,Blue,Summer,,Yes,,Yes,Yes,,Cash,,2
215,216,62.0,Male,Scarf,Accessories,64,New Jersey,S,Orange,Spring,2.8,Yes,2-Day Shipping,Yes,Yes,24.0,PayPal,Bi-Weekly,1
216,217,43.0,Male,Shorts,Clothing,61,Massachusetts,L,Yellow,Spring,3.7,Yes,Free Shipping,Yes,Yes,21.0,Venmo,Weekly,2
217,218,35.0,Male,Sunglasses,Accessories,48,Oklahoma,M,Purple,Winter,3.5,Yes,Next Day Air,Yes,Yes,24.0,Bank Transfer,,4
218,219,,Male,T-shirt,Clothing,45,California,S,Magenta,Spring,2.9,Yes,Store Pickup,Yes,Yes,8.0,Credit Card,,4
219,220,32.0,Male,Belt,Accessories,88,Nevada,M,Cyan,Spring,3.0,Yes,Free Shipping,Yes,Yes,12.0,Cash,,3
220,221,,Male,Sneakers,Footwear,57,Arizona,S,Indigo,Spring,,Yes,,Yes,Yes,,Debit Card,,3
221,222,,Male,Hat,Accessories,68,North Carolina,XL,Magenta,Summer,4.4,Yes,Store Pickup,Yes,Yes,6.0,Bank Transfer,,2
222,223,,Male,Gloves,Accessories,94,New York,XL,Gray,Spring,,Yes,2-Day Shipping,Yes,Yes,,PayPal,,2
223,224,20.0,Male,Pants,Clothing,41,Wyoming,M,Turquoise,Spring,4.8,Yes,Free Shipping,Yes,Yes,34.0,PayPal,Annually,2
224,225,63.0,Male,Socks,Clothing,83,South Dakota,S,Beige,Summer,2.9,Yes,Free Shipping,Yes,Yes,12.0,Cash,Every 3 Months,3
225,226,25.0,Male,Jacket,Outerwear,22,Arkansas,M,Olive,Spring,3.2,Yes,Next Day Air,Yes,Yes,11.0,Bank Transfer,Annually,2
226,227,29.0,Male,Shoes,Footwear,74,Texas,L,Violet,Spring,3.3,Yes,Free Shipping,Yes,Yes,5.0,PayPal,Monthly,3
227,228,,Male,Jeans,Clothing,90,Rhode Island,M,Turquoise,Winter,,Yes,,Yes,Yes,,Venmo,,1
228,229,18.0,Male,Socks,Clothing,79,New Hampshire,M,White,Spring,2.9,Yes,Store Pickup,Yes,Yes,11.0,Credit Card,Annually,1
229,230,,Male,Sandals,Footwear,28,Ohio,S,Silver,Spring,,Yes,,Yes,Yes,,PayPal,,4
230,231,66.0,Male,Scarf,Accessories,88,Utah,L,Olive,Fall,4.1,Yes,Standard,Yes,Yes,43.0,Credit Card,Annually,4
231,232,28.0,Male,Blouse,Clothing,26,Tennessee,M,Blue,Spring,3.1,Yes,2-Day Shipping,Yes,Yes,18.0,Debit Card,Every 3 Months,2
232,233,54.0,Male,Jewelry,Accessories,27,Hawaii,L,Purple,Winter,4.2,Yes,Express,Yes,Yes,32.0,Bank Transfer,Bi-Weekly,4
233,234,19.0,Male,Sweater,Clothing,83,Arizona,XL,Yellow,Fall,4.5,Yes,Next Day Air,Yes,Yes,27.0,Bank Transfer,Every 3 Months,2
234,235,20.0,Male,Gloves,Accessories,39,South Dakota,S,Silver,Summer,3.7,Yes,Next Day Air,Yes,Yes,24.0,Credit Card,Weekly,3
235,236,43.0,Male,Sunglasses,Accessories,89,New Jersey,M,Cyan,Winter,3.7,Yes,Free Shipping,Yes,Yes,31.0,Debit Card,Quarterly,1
236,237,38.0,Male,Coat,Outerwear,68,North Dakota,L,Green,Winter,3.4,Yes,Next Day Air,Yes,Yes,39.0,PayPal,Fortnightly,4
237,238,50.0,Male,Dress,Clothing,90,Iowa,M,Beige,Summer,3.0,Yes,Store Pickup,Yes,Yes,36.0,Debit Card,Fortnightly,4
238,239,,Male,Skirt,Clothing,34,Ohio,M,Peach,Fall,,Yes,,Yes,Yes,,Cash,,4
239,240,,Male,Pants,Clothing,51,Vermont,L,Yellow,Summer,,Yes,Express,Yes,Yes,,Credit Card,,1
240,241,,Male,Sweater,Clothing,45,Montana,XL,Turquoise,Winter,,Yes,,Yes,Yes,,Bank Transfer,,1
241,242,36.0,Male,Hoodie,Clothing,88,Delaware,M,Peach,Winter,4.1,Yes,Free Shipping,Yes,Yes,43.0,Venmo,Bi-Weekly,1
242,243,55.0,Male,Coat,Outerwear,85,New York,L,Gray,Summer,4.3,Yes,Store Pickup,Yes,Yes,40.0,Debit Card,Every 3 Months,3
243,244,25.0,Male,Jewelry,Accessories,100,Kentucky,M,Olive,Winter,2.8,Yes,2-Day Shipping,Yes,Yes,4.0,Debit Card,Monthly,4
244,245,53.0,Male,Belt,Accessories,42,Oregon,S,Indigo,Spring,4.9,Yes,2-Day Shipping,Yes,Yes,39.0,PayPal,Weekly,4
245,246,49.0,Male,Sandals,Footwear,53,Rhode Island,L,Charcoal,Summer,3.3,Yes,Next Day Air,Yes,Yes,45.0,Venmo,Fortnightly,2
246,247,35.0,Male,Sunglasses,Accessories,86,Nevada,XL,Beige,Spring,3.2,Yes,Express,Yes,Yes,20.0,Venmo,,3
247,248,29.0,Male,Sweater,Clothing,66,Montana,XL,Brown,Spring,4.4,Yes,Standard,Yes,Yes,14.0,Debit Card,,2
248,249,47.0,Male,Belt,Accessories,100,Pennsylvania,M,Blue,Winter,4.8,Yes,Express,Yes,Yes,33.0,PayPal,Weekly,1
249,250,53.0,Male,Handbag,Accessories,47,Alaska,S,Teal,Fall,4.2,Yes,Standard,Yes,Yes,18.0,Credit Card,Annually,4
250,251,33.0,Male,Skirt,Clothing,25,Mississippi,L,Black,Fall,4.0,Yes,Express,Yes,Yes,9.0,Bank Transfer,Weekly,1
251,252,,Male,Handbag,Accessories,51,Wyoming,XL,Gold,Winter,,Yes,,Yes,Yes,,PayPal,,3
252,253,32.0,Male,Shorts,Clothing,41,Delaware,M,Violet,Summer,3.9,Yes,Free Shipping,Yes,Yes,33.0,Venmo,Fortnightly,1
253,254,52.0,Male,Boots,Footwear,73,Oklahoma,L,Cyan,Winter,4.9,Yes,2-Day Shipping,Yes,Yes,15.0,Bank Transfer,Bi-Weekly,4
254,255,,Male,Sunglasses,Accessories,42,Indiana,M,White,Winter,3.5,Yes,Store Pickup,Yes,Yes,4.0,PayPal,,3
255,256,43.0,Male,Scarf,Accessories,20,Maryland,M,Charcoal,Spring,4.2,Yes,Free Shipping,Yes,Yes,25.0,Debit Card,Annually,1
256,257,,Male,Jewelry,Accessories,30,South Dakota,XL,Violet,Spring,,Yes,,Yes,Yes,,Credit Card,,4
257,258,,Male,Handbag,Accessories,53,West Virginia,M,Red,Summer,,Yes,Express,Yes,Yes,,Credit Card,,2
258,259,61.0,Male,Gloves,Accessories,74,Alabama,S,Lavender,Spring,2.8,Yes,Express,Yes,Yes,16.0,Cash,,3
259,260,32.0,Male,Jeans,Clothing,57,Louisiana,M,Gold,Fall,2.9,Yes,Standard,Yes,Yes,13.0,Debit Card,,1
260,261,38.0,Male,Hat,Accessories,57,Montana,S,Red,Winter,3.2,Yes,2-Day Shipping,Yes,Yes,11.0,Credit Card,Every 3 Months,1
261,262,21.0,Male,Jeans,Clothing,77,California,L,Magenta,Winter,4.9,Yes,Standard,Yes,Yes,21.0,Credit Card,Annually,4
262,263,37.0,Male,Pants,Clothing,40,Hawaii,M,Teal,Summer,3.7,Yes,Next Day Air,Yes,Yes,6.0,Debit Card,Annually,3
263,264,,Male,Shorts,Clothing,46,Iowa,M,Purple,Summer,,Yes,,Yes,Yes,,Venmo,,1
264,265,36.0,Male,Pants,Clothing,78,Colorado,S,Charcoal,Fall,3.9,Yes,Store Pickup,Yes,Yes,15.0,Cash,Annually,3
265,266,32.0,Male,Backpack,Accessories,59,Michigan,M,Gray,Spring,3.2,Yes,2-Day Shipping,Yes,Yes,17.0,Bank Transfer,Bi-Weekly,1
266,267,,Male,Jewelry,Accessories,75,Louisiana,L,White,Summer,,Yes,,Yes,Yes,,Credit Card,,4
267,268,64.0,Male,Sweater,Clothing,54,Maryland,M,Olive,Spring,3.9,Yes,2-Day Shipping,Yes,Yes,42.0,Venmo,Annually,2
268,269,68.0,Male,Shoes,Footwear,42,Georgia,M,Charcoal,Spring,2.6,Yes,Store Pickup,Yes,Yes,21.0,Cash,Monthly,2
269,270,68.0,Male,Blouse,Clothing,44,Georgia,M,Charcoal,Winter,3.3,Yes,Next Day Air,Yes,Yes,9.0,Cash,Bi-Weekly,2
270,271,,Male,Jeans,Clothing,52,North Dakota,XL,Orange,Fall,,Yes,,Yes,Yes,,Bank Transfer,,3
271,272,65.0,Male,Sunglasses,Accessories,69,Maryland,XL,Yellow,Summer,4.6,Yes,Express,Yes,Yes,42.0,Credit Card,Fortnightly,1
272,273,48.0,Male,Jewelry,Accessories,26,Oregon,M,Beige,Summer,4.4,Yes,2-Day Shipping,Yes,Yes,37.0,Debit Card,Bi-Weekly,2
273,274,69.0,Male,Coat,Outerwear,33,North Dakota,S,Silver,Spring,4.2,Yes,Express,Yes,Yes,32.0,Debit Card,Quarterly,4
274,275,,Male,Jewelry,Accessories,32,Maryland,M,Indigo,Spring,3.0,Yes,Express,Yes,Yes,28.0,Cash,,3
275,276,48.0,Male,Backpack,Accessories,85,Virginia,XL,Lavender,Winter,4.0,Yes,Express,Yes,Yes,13.0,Credit Card,Weekly,3
276,277,25.0,Male,Skirt,Clothing,30,South Dakota,XL,Turquoise,Fall,3.5,Yes,Express,Yes,Yes,11.0,Bank Transfer,Fortnightly,1
277,278,29.0,Male,Shirt,Clothing,29,Georgia,M,Green,Winter,3.0,Yes,Store Pickup,Yes,Yes,36.0,Bank Transfer,Bi-Weekly,2
278,279,57.0,Male,Sweater,Clothing,95,Hawaii,M,Orange,Spring,3.7,Yes,Express,Yes,Yes,23.0,Debit Card,,3
279,280,,Male,Sneakers,Footwear,69,Arkansas,L,Turquoise,Summer,,Yes,,Yes,Yes,,Bank Transfer,,2
280,281,45.0,Male,Sandals,Footwear,69,Montana,S,Cyan,Fall,4.2,Yes,2-Day Shipping,Yes,Yes,21.0,Cash,Bi-Weekly,4
281,282,38.0,Male,Belt,Accessories,61,Oklahoma,XL,Charcoal,Spring,2.5,Yes,Standard,Yes,Yes,22.0,Debit Card,Bi-Weekly,1
282,283,21.0,Male,Skirt,Clothing,94,Minnesota,M,Teal,Summer,3.0,Yes,2-Day Shipping,Yes,Yes,9.0,Cash,Monthly,2
283,284,,Male,Sweater,Clothing,30,Montana,S,Maroon,Fall,3.2,Yes,Next Day Air,Yes,Yes,16.0,Venmo,,4
284,285,63.0,Male,Skirt,Clothing,45,Ohio,M,Red,Summer,3.5,Yes,Standard,Yes,Yes,4.0,PayPal,Quarterly,3
285,286,29.0,Male,Handbag,Accessories,39,Kentucky,XL,Yellow,Summer,4.8,Yes,Express,Yes,Yes,3.0,Debit Card,Bi-Weekly,1
286,287,27.0,Male,Jewelry,Accessories,51,Nebraska,L,Gray,Summer,2.6,Yes,Store Pickup,Yes,Yes,6.0,Debit Card,Annually,4
287,288,56.0,Male,Scarf,Accessories,37,Delaware,L,Blue,Spring,3.4,Yes,2-Day Shipping,Yes,Yes,18.0,Venmo,Fortnightly,4
288,289,30.0,Male,T-shirt,Clothing,62,North Carolina,M,Lavender,Winter,3.7,Yes,2-Day Shipping,Yes,Yes,34.0,Venmo,,1
289,290,,Male,Coat,Outerwear,85,New York,M,Yellow,Fall,,Yes,,Yes,Yes,,Credit Card,,2
290,291,58.0,Male,T-shirt,Clothing,33,Colorado,M,Indigo,Winter,3.7,Yes,Standard,Yes,Yes,50.0,PayPal,Weekly,3
291,292,,Male,Dress,Clothing,26,Delaware,XL,Violet,Fall,,Yes,,Yes,Yes,,Bank Transfer,,4
292,293,60.0,Male,Shoes,Footwear,99,Utah,M,Green,Spring,4.7,Yes,Free Shipping,Yes,Yes,24.0,Cash,Quarterly,1
293,294,69.0,Male,Handbag,Accessories,39,Connecticut,M,White,Spring,2.7,Yes,Express,Yes,Yes,33.0,PayPal,Annually,1
294,295,70.0,Male,Skirt,Clothing,20,New Jersey,M,Gold,Spring,4.6,Yes,Store Pickup,Yes,Yes,19.0,Credit Card,Every 3 Months,4
295,296,,Male,Sunglasses,Accessories,42,West Virginia,M,Indigo,Winter,,Yes,Store Pickup,Yes,Yes,,Credit Card,,4
296,297,25.0,Male,Sandals,Footwear,74,Indiana,S,Lavender,Spring,4.8,Yes,2-Day Shipping,Yes,Yes,19.0,Credit Card,,2
297,298,48.0,Male,Shoes,Footwear,26,Delaware,XL,Purple,Summer,4.4,Yes,Standard,Yes,Yes,4.0,Credit Card,Bi-Weekly,3
298,299,,Male,T-shirt,Clothing,53,Maryland,M,Lavender,Winter,,Yes,,Yes,Yes,,Venmo,,3
299,300,,Male,Sneakers,Footwear,80,Pennsylvania,M,Maroon,Summer,,Yes,,Yes,Yes,,PayPal,,3
300,301,29.0,Male,Hat,Accessories,98,Iowa,M,Teal,Spring,4.4,Yes,Store Pickup,Yes,Yes,24.0,PayPal,Weekly,1
301,302,46.0,Male,Skirt,Clothing,95,Pennsylvania,M,Green,Spring,3.8,Yes,Standard,Yes,Yes,25.0,Credit Card,Every 3 Months,3
302,303,37.0,Male,Sweater,Clothing,44,Delaware,L,Olive,Summer,3.6,Yes,Express,Yes,Yes,27.0,Bank Transfer,Every 3 Months,1
303,304,20.0,Male,Sandals,Footwear,60,Oregon,M,Turquoise,Summer,3.3,Yes,Next Day Air,Yes,Yes,49.0,Venmo,Weekly,3
304,305,40.0,Male,Dress,Clothing,84,Oregon,M,Green,Winter,3.4,Yes,Next Day Air,Yes,Yes,45.0,Credit Card,Bi-Weekly,4
305,306,,Male,Sweater,Clothing,59,Utah,M,Teal,Fall,,Yes,,Yes,Yes,,PayPal,,4
306,307,26.0,Male,Jacket,Outerwear,49,North Dakota,S,White,Summer,3.6,Yes,Express,Yes,Yes,4.0,Cash,Annually,2
307,308,29.0,Male,Gloves,Accessories,32,Florida,M,Orange,Winter,3.2,Yes,Free Shipping,Yes,Yes,3.0,Credit Card,Every 3 Months,2
308,309,66.0,Male,Handbag,Accessories,29,Maryland,M,Beige,Fall,3.7,Yes,Standard,Yes,Yes,45.0,Venmo,Bi-Weekly,3
309,310,,Male,Dress,Clothing,22,Minnesota,M,Yellow,Spring,,Yes,,Yes,Yes,,Cash,,3
310,311,56.0,Male,Pants,Clothing,85,Montana,M,Charcoal,Winter,4.6,Yes,Standard,Yes,Yes,50.0,Cash,Fortnightly,4
311,312,69.0,Male,Jeans,Clothing,52,Rhode Island,L,Silver,Winter,4.1,Yes,Store Pickup,Yes,Yes,19.0,Bank Transfer,Monthly,1
312,313,38.0,Male,Pants,Clothing,89,Massachusetts,L,Green,Spring,3.4,Yes,Next Day Air,Yes,Yes,6.0,PayPal,Annually,2
313,314,42.0,Male,Dress,Clothing,77,Vermont,M,Pink,Spring,3.7,Yes,Express,Yes,Yes,50.0,Credit Card,Every 3 Months,3
314,315,,Male,Pants,Clothing,24,New Jersey,M,Purple,Summer,,Yes,,Yes,Yes,,Debit Card,,1
315,316,,Male,Jewelry,Accessories,24,Wisconsin,XL,Orange,Spring,,Yes,,Yes,Yes,,Debit Card,,2
316,317,36.0,Male,Handbag,Accessories,22,California,M,Charcoal,Fall,3.3,Yes,Free Shipping,Yes,Yes,46.0,Venmo,Monthly,1
317,318,58.0,Male,Sweater,Clothing,82,West Virginia,L,Teal,Fall,4.3,Yes,Standard,Yes,Yes,42.0,Cash,Every 3 Months,3
318,319,,Male,Backpack,Accessories,67,South Dakota,M,Beige,Winter,,Yes,,Yes,Yes,,Cash,,1
319,320,47.0,Male,Shorts,Clothing,74,Maine,XL,White,Spring,2.6,Yes,Standard,Yes,Yes,1.0,Cash,Every 3 Months,2
320,321,66.0,Male,Jewelry,Accessories,72,Kansas,L,White,Summer,4.9,Yes,Standard,Yes,Yes,28.0,Debit Card,Quarterly,2
321,322,,Male,Sneakers,Footwear,36,Vermont,L,Orange,Summer,,Yes,,Yes,Yes,,Debit Card,,2
322,323,,Male,Belt,Accessories,95,Tennessee,S,Cyan,Winter,,Yes,,Yes,Yes,,Credit Card,,1
323,324,66.0,Male,Hoodie,Clothing,78,Tennessee,M,Orange,Winter,3.5,Yes,Next Day Air,Yes,Yes,29.0,PayPal,Bi-Weekly,1
324,325,,Male,Shirt,Clothing,82,Wyoming,M,Olive,Summer,4.8,Yes,Standard,Yes,Yes,37.0,Venmo,,1
325,326,,Male,Pants,Clothing,70,Vermont,M,Charcoal,Winter,,Yes,,Yes,Yes,,Debit Card,,3
326,327,62.0,Male,Scarf,Accessories,41,New Jersey,M,White,Fall,3.2,Yes,Store Pickup,Yes,Yes,48.0,Bank Transfer,Weekly,1
327,328,61.0,Male,Coat,Outerwear,42,Iowa,M,Teal,Summer,3.1,Yes,Free Shipping,Yes,Yes,36.0,PayPal,Weekly,2
328,329,48.0,Male,Coat,Outerwear,50,Florida,M,Yellow,Fall,2.8,Yes,Free Shipping,Yes,Yes,9.0,Credit Card,Weekly,1
329,330,70.0,Male,Socks,Clothing,31,Nevada,S,White,Summer,2.9,Yes,2-Day Shipping,Yes,Yes,34.0,Bank Transfer,Monthly,3
330,331,46.0,Male,Sweater,Clothing,51,North Dakota,M,Beige,Winter,3.7,Yes,Express,Yes,Yes,43.0,Venmo,Bi-Weekly,3
331,332,,Male,Shirt,Clothing,98,Florida,L,Beige,Fall,3.3,Yes,Store Pickup,Yes,Yes,46.0,PayPal,,4
332,333,,Male,Shirt,Clothing,86,New York,M,Maroon,Winter,,Yes,2-Day Shipping,Yes,Yes,,Credit Card,,4
333,334,39.0,Male,Sweater,Clothing,64,Alaska,M,Teal,Winter,4.5,Yes,Standard,Yes,Yes,15.0,Bank Transfer,Bi-Weekly,4
334,335,41.0,Male,Blouse,Clothing,46,Kansas,M,Lavender,Fall,2.6,Yes,Next Day Air,Yes,Yes,30.0,Credit Card,Annually,2
335,336,20.0,Male,Sweater,Clothing,85,Oregon,L,Maroon,Spring,3.7,Yes,Standard,Yes,Yes,44.0,Venmo,Every 3 Months,1
336,337,36.0,Male,Hat,Accessories,81,Rhode Island,S,Orange,Fall,4.4,Yes,Express,Yes,Yes,16.0,PayPal,Annually,3
337,338,32.0,Male,Sweater,Clothing,59,New Mexico,M,Cyan,Winter,4.3,Yes,2-Day Shipping,Yes,Yes,16.0,Bank Transfer,Annually,4
338,339,69.0,Male,Hoodie,Clothing,79,Massachusetts,M,Silver,Winter,3.5,Yes,Express,Yes,Yes,16.0,Cash,Weekly,4
339,340,40.0,Male,Shorts,Clothing,33,Pennsylvania,M,Teal,Spring,3.8,Yes,2-Day Shipping,Yes,Yes,21.0,Credit Card,Every 3 Months,4
340,341,40.0,Male,Shorts,Clothing,47,New Jersey,L,Blue,Summer,3.5,Yes,Express,Yes,Yes,39.0,Venmo,Every 3 Months,4
341,342,20.0,Male,Hat,Accessories,20,Utah,S,Blue,Summer,4.6,Yes,Store Pickup,Yes,Yes,40.0,Debit Card,Bi-Weekly,2
342,343,64.0,Male,Coat,Outerwear,36,Kentucky,M,Olive,Spring,2.6,Yes,Next Day Air,Yes,Yes,48.0,Credit Card,Every 3 Months,3
343,344,27.0,Male,Sandals,Footwear,39,Nebraska,M,Purple,Summer,4.4,Yes,Next Day Air,Yes,Yes,26.0,Venmo,,2
344,345,24.0,Male,Skirt,Clothing,71,Virginia,M,Charcoal,Winter,4.0,Yes,Standard,Yes,Yes,46.0,Debit Card,Monthly,4
345,346,48.0,Male,Shoes,Footwear,59,Wyoming,S,Olive,Winter,4.4,Yes,Next Day Air,Yes,Yes,27.0,Bank Transfer,Annually,4
346,347,,Male,Jeans,Clothing,50,New Mexico,L,Violet,Spring,4.7,Yes,Next Day Air,Yes,Yes,5.0,Cash,,1
347,348,36.0,Male,Sandals,Footwear,41,Oregon,L,Red,Fall,3.9,Yes,Store Pickup,Yes,Yes,43.0,PayPal,Fortnightly,1
348,349,56.0,Male,Blouse,Clothing,59,South Carolina,M,Beige,Fall,2.7,Yes,Free Shipping,Yes,Yes,17.0,PayPal,Fortnightly,3
349,350,37.0,Male,Hat,Accessories,87,Arizona,M,Green,Winter,3.7,Yes,2-Day Shipping,Yes,Yes,3.0,Bank Transfer,Bi-Weekly,3
350,351,42.0,Male,Sweater,Clothing,68,Kentucky,M,Violet,Spring,2.6,Yes,2-Day Shipping,Yes,Yes,47.0,Bank Transfer,Fortnightly,4
351,352,,Male,Skirt,Clothing,90,New York,M,Teal,Winter,,Yes,,Yes,Yes,,Debit Card,,4
352,353,27.0,Male,Jeans,Clothing,71,Texas,XL,Yellow,Fall,4.9,Yes,Next Day Air,Yes,Yes,12.0,Cash,Every 3 Months,2
353,354,63.0,Male,Sneakers,Footwear,64,Missouri,L,Yellow,Fall,4.1,Yes,Store Pickup,Yes,Yes,35.0,Debit Card,Monthly,3
354,355,,Male,Jewelry,Accessories,76,Pennsylvania,S,Olive,Fall,,Yes,,Yes,Yes,,Venmo,,3
355,356,37.0,Male,Jewelry,Accessories,42,Oregon,XL,Magenta,Fall,4.1,Yes,2-Day Shipping,Yes,Yes,1.0,PayPal,Every 3 Months,2
356,357,56.0,Male,Pants,Clothing,80,Nevada,L,Black,Spring,3.8,Yes,Standard,Yes,Yes,27.0,Cash,Weekly,1
357,358,18.0,Male,Belt,Accessories,56,Arkansas,M,Olive,Spring,4.0,Yes,Standard,Yes,Yes,16.0,Credit Card,Bi-Weekly,4
358,359,,Male,Hat,Accessories,25,Minnesota,XL,Magenta,Summer,,Yes,,Yes,Yes,,Credit Card,,3
359,360,31.0,Male,Sneakers,Footwear,74,Georgia,M,Olive,Winter,3.0,Yes,Store Pickup,Yes,Yes,30.0,Credit Card,Every 3 Months,2
360,361,51.0,Male,Pants,Clothing,30,Rhode Island,M,Teal,Summer,3.0,Yes,Standard,Yes,Yes,18.0,Debit Card,Fortnightly,2
361,362,65.0,Male,T-shirt,Clothing,96,Nevada,M,White,Spring,2.6,Yes,Free Shipping,Yes,Yes,45.0,Cash,Annually,1
362,363,53.0,Male,Sneakers,Footwear,64,Texas,M,Charcoal,Fall,3.4,Yes,Free Shipping,Yes,Yes,1.0,Venmo,Fortnightly,3
363,364,55.0,Male,Shorts,Clothing,88,Florida,L,Yellow,Winter,3.1,Yes,Free Shipping,Yes,Yes,42.0,Bank Transfer,Fortnightly,2
364,365,62.0,Male,Shoes,Footwear,88,North Dakota,L,Charcoal,Summer,3.0,Yes,Free Shipping,Yes,Yes,7.0,Venmo,Every 3 Months,1
365,366,55.0,Male,Gloves,Accessories,88,West Virginia,XL,Gray,Summer,3.7,Yes,Standard,Yes,Yes,50.0,PayPal,Quarterly,2
366,367,,Male,Socks,Clothing,36,Nebraska,M,Turquoise,Spring,,Yes,,Yes,Yes,,Venmo,,1
367,368,52.0,Male,Dress,Clothing,40,Tennessee,XL,Cyan,Spring,2.8,Yes,Store Pickup,Yes,Yes,18.0,Bank Transfer,Monthly,1
368,369,,Male,Handbag,Accessories,39,Oklahoma,M,Charcoal,Spring,,Yes,,Yes,Yes,,Cash,,4
369,370,38.0,Male,Belt,Accessories,40,Wisconsin,M,Silver,Summer,3.3,Yes,Store Pickup,Yes,Yes,45.0,PayPal,Quarterly,1
370,371,59.0,Male,Scarf,Accessories,34,Oregon,M,Olive,Winter,3.4,Yes,Express,Yes,Yes,13.0,PayPal,Weekly,4
371,372,27.0,Male,Sneakers,Footwear,83,North Carolina,S,Pink,Winter,3.2,Yes,2-Day Shipping,Yes,Yes,47.0,PayPal,,2
372,373,24.0,Male,Sweater,Clothing,85,Pennsylvania,L,Orange,Summer,3.7,Yes,Standard,Yes,Yes,7.0,Debit Card,Weekly,2
373,374,23.0,Male,Coat,Outerwear,27,North Dakota,L,White,Summer,4.6,Yes,Express,Yes,Yes,11.0,Venmo,Bi-Weekly,2
374,375,69.0,Male,Jewelry,Accessories,78,Ohio,S,Purple,Spring,5.0,Yes,Store Pickup,Yes,Yes,39.0,Bank Transfer,Monthly,2
375,376,59.0,Male,Sunglasses,Accessories,32,Oklahoma,M,Olive,Summer,4.4,Yes,Standard,Yes,Yes,6.0,Debit Card,Quarterly,4
376,377,51.0,Male,Shoes,Footwear,51,South Carolina,S,Gray,Fall,4.9,Yes,Express,Yes,Yes,2.0,Venmo,,4
377,378,63.0,Male,Scarf,Accessories,32,Maine,M,Silver,Spring,4.1,Yes,Standard,Yes,Yes,39.0,Credit Card,Every 3 Months,3
378,379,54.0,Male,Dress,Clothing,62,Nevada,L,Orange,Winter,4.9,Yes,Next Day Air,Yes,Yes,23.0,Credit Card,Monthly,3
379,380,32.0,Male,T-shirt,Clothing,29,Montana,S,Magenta,Fall,4.7,Yes,2-Day Shipping,Yes,Yes,46.0,Debit Card,Bi-Weekly,4
380,381,39.0,Male,Backpack,Accessories,69,New Hampshire,XL,Beige,Fall,3.0,Yes,Store Pickup,Yes,Yes,19.0,Bank Transfer,Weekly,2
381,382,66.0,Male,Jewelry,Accessories,25,Maine,L,Lavender,Winter,3.4,Yes,Store Pickup,Yes,Yes,3.0,Credit Card,Every 3 Months,2
382,383,28.0,Male,Jeans,Clothing,76,California,M,Peach,Winter,3.2,Yes,Store Pickup,Yes,Yes,47.0,PayPal,,1
383,384,50.0,Male,Sunglasses,Accessories,77,West Virginia,S,Magenta,Fall,2.9,Yes,Standard,Yes,Yes,6.0,PayPal,Quarterly,3
384,385,70.0,Male,Sweater,Clothing,33,California,M,Beige,Fall,4.5,Yes,2-Day Shipping,Yes,Yes,6.0,Venmo,Annually,1
385,386,67.0,Male,Shorts,Clothing,93,West Virginia,S,Yellow,Fall,2.7,Yes,Next Day Air,Yes,Yes,12.0,Credit Card,Bi-Weekly,3
386,387,64.0,Male,Jewelry,Accessories,39,Louisiana,L,Brown,Spring,3.4,Yes,Express,Yes,Yes,40.0,PayPal,,1
387,388,,Male,Coat,Outerwear,93,Georgia,L,Silver,Summer,,Yes,,Yes,Yes,,PayPal,,1
388,389,22.0,Male,Handbag,Accessories,82,Washington,M,Orange,Summer,2.7,Yes,Store Pickup,Yes,Yes,10.0,PayPal,Quarterly,1
389,390,27.0,Male,Boots,Footwear,42,Virginia,L,Purple,Spring,4.2,Yes,Standard,Yes,Yes,28.0,Bank Transfer,Monthly,1
390,391,25.0,Male,Gloves,Accessories,71,Indiana,M,Indigo,Winter,3.2,Yes,2-Day Shipping,Yes,Yes,19.0,PayPal,Annually,2
391,392,37.0,Male,Sweater,Clothing,86,Minnesota,L,Gray,Spring,4.8,Yes,Standard,Yes,Yes,25.0,Cash,Fortnightly,4
392,393,26.0,Male,T-shirt,Clothing,82,Idaho,XL,Black,Spring,3.3,Yes,Next Day Air,Yes,Yes,38.0,Credit Card,Annually,3
393,394,,Male,Shoes,Footwear,65,Vermont,L,Maroon,Fall,,Yes,,Yes,Yes,,PayPal,,3
394,395,43.0,Male,Scarf,Accessories,29,North Dakota,M,Beige,Spring,4.8,Yes,Store Pickup,Yes,Yes,7.0,Debit Card,Bi-Weekly,3
395,396,37.0,Male,Sneakers,Footwear,65,Rhode Island,L,Brown,Winter,4.9,Yes,Store Pickup,Yes,Yes,2.0,PayPal,Annually,4
396,397,46.0,Male,Dress,Clothing,88,South Carolina,S,Black,Fall,3.9,Yes,Standard,Yes,Yes,24.0,Bank Transfer,Annually,4
397,398,22.0,Male,Belt,Accessories,46,Mississippi,M,Indigo,Fall,3.0,Yes,Free Shipping,Yes,Yes,26.0,Cash,Annually,2
398,399,20.0,Male,Boots,Footwear,67,Montana,S,Silver,Winter,4.6,Yes,Free Shipping,Yes,Yes,25.0,Debit Card,Every 3 Months,4
399,400,60.0,Male,Scarf,Accessories,35,Idaho,L,Blue,Fall,3.5,Yes,2-Day Shipping,Yes,Yes,10.0,Debit Card,Monthly,4
400,401,39.0,Male,Boots,Footwear,66,Utah,M,Green,Winter,4.8,Yes,Free Shipping,Yes,Yes,14.0,PayPal,Fortnightly,2
401,402,43.0,Male,T-shirt,Clothing,91,Oklahoma,L,Orange,Fall,4.8,Yes,Standard,Yes,Yes,21.0,Cash,Quarterly,1
402,403,,Male,Backpack,Accessories,78,California,L,Cyan,Fall,,Yes,,Yes,Yes,,PayPal,,1
403,404,19.0,Male,Sneakers,Footwear,45,Nevada,M,Orange,Winter,4.5,Yes,Next Day Air,Yes,Yes,12.0,Bank Transfer,Annually,4
404,405,35.0,Male,T-shirt,Clothing,93,Delaware,M,Indigo,Spring,4.8,Yes,Store Pickup,Yes,Yes,11.0,Credit Card,Monthly,2
405,406,41.0,Male,Jeans,Clothing,74,South Carolina,S,Silver,Summer,3.8,Yes,Standard,Yes,Yes,15.0,Cash,Annually,3
406,407,52.0,Male,Gloves,Accessories,55,Maryland,M,Peach,Spring,4.6,Yes,Express,Yes,Yes,13.0,Cash,Monthly,2
407,408,45.0,Male,Hoodie,Clothing,76,North Carolina,XL,Teal,Spring,3.1,Yes,Next Day Air,Yes,Yes,5.0,Credit Card,Bi-Weekly,4
408,409,,Male,Sneakers,Footwear,66,Alabama,L,White,Spring,,Yes,,Yes,Yes,,Cash,,3
409,410,35.0,Male,Shorts,Clothing,51,Minnesota,M,Brown,Winter,3.3,Yes,2-Day Shipping,Yes,Yes,32.0,Bank Transfer,Monthly,1
410,411,,Male,Sweater,Clothing,26,Virginia,L,Lavender,Spring,,Yes,,Yes,Yes,,Credit Card,,4
411,412,,Male,Jeans,Clothing,29,Michigan,M,Indigo,Summer,,Yes,Express,Yes,Yes,,PayPal,,1
412,413,24.0,Male,Jacket,Outerwear,74,Maine,M,Yellow,Summer,3.1,Yes,Store Pickup,Yes,Yes,3.0,Bank Transfer,Weekly,4
413,414,70.0,Male,Jewelry,Accessories,99,Nevada,S,White,Summer,4.6,Yes,Free Shipping,Yes,Yes,48.0,Cash,Monthly,3
414,415,,Male,Backpack,Accessories,88,Wyoming,L,Violet,Winter,,Yes,,Yes,Yes,,Debit Card,,4
415,416,,Male,Coat,Outerwear,31,Connecticut,M,Lavender,Winter,,Yes,,Yes,Yes,,Bank Transfer,,2
416,417,36.0,Male,Belt,Accessories,55,Oregon,L,Olive,Spring,3.8,Yes,Free Shipping,Yes,Yes,24.0,Bank Transfer,,1
417,418,23.0,Male,Sandals,Footwear,81,Mississippi,L,Beige,Fall,4.5,Yes,Free Shipping,Yes,Yes,48.0,Debit Card,Quarterly,3
418,419,18.0,Male,Sweater,Clothing,73,Illinois,L,Purple,Spring,3.0,Yes,Standard,Yes,Yes,27.0,Venmo,Bi-Weekly,2
419,420,53.0,Male,Shorts,Clothing,91,Utah,S,Teal,Winter,3.5,Yes,Free Shipping,Yes,Yes,14.0,Credit Card,Every 3 Months,1
420,421,32.0,Male,Socks,Clothing,54,North Carolina,S,Peach,Spring,3.8,Yes,Free Shipping,Yes,Yes,18.0,Debit Card,Bi-Weekly,2
421,422,38.0,Male,Shirt,Clothing,40,Kentucky,M,Violet,Winter,3.5,Yes,Standard,Yes,Yes,48.0,Cash,Bi-Weekly,3
422,423,47.0,Male,Pants,Clothing,59,Minnesota,M,Purple,Fall,3.1,Yes,Store Pickup,Yes,Yes,32.0,Debit Card,,2
423,424,,Male,Scarf,Accessories,26,New York,L,Teal,Spring,3.0,Yes,Store Pickup,Yes,Yes,21.0,Credit Card,,1
424,425,66.0,Male,Sweater,Clothing,23,Illinois,M,Gold,Winter,4.3,Yes,Standard,Yes,Yes,42.0,PayPal,Fortnightly,1
425,426,40.0,Male,Jeans,Clothing,87,North Dakota,S,Teal,Winter,3.3,Yes,Store Pickup,Yes,Yes,4.0,Credit Card,Quarterly,2
426,427,43.0,Male,Pants,Clothing,71,Louisiana,M,Violet,Winter,4.7,Yes,Express,Yes,Yes,19.0,Credit Card,Quarterly,1
427,428,58.0,Male,Backpack,Accessories,91,Illinois,L,Black,Winter,4.5,Yes,Store Pickup,Yes,Yes,6.0,Credit Card,Quarterly,3
428,429,21.0,Male,Coat,Outerwear,64,Wyoming,XL,Gold,Winter,2.9,Yes,Free Shipping,Yes,Yes,2.0,Debit Card,Fortnightly,4
429,430,,Male,Sandals,Footwear,94,Washington,M,Gold,Winter,,Yes,,Yes,Yes,,Cash,,4
430,431,,Male,Shirt,Clothing,40,Texas,M,Brown,Summer,3.5,Yes,Store Pickup,Yes,Yes,40.0,Debit Card,,4
431,432,43.0,Male,Hat,Accessories,76,New Hampshire,L,Cyan,Winter,3.4,Yes,Store Pickup,Yes,Yes,33.0,Cash,Fortnightly,2
432,433,,Male,Shirt,Clothing,86,Indiana,S,Indigo,Fall,,Yes,,Yes,Yes,,Venmo,,4
433,434,49.0,Male,Skirt,Clothing,92,Alabama,M,Orange,Fall,3.2,Yes,Store Pickup,Yes,Yes,23.0,Credit Card,,4
434,435,50.0,Male,Shoes,Footwear,52,Oklahoma,L,Pink,Spring,4.0,Yes,Store Pickup,Yes,Yes,39.0,PayPal,Every 3 Months,1
435,436,51.0,Male,Coat,Outerwear,28,Montana,XL,Olive,Winter,3.6,Yes,Next Day Air,Yes,Yes,42.0,Bank Transfer,Monthly,3
436,437,,Male,Pants,Clothing,46,Tennessee,L,Cyan,Summer,4.6,Yes,Free Shipping,Yes,Yes,41.0,Bank Transfer,,3
437,438,45.0,Male,Jewelry,Accessories,50,New Mexico,M,Peach,Summer,2.6,Yes,Next Day Air,Yes,Yes,41.0,PayPal,Annually,3
438,439,,Male,Belt,Accessories,23,Iowa,M,Turquoise,Winter,,Yes,,Yes,Yes,,Credit Card,,3
439,440,,Male,Jacket,Outerwear,50,Idaho,M,Turquoise,Summer,,Yes,,Yes,Yes,,Cash,,3
440,441,20.0,Male,Shirt,Clothing,89,Oklahoma,XL,Maroon,Winter,3.5,Yes,Store Pickup,Yes,Yes,34.0,Debit Card,Fortnightly,4
441,442,43.0,Male,Hoodie,Clothing,81,Florida,M,Maroon,Winter,4.2,Yes,Standard,Yes,Yes,32.0,Credit Card,Annually,4
442,443,,Male,Sunglasses,Accessories,69,Michigan,M,Olive,Fall,3.5,Yes,Store Pickup,Yes,Yes,31.0,Credit Card,,2
443,444,,Male,Sunglasses,Accessories,67,Hawaii,M,Magenta,Summer,,Yes,,Yes,Yes,,PayPal,,3
444,445,48.0,Male,Dress,Clothing,20,California,M,Red,Summer,4.3,Yes,Store Pickup,Yes,Yes,31.0,Debit Card,Annually,2
445,446,42.0,Male,Boots,Footwear,29,Iowa,M,Olive,Fall,4.9,Yes,Standard,Yes,Yes,18.0,Venmo,Annually,3
446,447,19.0,Male,Shirt,Clothing,74,West Virginia,M,Silver,Summer,4.1,Yes,Store Pickup,Yes,Yes,15.0,Venmo,Monthly,1
447,448,60.0,Male,Shorts,Clothing,82,Washington,S,Turquoise,Spring,3.6,Yes,Standard,Yes,Yes,7.0,Bank Transfer,Every 3 Months,2
448,449,32.0,Male,Gloves,Accessories,23,Missouri,M,Yellow,Summer,3.4,Yes,Next Day Air,Yes,Yes,35.0,Bank Transfer,Fortnightly,3
449,450,26.0,Male,Jewelry,Accessories,45,New York,L,Peach,Summer,2.9,Yes,2-Day Shipping,Yes,Yes,35.0,Bank Transfer,,3
450,451,,Male,Boots,Footwear,21,Connecticut,L,Beige,Summer,,Yes,Store Pickup,Yes,Yes,,Credit Card,,1
451,452,66.0,Male,Jewelry,Accessories,31,Virginia,M,Pink,Summer,4.3,Yes,Express,Yes,Yes,26.0,Credit Card,Fortnightly,4
452,453,45.0,Male,Pants,Clothing,45,Missouri,M,Violet,Summer,3.3,Yes,Express,Yes,Yes,39.0,PayPal,Fortnightly,1
453,454,54.0,Male,Jewelry,Accessories,56,Nebraska,XL,Peach,Winter,2.8,Yes,Next Day Air,Yes,Yes,22.0,Credit Card,Weekly,2
454,455,37.0,Male,Jacket,Outerwear,97,New Jersey,S,Gold,Summer,3.2,Yes,Next Day Air,Yes,Yes,14.0,Cash,Bi-Weekly,3
455,456,54.0,Male,Blouse,Clothing,100,Utah,XL,Gold,Fall,3.6,Yes,Store Pickup,Yes,Yes,50.0,Debit Card,Fortnightly,4
456,457,50.0,Male,Blouse,Clothing,96,North Carolina,S,Indigo,Fall,4.0,Yes,2-Day Shipping,Yes,Yes,33.0,Credit Card,Quarterly,1
457,458,,Male,Gloves,Accessories,99,Rhode Island,M,Blue,Spring,,Yes,,Yes,Yes,,Debit Card,,2
458,459,47.0,Male,Shorts,Clothing,91,Arkansas,L,Black,Winter,4.0,Yes,2-Day Shipping,Yes,Yes,48.0,PayPal,Monthly,1
459,460,63.0,Male,Hat,Accessories,30,Maryland,L,Black,Winter,3.8,Yes,Standard,Yes,Yes,27.0,PayPal,Fortnightly,3
460,461,64.0,Male,Shoes,Footwear,65,South Carolina,L,Teal,Summer,3.7,Yes,Store Pickup,Yes,Yes,27.0,Bank Transfer,Weekly,1
461,462,,Male,Boots,Footwear,93,Ohio,M,Yellow,Winter,,Yes,,Yes,Yes,,Venmo,,1
462,463,59.0,Male,Jacket,Outerwear,81,Illinois,M,White,Fall,3.3,Yes,Express,Yes,Yes,48.0,Venmo,Every 3 Months,1
463,464,,Male,Jewelry,Accessories,81,Georgia,S,Orange,Summer,,Yes,,Yes,Yes,,Venmo,,2
464,465,23.0,Male,Sunglasses,Accessories,52,Alabama,M,Silver,Winter,4.7,Yes,Next Day Air,Yes,Yes,45.0,PayPal,Monthly,4
465,466,,Male,Skirt,Clothing,88,Oklahoma,M,Pink,Summer,,Yes,,Yes,Yes,,Cash,,3
466,467,38.0,Male,Jeans,Clothing,24,Vermont,L,Turquoise,Winter,4.6,Yes,Free Shipping,Yes,Yes,25.0,PayPal,Weekly,1
467,468,19.0,Male,Backpack,Accessories,51,Nebraska,S,Orange,Spring,4.5,Yes,2-Day Shipping,Yes,Yes,37.0,Debit Card,Every 3 Months,2
468,469,,Male,Backpack,Accessories,38,Georgia,S,Peach,Fall,5.0,Yes,Free Shipping,Yes,Yes,16.0,Cash,,2
469,470,21.0,Male,Shorts,Clothing,46,Alabama,L,Pink,Fall,4.1,Yes,2-Day Shipping,Yes,Yes,30.0,Debit Card,Bi-Weekly,4
470,471,50.0,Male,Dress,Clothing,63,Minnesota,L,Teal,Summer,4.6,Yes,Express,Yes,Yes,6.0,Cash,Every 3 Months,3
471,472,,Male,Scarf,Accessories,72,Missouri,XL,White,Winter,,Yes,,Yes,Yes,,Bank Transfer,,3
472,473,20.0,Male,Jeans,Clothing,39,Georgia,L,Gray,Winter,3.9,Yes,Free Shipping,Yes,Yes,3.0,Bank Transfer,Quarterly,1
473,474,34.0,Male,Coat,Outerwear,42,West Virginia,L,Olive,Spring,3.9,Yes,Store Pickup,Yes,Yes,29.0,PayPal,Every 3 Months,4
474,475,62.0,Male,Sweater,Clothing,76,Arkansas,XL,Maroon,Summer,2.6,Yes,2-Day Shipping,Yes,Yes,15.0,Cash,Quarterly,1
475,476,21.0,Male,Sneakers,Footwear,66,Ohio,L,Magenta,Summer,2.7,Yes,Free Shipping,Yes,Yes,18.0,Debit Card,Annually,1
476,477,21.0,Male,Scarf,Accessories,90,Connecticut,M,Magenta,Spring,3.5,Yes,Free Shipping,Yes,Yes,2.0,Debit Card,Fortnightly,4
477,478,42.0,Male,Sweater,Clothing,56,North Dakota,M,Green,Summer,3.7,Yes,Free Shipping,Yes,Yes,49.0,Debit Card,Weekly,4
478,479,,Male,Jewelry,Accessories,43,Kansas,XL,Turquoise,Winter,,Yes,,Yes,Yes,,Venmo,,2
479,480,,Male,Handbag,Accessories,84,Iowa,L,Yellow,Winter,3.3,Yes,Store Pickup,Yes,Yes,43.0,Venmo,,1
480,481,68.0,Male,Hoodie,Clothing,88,Vermont,M,Gray,Summer,4.8,Yes,Standard,Yes,Yes,30.0,Debit Card,Bi-Weekly,1
481,482,46.0,Male,Hat,Accessories,88,Wisconsin,L,Peach,Fall,3.2,Yes,2-Day Shipping,Yes,Yes,10.0,PayPal,Fortnightly,1
482,483,41.0,Male,Belt,Accessories,42,Connecticut,M,Yellow,Winter,2.5,Yes,2-Day Shipping,Yes,Yes,11.0,Venmo,Annually,3
483,484,23.0,Male,Hoodie,Clothing,73,Oklahoma,M,White,Fall,3.9,Yes,Store Pickup,Yes,Yes,12.0,Debit Card,Weekly,1
484,485,68.0,Male,Hat,Accessories,73,Missouri,L,Lavender,Summer,4.7,Yes,Free Shipping,Yes,Yes,28.0,Bank Transfer,Quarterly,2
485,486,48.0,Male,Shoes,Footwear,44,Tennessee,S,Blue,Spring,2.6,Yes,Next Day Air,Yes,Yes,36.0,Debit Card,,4
486,487,,Male,Sandals,Footwear,63,New Mexico,M,Charcoal,Fall,,Yes,,Yes,Yes,,Venmo,,2
487,488,41.0,Male,Jacket,Outerwear,68,Iowa,L,Red,Winter,4.4,Yes,Store Pickup,Yes,Yes,22.0,Credit Card,Quarterly,3
488,489,58.0,Male,Sweater,Clothing,29,Maine,L,Olive,Spring,4.6,Yes,Standard,Yes,Yes,32.0,Venmo,Weekly,3
489,490,49.0,Male,Socks,Clothing,85,South Dakota,M,Green,Summer,3.2,Yes,Standard,Yes,Yes,40.0,PayPal,Annually,2
490,491,,Male,Sneakers,Footwear,42,Colorado,M,Silver,Winter,,Yes,,Yes,Yes,,Cash,,4
491,492,49.0,Male,Coat,Outerwear,69,Vermont,M,Silver,Summer,3.7,Yes,2-Day Shipping,Yes,Yes,24.0,Credit Card,Bi-Weekly,4
492,493,50.0,Male,Shirt,Clothing,62,Michigan,M,Black,Fall,3.9,Yes,Standard,Yes,Yes,11.0,Debit Card,Weekly,3
493,494,28.0,Male,Backpack,Accessories,48,Nevada,XL,Red,Summer,4.7,Yes,Store Pickup,Yes,Yes,19.0,Cash,Bi-Weekly,1
494,495,38.0,Male,Boots,Footwear,68,Indiana,M,Indigo,Winter,4.5,Yes,Express,Yes,Yes,42.0,Debit Card,Weekly,3
495,496,,Male,Handbag,Accessories,36,Michigan,XL,Cyan,Fall,,Yes,,Yes,Yes,,Debit Card,,1
496,497,30.0,Male,Dress,Clothing,63,California,S,Maroon,Fall,3.3,Yes,Express,Yes,Yes,31.0,Venmo,Fortnightly,1
497,498,43.0,Male,Sneakers,Footwear,39,Oklahoma,S,Silver,Winter,4.6,Yes,Free Shipping,Yes,Yes,31.0,Cash,Weekly,3
498,499,43.0,Male,Boots,Footwear,78,Iowa,M,Lavender,Spring,3.6,Yes,Free Shipping,Yes,Yes,27.0,Bank Transfer,Monthly,2
499,500,36.0,Male,Shoes,Footwear,99,Rhode Island,L,Silver,Winter,4.8,Yes,Express,Yes,Yes,24.0,PayPal,Monthly,1
500,501,,Male,T-shirt,Clothing,31,Washington,L,Purple,Fall,4.8,Yes,Next Day Air,Yes,Yes,35.0,Venmo,,1
501,502,,Male,Boots,Footwear,45,Florida,M,Cyan,Spring,,Yes,,Yes,Yes,,Venmo,,2
502,503,59.0,Male,Pants,Clothing,30,South Carolina,S,Cyan,Fall,2.8,Yes,Express,Yes,Yes,8.0,PayPal,Fortnightly,3
503,504,55.0,Male,Shoes,Footwear,24,West Virginia,M,Lavender,Summer,3.2,Yes,Next Day Air,Yes,Yes,26.0,Bank Transfer,Quarterly,2
504,505,42.0,Male,Shoes,Footwear,22,Missouri,M,Maroon,Winter,3.9,Yes,Free Shipping,Yes,Yes,26.0,PayPal,Annually,2
505,506,61.0,Male,T-shirt,Clothing,63,Maine,L,Gray,Spring,4.3,Yes,Express,Yes,Yes,9.0,Cash,,4
506,507,,Male,Scarf,Accessories,40,Georgia,M,Olive,Fall,2.7,Yes,2-Day Shipping,Yes,Yes,48.0,Debit Card,,4
507,508,65.0,Male,Shorts,Clothing,20,Maine,M,Magenta,Spring,5.0,Yes,Store Pickup,Yes,Yes,33.0,Debit Card,,4
508,509,27.0,Male,Jewelry,Accessories,20,Illinois,S,Yellow,Winter,3.7,Yes,Store Pickup,Yes,Yes,31.0,PayPal,Quarterly,2
509,510,41.0,Male,T-shirt,Clothing,80,Delaware,L,Cyan,Summer,3.9,Yes,Free Shipping,Yes,Yes,17.0,Debit Card,Weekly,1
510,511,21.0,Male,Shirt,Clothing,87,West Virginia,M,Teal,Fall,3.9,Yes,2-Day Shipping,Yes,Yes,22.0,Venmo,Annually,3
511,512,,Male,Shirt,Clothing,46,Hawaii,L,Yellow,Fall,,Yes,,Yes,Yes,,PayPal,,4
512,513,19.0,Male,Gloves,Accessories,49,New York,L,Peach,Winter,3.3,Yes,Next Day Air,Yes,Yes,2.0,Bank Transfer,Monthly,2
513,514,22.0,Male,Scarf,Accessories,65,New Mexico,M,Peach,Fall,3.6,Yes,Store Pickup,Yes,Yes,45.0,Venmo,Annually,1
514,515,64.0,Male,Skirt,Clothing,62,Indiana,S,Olive,Winter,4.3,Yes,Standard,Yes,Yes,47.0,PayPal,Quarterly,2
515,516,28.0,Male,Hat,Accessories,67,Kentucky,L,Charcoal,Spring,4.5,Yes,Next Day Air,Yes,Yes,7.0,Cash,Monthly,3
516,517,34.0,Male,Hoodie,Clothing,41,West Virginia,L,Indigo,Fall,2.8,Yes,2-Day Shipping,Yes,Yes,19.0,Debit Card,Bi-Weekly,3
517,518,61.0,Male,Boots,Footwear,49,North Dakota,L,Silver,Fall,2.7,Yes,Free Shipping,Yes,Yes,44.0,Cash,Every 3 Months,3
518,519,24.0,Male,Blouse,Clothing,100,Oregon,M,Beige,Fall,2.9,Yes,Next Day Air,Yes,Yes,16.0,Venmo,Every 3 Months,2
519,520,19.0,Male,Belt,Accessories,54,Minnesota,L,Blue,Summer,4.4,Yes,2-Day Shipping,Yes,Yes,17.0,Bank Transfer,Quarterly,2
520,521,51.0,Male,Sunglasses,Accessories,84,South Carolina,M,White,Spring,3.9,Yes,Free Shipping,Yes,Yes,20.0,Debit Card,Quarterly,1
521,522,36.0,Male,Shorts,Clothing,41,Vermont,L,Gold,Winter,3.5,Yes,Standard,Yes,Yes,50.0,Bank Transfer,Annually,3
522,523,65.0,Male,Gloves,Accessories,88,Minnesota,M,Blue,Spring,2.5,Yes,Store Pickup,Yes,Yes,37.0,Cash,Quarterly,3
523,524,46.0,Male,Sandals,Footwear,40,Delaware,M,Orange,Spring,4.9,Yes,Express,Yes,Yes,5.0,PayPal,Quarterly,4
524,525,59.0,Male,Shirt,Clothing,39,Pennsylvania,M,Gold,Summer,4.8,Yes,Free Shipping,Yes,Yes,44.0,PayPal,Annually,1
525,526,51.0,Male,Coat,Outerwear,37,Iowa,M,Cyan,Spring,3.2,Yes,Next Day Air,Yes,Yes,41.0,Debit Card,Monthly,3
526,527,51.0,Male,Pants,Clothing,52,New Jersey,S,Red,Winter,4.9,Yes,Standard,Yes,Yes,19.0,Cash,Monthly,2
527,528,,Male,T-shirt,Clothing,23,South Carolina,L,Yellow,Winter,,Yes,,Yes,Yes,,Bank Transfer,,2
528,529,34.0,Male,Sneakers,Footwear,88,Maryland,S,Beige,Winter,3.2,Yes,Express,Yes,Yes,40.0,Cash,,4
529,530,32.0,Male,Shorts,Clothing,84,California,M,Orange,Fall,3.7,Yes,Standard,Yes,Yes,6.0,Credit Card,Monthly,4
530,531,48.0,Male,Coat,Outerwear,37,Montana,XL,Magenta,Winter,3.2,Yes,Store Pickup,Yes,Yes,25.0,Credit Card,Bi-Weekly,3
531,532,50.0,Male,Sandals,Footwear,51,Vermont,L,Purple,Fall,3.4,Yes,Next Day Air,Yes,Yes,42.0,Cash,Weekly,2
532,533,26.0,Male,Pants,Clothing,76,Texas,L,Black,Winter,4.1,Yes,Express,Yes,Yes,35.0,Bank Transfer,,2
533,534,57.0,Male,Sandals,Footwear,60,North Carolina,L,Pink,Spring,4.5,Yes,Next Day Air,Yes,Yes,17.0,Debit Card,Weekly,1
534,535,,Male,Gloves,Accessories,72,Florida,L,Pink,Fall,,Yes,,Yes,Yes,,PayPal,,1
535,536,56.0,Male,T-shirt,Clothing,45,West Virginia,L,Maroon,Spring,3.2,Yes,Free Shipping,Yes,Yes,24.0,Bank Transfer,Weekly,1
536,537,44.0,Male,Jacket,Outerwear,84,Illinois,S,Maroon,Fall,4.4,Yes,Store Pickup,Yes,Yes,16.0,Debit Card,Every 3 Months,4
537,538,50.0,Male,Blouse,Clothing,49,Virginia,S,Turquoise,Summer,3.0,Yes,Store Pickup,Yes,Yes,14.0,Debit Card,Annually,3
538,539,,Male,Socks,Clothing,22,Virginia,XL,Green,Spring,,Yes,,Yes,Yes,,Cash,,2
539,540,49.0,Male,Coat,Outerwear,48,Wyoming,M,Violet,Winter,4.0,Yes,Store Pickup,Yes,Yes,49.0,Debit Card,Weekly,2
540,541,49.0,Male,Dress,Clothing,37,South Carolina,M,Lavender,Spring,3.1,Yes,Next Day Air,Yes,Yes,33.0,Cash,Every 3 Months,1
541,542,52.0,Male,Jacket,Outerwear,27,Connecticut,L,Gray,Fall,2.8,Yes,Next Day Air,Yes,Yes,45.0,Cash,Bi-Weekly,4
542,543,27.0,Male,Boots,Footwear,79,Illinois,XL,Teal,Spring,4.6,Yes,Next Day Air,Yes,Yes,35.0,Cash,Bi-Weekly,2
543,544,53.0,Male,Skirt,Clothing,98,Alabama,S,Red,Spring,4.3,Yes,Express,Yes,Yes,11.0,Credit Card,,3
544,545,,Male,Sandals,Footwear,64,Washington,S,Yellow,Summer,,Yes,,Yes,Yes,,Bank Transfer,,2
545,546,33.0,Male,Coat,Outerwear,32,Alabama,L,Magenta,Summer,3.5,Yes,2-Day Shipping,Yes,Yes,48.0,Debit Card,Annually,1
546,547,62.0,Male,Hoodie,Clothing,74,New Mexico,M,Brown,Winter,3.4,Yes,Free Shipping,Yes,Yes,45.0,Venmo,Bi-Weekly,4
547,548,38.0,Male,Jacket,Outerwear,50,Nevada,M,Blue,Winter,2.8,Yes,Free Shipping,Yes,Yes,26.0,Venmo,Weekly,3
548,549,36.0,Male,Backpack,Accessories,64,Nebraska,M,Black,Winter,4.6,Yes,Store Pickup,Yes,Yes,41.0,Debit Card,Every 3 Months,2
549,550,,Male,Backpack,Accessories,29,Arizona,S,Olive,Fall,3.6,Yes,Express,Yes,Yes,37.0,Venmo,,3
550,551,62.0,Male,Belt,Accessories,62,Georgia,M,Olive,Summer,3.3,Yes,Store Pickup,Yes,Yes,12.0,PayPal,Weekly,2
551,552,,Male,Coat,Outerwear,78,Idaho,XL,Green,Fall,,Yes,,Yes,Yes,,Cash,,4
552,553,24.0,Male,T-shirt,Clothing,94,Missouri,M,Peach,Fall,3.5,Yes,Express,Yes,Yes,18.0,Bank Transfer,Weekly,1
553,554,63.0,Male,Sunglasses,Accessories,59,Florida,M,White,Winter,3.2,Yes,Express,Yes,Yes,15.0,Credit Card,Quarterly,4
554,555,,Male,Sneakers,Footwear,47,Minnesota,M,Red,Summer,3.0,Yes,Express,Yes,Yes,34.0,Bank Transfer,,3
555,556,,Male,Gloves,Accessories,57,Maine,M,White,Fall,,Yes,,Yes,Yes,,Venmo,,3
556,557,40.0,Male,Coat,Outerwear,90,Montana,L,Indigo,Winter,5.0,Yes,Store Pickup,Yes,Yes,21.0,Cash,Fortnightly,3
557,558,,Male,Shirt,Clothing,60,Alaska,M,White,Spring,2.9,Yes,Free Shipping,Yes,Yes,31.0,Debit Card,,1
558,559,50.0,Male,Sneakers,Footwear,77,Iowa,L,Teal,Fall,3.2,Yes,Express,Yes,Yes,43.0,Debit Card,Every 3 Months,1
559,560,66.0,Male,Scarf,Accessories,41,Arizona,M,Indigo,Fall,2.9,Yes,Store Pickup,Yes,Yes,22.0,Bank Transfer,Monthly,3
560,561,25.0,Male,Jewelry,Accessories,48,Louisiana,L,Red,Fall,3.3,Yes,Free Shipping,Yes,Yes,12.0,Debit Card,Annually,4
561,562,,Male,Jacket,Outerwear,65,Alabama,M,Blue,Fall,2.6,Yes,Next Day Air,Yes,Yes,25.0,PayPal,,2
562,563,53.0,Male,Jeans,Clothing,62,Missouri,M,Blue,Summer,3.5,Yes,Standard,Yes,Yes,40.0,Debit Card,Annually,1
563,564,61.0,Male,Shoes,Footwear,99,Idaho,M,Black,Fall,4.4,Yes,Standard,Yes,Yes,16.0,Debit Card,Quarterly,4
564,565,,Male,Hoodie,Clothing,58,Florida,M,Olive,Winter,,Yes,,Yes,Yes,,Bank Transfer,,1
565,566,59.0,Male,Backpack,Accessories,43,Idaho,L,Lavender,Fall,4.2,Yes,Store Pickup,Yes,Yes,10.0,Venmo,Weekly,4
566,567,55.0,Male,Sneakers,Footwear,93,Alabama,M,Indigo,Spring,3.6,Yes,Store Pickup,Yes,Yes,1.0,Debit Card,Fortnightly,4
567,568,,Male,Blouse,Clothing,50,New Hampshire,S,Red,Winter,,Yes,,Yes,Yes,,Venmo,,1
568,569,,Male,Pants,Clothing,88,Utah,L,Red,Summer,,Yes,,Yes,Yes,,PayPal,,1
569,570,65.0,Male,Skirt,Clothing,33,Alabama,M,Pink,Fall,4.4,Yes,Express,Yes,Yes,46.0,Credit Card,Every 3 Months,4
570,571,65.0,Male,T-shirt,Clothing,99,Iowa,XL,Purple,Fall,4.1,Yes,Standard,Yes,Yes,20.0,Cash,,1
571,572,54.0,Male,Jacket,Outerwear,76,Kentucky,XL,Cyan,Spring,3.6,Yes,Free Shipping,Yes,Yes,37.0,Venmo,Weekly,4
572,573,56.0,Male,Scarf,Accessories,97,South Carolina,XL,Cyan,Summer,4.6,Yes,Next Day Air,Yes,Yes,26.0,Bank Transfer,,2
573,574,,Male,Pants,Clothing,68,California,M,Charcoal,Summer,,Yes,,Yes,Yes,,Credit Card,,1
574,575,54.0,Male,Sneakers,Footwear,79,Maine,L,Red,Fall,4.8,Yes,Free Shipping,Yes,Yes,20.0,Bank Transfer,Bi-Weekly,4
575,576,58.0,Male,Jeans,Clothing,86,Nebraska,M,Peach,Fall,4.8,Yes,Express,Yes,Yes,38.0,PayPal,Monthly,1
576,577,48.0,Male,Hat,Accessories,68,Washington,M,Black,Winter,5.0,Yes,2-Day Shipping,Yes,Yes,5.0,Credit Card,,3
577,578,19.0,Male,Skirt,Clothing,52,Alabama,M,Black,Fall,3.7,Yes,Store Pickup,Yes,Yes,41.0,Venmo,Annually,4
578,579,,Male,Sandals,Footwear,90,Maine,M,Purple,Fall,4.6,Yes,Next Day Air,Yes,Yes,22.0,Credit Card,,4
579,580,58.0,Male,Sandals,Footwear,41,California,M,Violet,Winter,3.7,Yes,Free Shipping,Yes,Yes,48.0,Credit Card,Annually,3
580,581,49.0,Male,Sweater,Clothing,80,Iowa,M,Orange,Spring,4.1,Yes,Free Shipping,Yes,Yes,10.0,PayPal,Weekly,1
581,582,32.0,Male,Sweater,Clothing,100,Iowa,XL,Charcoal,Winter,2.7,Yes,Store Pickup,Yes,Yes,12.0,Bank Transfer,Every 3 Months,4
582,583,40.0,Male,Jacket,Outerwear,77,Colorado,L,Turquoise,Spring,4.9,Yes,Store Pickup,Yes,Yes,2.0,Bank Transfer,Quarterly,2
583,584,25.0,Male,Shorts,Clothing,78,California,L,Yellow,Spring,4.0,Yes,Store Pickup,Yes,Yes,38.0,PayPal,Monthly,2
584,585,70.0,Male,Socks,Clothing,94,Indiana,M,White,Spring,4.7,Yes,Free Shipping,Yes,Yes,20.0,Debit Card,Monthly,2
585,586,69.0,Male,Socks,Clothing,23,South Carolina,M,Gray,Fall,2.8,Yes,Next Day Air,Yes,Yes,5.0,Cash,Every 3 Months,3
586,587,45.0,Male,Hoodie,Clothing,20,Wisconsin,S,Blue,Winter,4.9,Yes,2-Day Shipping,Yes,Yes,9.0,Venmo,Annually,1
587,588,29.0,Male,Socks,Clothing,86,Washington,S,Maroon,Fall,4.2,Yes,Express,Yes,Yes,48.0,Debit Card,Every 3 Months,3
588,589,47.0,Male,Boots,Footwear,60,South Dakota,M,Violet,Fall,3.0,Yes,Standard,Yes,Yes,9.0,Debit Card,Quarterly,3
589,590,28.0,Male,Shirt,Clothing,70,Minnesota,M,Orange,Fall,3.4,Yes,2-Day Shipping,Yes,Yes,40.0,PayPal,Annually,4
590,591,64.0,Male,Belt,Accessories,39,Alaska,S,Turquoise,Fall,4.6,Yes,Standard,Yes,Yes,30.0,Venmo,Fortnightly,2
591,592,47.0,Male,Backpack,Accessories,37,Kentucky,L,Olive,Fall,4.2,Yes,Store Pickup,Yes,Yes,6.0,Debit Card,Bi-Weekly,1
592,593,60.0,Male,Boots,Footwear,29,North Dakota,M,Brown,Fall,3.2,Yes,Free Shipping,Yes,Yes,42.0,Venmo,Every 3 Months,3
593,594,67.0,Male,Coat,Outerwear,35,Alaska,S,Green,Winter,4.4,Yes,Store Pickup,Yes,Yes,9.0,PayPal,Every 3 Months,1
594,595,,Male,Hoodie,Clothing,83,Oklahoma,S,Brown,Winter,,Yes,,Yes,Yes,,Debit Card,,3
595,596,30.0,Male,Shoes,Footwear,77,Delaware,M,Silver,Summer,3.6,Yes,Next Day Air,Yes,Yes,47.0,PayPal,Quarterly,3
596,597,23.0,Male,Shoes,Footwear,37,Montana,XL,White,Summer,4.5,Yes,Store Pickup,Yes,Yes,36.0,Venmo,,3
597,598,70.0,Male,Jewelry,Accessories,69,Alaska,L,Gold,Summer,3.4,Yes,Standard,Yes,Yes,19.0,Bank Transfer,Fortnightly,3
598,599,21.0,Male,Dress,Clothing,66,California,L,Green,Winter,3.2,Yes,2-Day Shipping,Yes,Yes,30.0,Cash,Every 3 Months,1
599,600,,Male,Boots,Footwear,26,Massachusetts,L,Teal,Spring,,Yes,,Yes,Yes,,Debit Card,,1
600,601,22.0,Male,Hat,Accessories,63,South Carolina,M,Charcoal,Spring,5.0,Yes,2-Day Shipping,Yes,Yes,25.0,Venmo,Monthly,1
601,602,32.0,Male,Backpack,Accessories,38,West Virginia,M,Maroon,Summer,4.7,Yes,Store Pickup,Yes,Yes,5.0,Cash,Fortnightly,2
602,603,,Male,Shoes,Footwear,58,Oregon,L,Lavender,Summer,4.2,Yes,Next Day Air,Yes,Yes,10.0,Cash,,2
603,604,31.0,Male,Handbag,Accessories,46,Massachusetts,L,Green,Winter,3.4,Yes,2-Day Shipping,Yes,Yes,26.0,PayPal,Every 3 Months,4
604,605,44.0,Male,Sunglasses,Accessories,92,West Virginia,S,Pink,Fall,4.4,Yes,Store Pickup,Yes,Yes,11.0,Credit Card,Every 3 Months,1
605,606,,Male,Hat,Accessories,32,California,XL,Charcoal,Winter,,Yes,,Yes,Yes,,Bank Transfer,,1
606,607,27.0,Male,Scarf,Accessories,90,Colorado,M,Blue,Spring,4.5,Yes,Standard,Yes,Yes,44.0,PayPal,Monthly,1
607,608,47.0,Male,Hoodie,Clothing,23,Indiana,L,Purple,Fall,2.8,Yes,Next Day Air,Yes,Yes,44.0,Cash,Monthly,3
608,609,41.0,Male,Backpack,Accessories,25,Delaware,S,Gold,Fall,3.3,Yes,Next Day Air,Yes,Yes,21.0,Venmo,Every 3 Months,4
609,610,51.0,Male,Sweater,Clothing,54,Ohio,L,Purple,Fall,4.6,Yes,Next Day Air,Yes,Yes,49.0,Credit Card,Fortnightly,3
610,611,53.0,Male,Shorts,Clothing,72,Oklahoma,M,Charcoal,Summer,2.5,Yes,Free Shipping,Yes,Yes,27.0,Bank Transfer,,1
611,612,43.0,Male,Scarf,Accessories,33,California,M,Black,Winter,4.7,Yes,Store Pickup,Yes,Yes,19.0,Cash,Monthly,2
612,613,67.0,Male,Hat,Accessories,43,New Hampshire,L,Lavender,Fall,4.6,Yes,Express,Yes,Yes,33.0,Credit Card,,3
613,614,61.0,Male,Coat,Outerwear,51,Pennsylvania,L,Lavender,Fall,2.6,Yes,Standard,Yes,Yes,46.0,Cash,Bi-Weekly,1
614,615,68.0,Male,Jewelry,Accessories,85,Idaho,M,Lavender,Winter,4.0,Yes,Standard,Yes,Yes,21.0,Credit Card,Bi-Weekly,4
615,616,67.0,Male,Sandals,Footwear,100,Maryland,L,Olive,Summer,2.6,Yes,Next Day Air,Yes,Yes,23.0,Venmo,Annually,3
616,617,29.0,Male,Gloves,Accessories,72,Pennsylvania,L,Teal,Spring,4.6,Yes,Free Shipping,Yes,Yes,38.0,Credit Card,Every 3 Months,1
617,618,50.0,Male,Backpack,Accessories,57,Colorado,M,Maroon,Fall,2.6,Yes,Standard,Yes,Yes,2.0,Bank Transfer,Quarterly,3
618,619,61.0,Male,Jacket,Outerwear,94,Indiana,L,Cyan,Spring,4.0,Yes,Express,Yes,Yes,21.0,Debit Card,Bi-Weekly,2
619,620,19.0,Male,Backpack,Accessories,34,Nebraska,M,Charcoal,Summer,4.6,Yes,Store Pickup,Yes,Yes,1.0,Debit Card,Every 3 Months,4
620,621,33.0,Male,Backpack,Accessories,89,Rhode Island,M,Black,Fall,3.7,Yes,2-Day Shipping,Yes,Yes,10.0,Venmo,Every 3 Months,1
621,622,,Male,Sunglasses,Accessories,27,Kansas,S,Red,Fall,4.4,Yes,Store Pickup,Yes,Yes,45.0,Credit Card,,4
622,623,69.0,Male,Socks,Clothing,63,Georgia,S,Peach,Spring,4.0,Yes,Next Day Air,Yes,Yes,44.0,Bank Transfer,Fortnightly,1
623,624,19.0,Male,Shoes,Footwear,70,Nevada,M,White,Fall,4.7,Yes,Standard,Yes,Yes,48.0,PayPal,Bi-Weekly,1
624,625,55.0,Male,Pants,Clothing,87,South Carolina,XL,Pink,Fall,3.4,Yes,Express,Yes,Yes,21.0,PayPal,Annually,1
625,626,49.0,Male,Jewelry,Accessories,79,Delaware,M,Red,Fall,4.0,Yes,Next Day Air,Yes,Yes,1.0,Venmo,Weekly,2
626,627,31.0,Male,Sunglasses,Accessories,79,New Hampshire,M,Indigo,Spring,3.9,Yes,Standard,Yes,Yes,10.0,Venmo,Annually,1
627,628,42.0,Male,Sandals,Footwear,44,Oregon,L,Black,Winter,4.1,Yes,Express,Yes,Yes,24.0,PayPal,Monthly,1
628,629,69.0,Male,Sweater,Clothing,85,Massachusetts,M,White,Fall,3.7,Yes,2-Day Shipping,Yes,Yes,29.0,Credit Card,Monthly,1
629,630,26.0,Male,Shoes,Footwear,90,Vermont,L,Beige,Spring,4.7,Yes,Standard,Yes,Yes,11.0,Debit Card,Annually,2
630,631,41.0,Male,Jewelry,Accessories,94,Mississippi,S,Silver,Fall,4.3,Yes,2-Day Shipping,Yes,Yes,33.0,Debit Card,Annually,3
631,632,55.0,Male,Boots,Footwear,68,Washington,S,Violet,Summer,4.1,Yes,Store Pickup,Yes,Yes,27.0,Cash,Fortnightly,2
632,633,35.0,Male,Backpack,Accessories,51,Wyoming,M,Red,Winter,3.9,Yes,Next Day Air,Yes,Yes,19.0,Venmo,Fortnightly,2
633,634,66.0,Male,Sandals,Footwear,33,Minnesota,M,Orange,Spring,2.9,Yes,Express,Yes,Yes,50.0,Debit Card,Quarterly,3
634,635,36.0,Male,Sneakers,Footwear,60,Ohio,M,Teal,Summer,3.9,Yes,Standard,Yes,Yes,46.0,PayPal,Weekly,4
635,636,27.0,Male,Hoodie,Clothing,59,South Carolina,M,Brown,Fall,4.3,Yes,2-Day Shipping,Yes,Yes,28.0,Cash,Quarterly,2
636,637,41.0,Male,Handbag,Accessories,30,Wisconsin,M,Indigo,Summer,2.8,Yes,Store Pickup,Yes,Yes,14.0,Bank Transfer,Every 3 Months,1
637,638,21.0,Male,Sweater,Clothing,20,Tennessee,M,Cyan,Winter,3.4,Yes,2-Day Shipping,Yes,Yes,46.0,Cash,Fortnightly,4
638,639,53.0,Male,Sandals,Footwear,20,Maryland,S,Blue,Summer,2.7,Yes,Express,Yes,Yes,41.0,PayPal,Monthly,3
639,640,54.0,Male,Dress,Clothing,24,Mississippi,L,Olive,Spring,4.0,Yes,2-Day Shipping,Yes,Yes,50.0,Credit Card,Annually,2
640,641,53.0,Male,Skirt,Clothing,88,Minnesota,M,Gray,Summer,4.4,Yes,Store Pickup,Yes,Yes,28.0,Debit Card,Fortnightly,3
641,642,47.0,Male,Blouse,Clothing,78,Alaska,M,Red,Winter,3.9,Yes,2-Day Shipping,Yes,Yes,23.0,Credit Card,Every 3 Months,1
642,643,,Male,Skirt,Clothing,25,Arkansas,L,Red,Spring,,Yes,2-Day Shipping,Yes,Yes,,Debit Card,,2
643,644,18.0,Male,Sweater,Clothing,57,Oregon,XL,Green,Winter,3.2,Yes,Next Day Air,Yes,Yes,10.0,Bank Transfer,Every 3 Months,3
644,645,68.0,Male,Backpack,Accessories,93,Louisiana,S,Blue,Summer,4.3,Yes,Next Day Air,Yes,Yes,37.0,Cash,,4
645,646,62.0,Male,Hoodie,Clothing,42,Oklahoma,S,Purple,Summer,4.2,Yes,Express,Yes,Yes,15.0,Venmo,Bi-Weekly,4
646,647,51.0,Male,Boots,Footwear,54,Indiana,XL,Pink,Spring,4.9,Yes,Standard,Yes,Yes,19.0,Venmo,Bi-Weekly,2
647,648,54.0,Male,Blouse,Clothing,70,Mississippi,XL,Charcoal,Summer,3.7,Yes,Express,Yes,Yes,23.0,Credit Card,Fortnightly,1
648,649,22.0,Male,Hoodie,Clothing,31,Michigan,M,Brown,Winter,4.1,Yes,Store Pickup,Yes,Yes,35.0,Credit Card,Weekly,1
649,650,53.0,Male,Pants,Clothing,93,Delaware,L,Orange,Spring,4.2,Yes,Store Pickup,Yes,Yes,33.0,PayPal,Every 3 Months,4
650,651,34.0,Male,Gloves,Accessories,40,Florida,M,Magenta,Spring,3.9,Yes,Next Day Air,Yes,Yes,12.0,Bank Transfer,,4
651,652,32.0,Male,Hat,Accessories,32,Arkansas,L,Yellow,Summer,2.9,Yes,Next Day Air,Yes,Yes,41.0,Venmo,Fortnightly,4
652,653,64.0,Male,Sunglasses,Accessories,27,Minnesota,M,Beige,Winter,3.1,Yes,Free Shipping,Yes,Yes,27.0,Venmo,Weekly,3
653,654,20.0,Male,Scarf,Accessories,68,North Dakota,M,Olive,Winter,3.6,Yes,2-Day Shipping,Yes,Yes,45.0,Cash,Fortnightly,3
654,655,24.0,Male,Handbag,Accessories,59,California,L,Gray,Summer,4.4,Yes,2-Day Shipping,Yes,Yes,23.0,Venmo,,2
655,656,,Male,Handbag,Accessories,36,Mississippi,S,Purple,Fall,,Yes,,Yes,Yes,,Venmo,,4
656,657,42.0,Male,Jeans,Clothing,23,Pennsylvania,M,Beige,Summer,3.9,Yes,Standard,Yes,Yes,6.0,PayPal,Quarterly,1
657,658,,Male,Jacket,Outerwear,80,Arizona,M,White,Winter,,Yes,,Yes,Yes,,PayPal,,3
658,659,62.0,Male,Backpack,Accessories,37,Louisiana,S,White,Fall,4.9,Yes,Store Pickup,Yes,Yes,20.0,Venmo,Weekly,2
659,660,62.0,Male,Shorts,Clothing,52,Virginia,S,Gold,Spring,3.6,Yes,2-Day Shipping,Yes,Yes,8.0,Cash,Weekly,4
660,661,50.0,Male,Coat,Outerwear,79,Montana,M,Olive,Fall,5.0,Yes,2-Day Shipping,Yes,Yes,39.0,Credit Card,Quarterly,2
661,662,57.0,Male,Shirt,Clothing,68,Iowa,XL,Green,Fall,4.1,Yes,Store Pickup,Yes,Yes,39.0,Credit Card,Quarterly,4
662,663,24.0,Male,Gloves,Accessories,98,Illinois,L,Magenta,Fall,2.8,Yes,Express,Yes,Yes,39.0,Venmo,Bi-Weekly,1
663,664,59.0,Male,Dress,Clothing,83,Alaska,M,Charcoal,Fall,4.7,Yes,Express,Yes,Yes,23.0,Credit Card,Monthly,2
664,665,63.0,Male,Pants,Clothing,83,Colorado,M,Indigo,Winter,4.4,Yes,Express,Yes,Yes,41.0,PayPal,Bi-Weekly,2
665,666,41.0,Male,Pants,Clothing,55,New Mexico,M,Peach,Spring,4.9,Yes,2-Day Shipping,Yes,Yes,50.0,Credit Card,,3
666,667,35.0,Male,Hoodie,Clothing,26,Colorado,L,Turquoise,Winter,3.1,Yes,Free Shipping,Yes,Yes,30.0,Debit Card,Quarterly,3
667,668,34.0,Male,Sunglasses,Accessories,76,Arizona,S,Blue,Winter,2.6,Yes,Standard,Yes,Yes,32.0,Bank Transfer,Quarterly,1
668,669,49.0,Male,T-shirt,Clothing,85,Hawaii,S,Turquoise,Fall,2.9,Yes,Express,Yes,Yes,35.0,Bank Transfer,Monthly,3
669,670,43.0,Male,Jacket,Outerwear,89,Illinois,M,Gray,Spring,3.3,Yes,Free Shipping,Yes,Yes,45.0,Venmo,Bi-Weekly,3
670,671,,Male,Sweater,Clothing,41,Louisiana,XL,Purple,Spring,,Yes,Next Day Air,Yes,Yes,,Cash,,2
671,672,38.0,Male,Jacket,Outerwear,30,Iowa,L,Black,Winter,4.7,Yes,Express,Yes,Yes,45.0,Cash,Weekly,4
672,673,59.0,Male,Socks,Clothing,53,Washington,M,Peach,Winter,3.3,Yes,2-Day Shipping,Yes,Yes,29.0,Cash,Quarterly,3
673,674,35.0,Male,Shirt,Clothing,66,Oklahoma,M,Indigo,Spring,4.2,Yes,Free Shipping,Yes,Yes,27.0,Venmo,Bi-Weekly,2
674,675,48.0,Male,Jewelry,Accessories,33,Washington,XL,Beige,Winter,4.7,Yes,Store Pickup,Yes,Yes,36.0,Bank Transfer,Annually,4
675,676,64.0,Male,Sunglasses,Accessories,86,Arkansas,M,Yellow,Spring,2.6,Yes,2-Day Shipping,Yes,Yes,9.0,Cash,Annually,4
676,677,,Male,Pants,Clothing,60,Connecticut,M,Peach,Winter,,Yes,,Yes,Yes,,Venmo,,4
677,678,60.0,Male,Socks,Clothing,62,Washington,S,Turquoise,Summer,2.7,Yes,Express,Yes,Yes,41.0,PayPal,Annually,2
678,679,27.0,Male,Blouse,Clothing,74,Maine,M,Teal,Fall,3.3,Yes,Store Pickup,Yes,Yes,25.0,Debit Card,,2
679,680,56.0,Male,Sandals,Footwear,95,Michigan,M,Turquoise,Fall,3.4,Yes,Express,Yes,Yes,37.0,Venmo,,4
680,681,58.0,Male,Sneakers,Footwear,25,Tennessee,M,Magenta,Spring,4.2,Yes,Express,Yes,Yes,3.0,PayPal,,4
681,682,30.0,Male,Shirt,Clothing,59,Louisiana,XL,Purple,Winter,3.8,Yes,2-Day Shipping,Yes,Yes,24.0,Credit Card,Every 3 Months,3
682,683,,Male,Jacket,Outerwear,29,Missouri,M,Brown,Summer,,Yes,Standard,Yes,Yes,,Credit Card,,2
683,684,33.0,Male,Sandals,Footwear,36,Michigan,S,Violet,Winter,2.7,Yes,Free Shipping,Yes,Yes,3.0,Bank Transfer,Monthly,2
684,685,63.0,Male,Hat,Accessories,82,Alabama,M,Yellow,Summer,4.7,Yes,Express,Yes,Yes,42.0,Debit Card,Monthly,1
685,686,70.0,Male,Blouse,Clothing,71,Massachusetts,XL,Magenta,Winter,3.5,Yes,Standard,Yes,Yes,32.0,Cash,Fortnightly,3
686,687,70.0,Male,Sweater,Clothing,35,Indiana,L,Beige,Fall,3.0,Yes,2-Day Shipping,Yes,Yes,33.0,Venmo,Fortnightly,3
687,688,19.0,Male,Gloves,Accessories,38,West Virginia,XL,Turquoise,Winter,3.3,Yes,Free Shipping,Yes,Yes,46.0,Bank Transfer,Quarterly,1
688,689,25.0,Male,Scarf,Accessories,59,Michigan,S,Peach,Summer,4.7,Yes,Store Pickup,Yes,Yes,44.0,Venmo,Monthly,4
689,690,19.0,Male,Hoodie,Clothing,91,Pennsylvania,M,Orange,Summer,4.7,Yes,Express,Yes,Yes,35.0,Credit Card,Every 3 Months,1
690,691,25.0,Male,Shorts,Clothing,68,Alaska,XL,Red,Spring,4.8,Yes,Standard,Yes,Yes,45.0,Bank Transfer,Weekly,1
691,692,60.0,Male,Backpack,Accessories,21,Massachusetts,L,Silver,Summer,2.9,Yes,Standard,Yes,Yes,37.0,PayPal,,4
692,693,35.0,Male,Sunglasses,Accessories,95,North Dakota,M,Cyan,Spring,4.0,Yes,2-Day Shipping,Yes,Yes,40.0,Debit Card,Every 3 Months,2
693,694,,Male,Shorts,Clothing,52,Vermont,L,Turquoise,Spring,,Yes,Free Shipping,Yes,Yes,,Cash,,2
694,695,41.0,Male,Dress,Clothing,21,Kentucky,S,Charcoal,Fall,3.5,Yes,2-Day Shipping,Yes,Yes,38.0,Venmo,Every 3 Months,4
695,696,30.0,Male,Shorts,Clothing,67,Nevada,XL,Peach,Summer,3.7,Yes,Next Day Air,Yes,Yes,15.0,Debit Card,Every 3 Months,1
696,697,44.0,Male,Belt,Accessories,42,Utah,L,Green,Fall,2.8,Yes,Standard,Yes,Yes,49.0,Cash,Monthly,1
697,698,61.0,Male,Scarf,Accessories,63,North Dakota,XL,Brown,Summer,4.6,Yes,Free Shipping,Yes,Yes,40.0,Debit Card,Quarterly,1
698,699,55.0,Male,Boots,Footwear,41,Iowa,M,Yellow,Winter,3.8,Yes,Standard,Yes,Yes,40.0,Debit Card,Weekly,2
699,700,50.0,Male,Handbag,Accessories,46,Connecticut,M,Charcoal,Fall,2.6,Yes,2-Day Shipping,Yes,Yes,5.0,PayPal,Weekly,1
700,701,57.0,Male,Pants,Clothing,79,Wisconsin,L,Olive,Winter,4.1,Yes,Standard,Yes,Yes,5.0,PayPal,,1
701,702,51.0,Male,Boots,Footwear,90,Idaho,L,Red,Fall,3.3,Yes,Next Day Air,Yes,Yes,5.0,Debit Card,Every 3 Months,3
702,703,18.0,Male,Shirt,Clothing,71,Montana,M,White,Winter,3.4,Yes,Store Pickup,Yes,Yes,1.0,Cash,Weekly,2
703,704,63.0,Male,Dress,Clothing,87,Connecticut,L,Pink,Summer,3.0,Yes,Standard,Yes,Yes,21.0,Venmo,Weekly,2
704,705,34.0,Male,Hoodie,Clothing,66,Idaho,S,Black,Spring,3.2,Yes,Express,Yes,Yes,18.0,PayPal,Annually,1
705,706,,Male,Pants,Clothing,90,Arkansas,XL,Indigo,Summer,,Yes,,Yes,Yes,,Cash,,2
706,707,46.0,Male,Jeans,Clothing,47,Iowa,L,Turquoise,Summer,4.8,Yes,Express,Yes,Yes,27.0,Debit Card,Weekly,1
707,708,59.0,Male,Shirt,Clothing,38,Louisiana,L,Purple,Spring,3.7,Yes,Next Day Air,Yes,Yes,21.0,Venmo,Annually,4
708,709,37.0,Male,Backpack,Accessories,50,Kentucky,L,Beige,Summer,3.4,Yes,Store Pickup,Yes,Yes,19.0,Cash,Fortnightly,3
709,710,49.0,Male,Jacket,Outerwear,79,Massachusetts,L,Charcoal,Summer,4.6,Yes,Standard,Yes,Yes,23.0,Debit Card,Monthly,3
710,711,22.0,Male,Scarf,Accessories,91,Virginia,L,Turquoise,Spring,4.1,Yes,Standard,Yes,Yes,26.0,PayPal,Fortnightly,1
711,712,64.0,Male,Boots,Footwear,60,New Hampshire,M,Maroon,Spring,3.5,Yes,2-Day Shipping,Yes,Yes,13.0,Bank Transfer,Bi-Weekly,1
712,713,,Male,Blouse,Clothing,81,New Hampshire,XL,Black,Summer,3.8,Yes,Next Day Air,Yes,Yes,36.0,Bank Transfer,,3
713,714,37.0,Male,Hoodie,Clothing,90,Oregon,M,Lavender,Summer,2.6,Yes,Express,Yes,Yes,39.0,Bank Transfer,Bi-Weekly,3
714,715,26.0,Male,Jacket,Outerwear,70,South Dakota,M,Magenta,Fall,4.4,Yes,Store Pickup,Yes,Yes,40.0,Debit Card,Fortnightly,3
715,716,33.0,Male,Jeans,Clothing,63,Delaware,L,Green,Spring,2.6,Yes,Express,Yes,Yes,37.0,Debit Card,Quarterly,3
716,717,30.0,Male,Jewelry,Accessories,29,Missouri,M,Olive,Spring,3.6,Yes,Express,Yes,Yes,9.0,Venmo,Bi-Weekly,4
717,718,21.0,Male,Socks,Clothing,90,Alaska,L,Green,Spring,4.2,Yes,Express,Yes,Yes,7.0,Venmo,Every 3 Months,4
718,719,,Male,Shirt,Clothing,22,Florida,M,Peach,Summer,,Yes,,Yes,Yes,,Bank Transfer,,2
719,720,63.0,Male,Shorts,Clothing,22,Mississippi,L,Turquoise,Summer,3.3,Yes,Next Day Air,Yes,Yes,42.0,Venmo,Bi-Weekly,2
720,721,,Male,Jewelry,Accessories,62,New Mexico,L,Orange,Fall,,Yes,,Yes,Yes,,Debit Card,,3
721,722,,Male,Blouse,Clothing,57,California,L,Silver,Summer,,Yes,,Yes,Yes,,Debit Card,,3
722,723,27.0,Male,Sweater,Clothing,32,Wyoming,S,Blue,Summer,4.3,Yes,Store Pickup,Yes,Yes,50.0,Cash,Bi-Weekly,1
723,724,35.0,Male,Jewelry,Accessories,53,Missouri,L,Cyan,Fall,3.5,Yes,Express,Yes,Yes,43.0,PayPal,Monthly,1
724,725,37.0,Male,T-shirt,Clothing,79,New Hampshire,XL,Green,Fall,4.7,Yes,Store Pickup,Yes,Yes,36.0,Venmo,Every 3 Months,3
725,726,61.0,Male,Hat,Accessories,61,Texas,L,Silver,Winter,3.1,Yes,Standard,Yes,Yes,33.0,Debit Card,Fortnightly,2
726,727,32.0,Male,Shorts,Clothing,78,North Dakota,L,Yellow,Summer,3.6,Yes,Next Day Air,Yes,Yes,20.0,Bank Transfer,Every 3 Months,1
727,728,62.0,Male,Sweater,Clothing,97,Arkansas,S,Gray,Winter,4.8,Yes,Next Day Air,Yes,Yes,37.0,Venmo,,4
728,729,29.0,Male,Jeans,Clothing,78,Nebraska,M,Pink,Winter,3.7,Yes,Next Day Air,Yes,Yes,12.0,PayPal,Every 3 Months,4
729,730,41.0,Male,Sunglasses,Accessories,56,Minnesota,L,Beige,Summer,3.2,Yes,Express,Yes,Yes,46.0,PayPal,Every 3 Months,3
730,731,48.0,Male,Boots,Footwear,25,Massachusetts,M,Indigo,Summer,3.9,Yes,Standard,Yes,Yes,28.0,Venmo,Fortnightly,3
731,732,43.0,Male,Coat,Outerwear,28,Arkansas,M,Red,Spring,3.5,Yes,Free Shipping,Yes,Yes,30.0,PayPal,Fortnightly,3
732,733,34.0,Male,Shirt,Clothing,57,New Hampshire,L,Blue,Spring,2.8,Yes,Express,Yes,Yes,28.0,Cash,Bi-Weekly,3
733,734,,Male,Dress,Clothing,36,Rhode Island,L,Cyan,Fall,,Yes,,Yes,Yes,,Debit Card,,4
734,735,65.0,Male,Shirt,Clothing,69,New Jersey,S,Violet,Winter,3.1,Yes,Express,Yes,Yes,39.0,Bank Transfer,,1
735,736,61.0,Male,Sunglasses,Accessories,48,Montana,M,Orange,Fall,3.6,Yes,2-Day Shipping,Yes,Yes,48.0,Cash,Bi-Weekly,3
736,737,,Male,Dress,Clothing,58,Colorado,L,Maroon,Spring,2.9,Yes,2-Day Shipping,Yes,Yes,32.0,Credit Card,,1
737,738,47.0,Male,Sunglasses,Accessories,24,Nebraska,M,Teal,Spring,3.6,Yes,Store Pickup,Yes,Yes,28.0,PayPal,Annually,1
738,739,56.0,Male,Sunglasses,Accessories,31,Minnesota,L,Orange,Winter,3.5,Yes,2-Day Shipping,Yes,Yes,27.0,Venmo,Quarterly,3
739,740,64.0,Male,Shorts,Clothing,29,Minnesota,S,Purple,Summer,3.5,Yes,Free Shipping,Yes,Yes,26.0,Venmo,Bi-Weekly,2
740,741,26.0,Male,Jeans,Clothing,69,South Dakota,M,Orange,Summer,2.8,Yes,Next Day Air,Yes,Yes,22.0,Credit Card,Fortnightly,2
741,742,22.0,Male,T-shirt,Clothing,79,West Virginia,XL,Yellow,Summer,4.7,Yes,Free Shipping,Yes,Yes,23.0,Bank Transfer,Every 3 Months,2
742,743,64.0,Male,Pants,Clothing,39,Nevada,M,Charcoal,Summer,3.1,Yes,Express,Yes,Yes,21.0,Debit Card,Quarterly,2
743,744,21.0,Male,Sunglasses,Accessories,84,North Carolina,L,Gray,Fall,4.9,Yes,Free Shipping,Yes,Yes,36.0,Cash,Weekly,1
744,745,,Male,Boots,Footwear,66,Illinois,S,Charcoal,Spring,,Yes,,Yes,Yes,,Debit Card,,3
745,746,46.0,Male,T-shirt,Clothing,92,Michigan,L,Orange,Fall,4.7,Yes,Standard,Yes,Yes,4.0,Venmo,Monthly,4
746,747,,Male,Sandals,Footwear,45,Michigan,M,Red,Winter,,Yes,,Yes,Yes,,Credit Card,,4
747,748,51.0,Male,Shorts,Clothing,74,Oklahoma,L,Gold,Spring,4.4,Yes,Next Day Air,Yes,Yes,13.0,Bank Transfer,Weekly,4
748,749,35.0,Male,Hat,Accessories,39,South Dakota,L,Brown,Fall,3.9,Yes,Free Shipping,Yes,Yes,8.0,Bank Transfer,Quarterly,4
749,750,56.0,Male,Scarf,Accessories,71,Oklahoma,M,Olive,Winter,3.7,Yes,Standard,Yes,Yes,11.0,Debit Card,Quarterly,3
750,751,25.0,Male,T-shirt,Clothing,95,Maryland,L,Violet,Fall,3.4,Yes,Free Shipping,Yes,Yes,5.0,Venmo,Annually,4
751,752,65.0,Male,Gloves,Accessories,72,Ohio,L,Indigo,Fall,4.8,Yes,Free Shipping,Yes,Yes,1.0,Credit Card,Monthly,1
752,753,,Male,Scarf,Accessories,85,Ohio,L,Yellow,Fall,,Yes,,Yes,Yes,,PayPal,,4
753,754,47.0,Male,Boots,Footwear,54,Massachusetts,M,Teal,Fall,3.4,Yes,Store Pickup,Yes,Yes,27.0,Venmo,Quarterly,3
754,755,36.0,Male,Gloves,Accessories,41,North Carolina,L,Pink,Spring,2.9,Yes,Store Pickup,Yes,Yes,3.0,Debit Card,Quarterly,3
755,756,,Male,Coat,Outerwear,24,Florida,M,Violet,Spring,,Yes,,Yes,Yes,,PayPal,,1
756,757,62.0,Male,Belt,Accessories,99,Montana,S,Orange,Summer,4.8,Yes,Standard,Yes,Yes,24.0,Cash,Fortnightly,1
757,758,41.0,Male,Hoodie,Clothing,32,Minnesota,M,Red,Fall,3.8,Yes,Store Pickup,Yes,Yes,18.0,Debit Card,Quarterly,2
758,759,66.0,Male,Shoes,Footwear,71,Massachusetts,L,Peach,Summer,4.6,Yes,2-Day Shipping,Yes,Yes,39.0,Bank Transfer,Every 3 Months,4
759,760,51.0,Male,Dress,Clothing,49,Rhode Island,XL,Green,Winter,2.6,Yes,Next Day Air,Yes,Yes,25.0,Credit Card,,3
760,761,33.0,Male,Gloves,Accessories,50,Minnesota,XL,Violet,Fall,3.4,Yes,Free Shipping,Yes,Yes,6.0,Cash,Annually,1
761,762,,Male,Jewelry,Accessories,91,Nevada,L,Yellow,Fall,,Yes,,Yes,Yes,,Bank Transfer,,1
762,763,45.0,Male,Belt,Accessories,46,New Mexico,M,Pink,Fall,3.9,Yes,Standard,Yes,Yes,43.0,Debit Card,Fortnightly,4
763,764,61.0,Male,Sweater,Clothing,50,North Carolina,M,Brown,Spring,2.9,Yes,2-Day Shipping,Yes,Yes,6.0,Credit Card,Monthly,3
764,765,,Male,Skirt,Clothing,39,Virginia,XL,Silver,Fall,4.2,Yes,Free Shipping,Yes,Yes,6.0,Debit Card,,3
765,766,54.0,Male,Sneakers,Footwear,99,Alaska,M,Pink,Summer,3.0,Yes,Store Pickup,Yes,Yes,13.0,Cash,Quarterly,3
766,767,57.0,Male,Gloves,Accessories,48,Nevada,M,Cyan,Winter,3.6,Yes,Next Day Air,Yes,Yes,13.0,PayPal,Monthly,4
767,768,27.0,Male,Coat,Outerwear,77,Pennsylvania,M,Brown,Fall,2.5,Yes,Next Day Air,Yes,Yes,11.0,Cash,Annually,1
768,769,64.0,Male,Backpack,Accessories,95,Illinois,XL,Red,Spring,2.6,Yes,Express,Yes,Yes,45.0,Venmo,Weekly,1
769,770,52.0,Male,Socks,Clothing,100,Delaware,M,Silver,Spring,4.3,Yes,Store Pickup,Yes,Yes,8.0,PayPal,Monthly,1
770,771,19.0,Male,Sneakers,Footwear,54,Vermont,M,Gray,Spring,3.3,Yes,Express,Yes,Yes,8.0,Credit Card,Annually,3
771,772,22.0,Male,Sweater,Clothing,68,Hawaii,L,Cyan,Fall,2.6,Yes,Next Day Air,Yes,Yes,34.0,Bank Transfer,Fortnightly,3
772,773,18.0,Male,Jeans,Clothing,22,Illinois,L,Teal,Fall,3.6,Yes,Free Shipping,Yes,Yes,40.0,Debit Card,Bi-Weekly,3
773,774,29.0,Male,Hat,Accessories,84,California,L,Indigo,Winter,2.6,Yes,Express,Yes,Yes,14.0,Debit Card,Bi-Weekly,2
774,775,42.0,Male,Hat,Accessories,46,Nevada,M,Yellow,Summer,3.5,Yes,Standard,Yes,Yes,11.0,Credit Card,Quarterly,2
775,776,49.0,Male,Handbag,Accessories,53,Kentucky,S,Gold,Winter,3.0,Yes,Store Pickup,Yes,Yes,8.0,PayPal,Monthly,1
776,777,,Male,Shirt,Clothing,60,Alabama,M,Maroon,Spring,5.0,Yes,Standard,Yes,Yes,8.0,Venmo,,3
777,778,55.0,Male,Socks,Clothing,32,Wyoming,XL,Silver,Spring,2.5,Yes,Express,Yes,Yes,37.0,Venmo,Weekly,3
778,779,29.0,Male,Socks,Clothing,50,Massachusetts,M,Yellow,Summer,2.9,Yes,Store Pickup,Yes,Yes,23.0,Debit Card,Annually,2
779,780,60.0,Male,Dress,Clothing,94,Utah,M,Blue,Spring,4.6,Yes,Express,Yes,Yes,38.0,Cash,Annually,1
780,781,34.0,Male,Shoes,Footwear,26,New York,M,Turquoise,Spring,3.6,Yes,Free Shipping,Yes,Yes,38.0,Cash,Quarterly,3
781,782,30.0,Male,Scarf,Accessories,44,Vermont,L,Indigo,Winter,3.0,Yes,Store Pickup,Yes,Yes,12.0,Credit Card,,4
782,783,28.0,Male,Hoodie,Clothing,57,Hawaii,M,Green,Summer,4.5,Yes,Standard,Yes,Yes,15.0,Cash,Weekly,3
783,784,63.0,Male,T-shirt,Clothing,65,Louisiana,L,Purple,Winter,4.5,Yes,Next Day Air,Yes,Yes,38.0,PayPal,Fortnightly,3
784,785,31.0,Male,Jeans,Clothing,72,Alabama,M,Peach,Winter,3.2,Yes,Store Pickup,Yes,Yes,41.0,Bank Transfer,Every 3 Months,1
785,786,,Male,Shorts,Clothing,62,Louisiana,S,Purple,Spring,,Yes,,Yes,Yes,,PayPal,,4
786,787,70.0,Male,Hat,Accessories,21,Indiana,S,Teal,Winter,4.8,Yes,Express,Yes,Yes,16.0,Bank Transfer,Every 3 Months,3
787,788,,Male,Handbag,Accessories,85,Michigan,S,Green,Spring,,Yes,,Yes,Yes,,Venmo,,4
788,789,50.0,Male,Pants,Clothing,51,Rhode Island,XL,Yellow,Summer,3.8,Yes,Store Pickup,Yes,Yes,18.0,Bank Transfer,Quarterly,4
789,790,33.0,Male,Handbag,Accessories,84,Idaho,S,Purple,Fall,2.7,Yes,Standard,Yes,Yes,4.0,Credit Card,Bi-Weekly,2
790,791,22.0,Male,Sweater,Clothing,37,Louisiana,M,Indigo,Summer,4.9,Yes,Store Pickup,Yes,Yes,12.0,Bank Transfer,,1
791,792,50.0,Male,Scarf,Accessories,44,North Carolina,S,Magenta,Summer,3.1,Yes,2-Day Shipping,Yes,Yes,35.0,PayPal,Fortnightly,2
792,793,34.0,Male,Sneakers,Footwear,45,New Jersey,M,Violet,Spring,4.2,Yes,Next Day Air,Yes,Yes,45.0,Venmo,Weekly,2
793,794,24.0,Male,Pants,Clothing,35,Alabama,L,Maroon,Summer,3.8,Yes,Free Shipping,Yes,Yes,16.0,Credit Card,Monthly,1
794,795,69.0,Male,Backpack,Accessories,50,Kentucky,XL,Yellow,Winter,4.2,Yes,Store Pickup,Yes,Yes,10.0,Debit Card,,2
795,796,39.0,Male,Sandals,Footwear,26,New York,M,Beige,Summer,4.6,Yes,Store Pickup,Yes,Yes,34.0,Venmo,Annually,4
796,797,42.0,Male,Socks,Clothing,78,Arizona,XL,Black,Fall,4.0,Yes,2-Day Shipping,Yes,Yes,43.0,Credit Card,Annually,1
797,798,42.0,Male,Coat,Outerwear,82,Maryland,M,Violet,Fall,4.0,Yes,2-Day Shipping,Yes,Yes,38.0,Debit Card,Weekly,2
798,799,,Male,Socks,Clothing,39,Alaska,M,Violet,Spring,,Yes,,Yes,Yes,,PayPal,,3
799,800,55.0,Male,Belt,Accessories,55,Nevada,L,Brown,Summer,3.3,Yes,Free Shipping,Yes,Yes,31.0,PayPal,Annually,1
800,801,32.0,Male,Socks,Clothing,20,Utah,S,Gold,Summer,2.6,Yes,Free Shipping,Yes,Yes,20.0,Cash,Every 3 Months,2
801,802,25.0,Male,Belt,Accessories,29,New Mexico,L,Blue,Fall,4.9,Yes,Express,Yes,Yes,12.0,Credit Card,Fortnightly,4
802,803,,Male,Pants,Clothing,41,Delaware,M,Teal,Winter,3.5,Yes,Next Day Air,Yes,Yes,2.0,Bank Transfer,,1
803,804,,Male,Shorts,Clothing,38,Connecticut,L,Silver,Winter,,Yes,,Yes,Yes,,Venmo,,4
804,805,43.0,Male,Boots,Footwear,47,Mississippi,M,Maroon,Summer,2.6,Yes,Store Pickup,Yes,Yes,28.0,Venmo,Quarterly,3
805,806,,Male,Dress,Clothing,30,Connecticut,L,White,Summer,3.7,Yes,Next Day Air,Yes,Yes,40.0,Debit Card,,1
806,807,56.0,Male,Jeans,Clothing,56,Florida,L,Charcoal,Summer,2.7,Yes,Standard,Yes,Yes,46.0,PayPal,Quarterly,1
807,808,,Male,T-shirt,Clothing,89,New York,S,Brown,Winter,3.3,Yes,Express,Yes,Yes,15.0,Credit Card,,2
808,809,46.0,Male,Shoes,Footwear,96,Wisconsin,L,Lavender,Fall,4.6,Yes,Next Day Air,Yes,Yes,38.0,Cash,Every 3 Months,3
809,810,,Male,Boots,Footwear,81,South Carolina,M,Violet,Fall,4.9,Yes,Next Day Air,Yes,Yes,30.0,PayPal,,4
810,811,,Male,Scarf,Accessories,83,South Dakota,S,Lavender,Fall,,Yes,,Yes,Yes,,Debit Card,,1
811,812,,Male,Sneakers,Footwear,35,Illinois,M,Green,Winter,,Yes,,Yes,Yes,,Venmo,,4
812,813,,Male,Boots,Footwear,56,Alaska,M,Olive,Summer,,Yes,Standard,Yes,Yes,,Credit Card,,1
813,814,54.0,Male,Handbag,Accessories,45,Montana,S,Olive,Summer,2.9,Yes,Store Pickup,Yes,Yes,14.0,Debit Card,Annually,4
814,815,31.0,Male,Shirt,Clothing,62,Minnesota,M,Pink,Winter,3.8,Yes,Express,Yes,Yes,8.0,PayPal,Monthly,2
815,816,30.0,Male,Hat,Accessories,84,West Virginia,L,Teal,Spring,3.0,Yes,Next Day Air,Yes,Yes,27.0,Venmo,Bi-Weekly,1
816,817,,Male,Sweater,Clothing,24,Illinois,L,Cyan,Summer,,Yes,Store Pickup,Yes,Yes,,Debit Card,,2
817,818,,Male,Handbag,Accessories,21,Nevada,S,Gray,Spring,,Yes,,Yes,Yes,,PayPal,,1
818,819,,Male,Shirt,Clothing,91,Idaho,M,Peach,Winter,,Yes,Store Pickup,Yes,Yes,,Debit Card,,1
819,820,55.0,Male,Sunglasses,Accessories,36,Colorado,S,Teal,Winter,4.8,Yes,Next Day Air,Yes,Yes,28.0,Debit Card,Quarterly,2
820,821,56.0,Male,Sneakers,Footwear,39,Louisiana,M,Turquoise,Spring,2.5,Yes,2-Day Shipping,Yes,Yes,27.0,Debit Card,Monthly,4
821,822,62.0,Male,Hoodie,Clothing,39,Vermont,M,Green,Spring,3.9,Yes,Standard,Yes,Yes,31.0,Credit Card,Bi-Weekly,1
822,823,35.0,Male,Shirt,Clothing,59,Mississippi,L,Magenta,Winter,3.4,Yes,Standard,Yes,Yes,23.0,Bank Transfer,Annually,4
823,824,51.0,Male,Sunglasses,Accessories,27,Georgia,M,Green,Winter,2.5,Yes,Free Shipping,Yes,Yes,11.0,Credit Card,Quarterly,1
824,825,61.0,Male,Blouse,Clothing,94,Georgia,M,White,Spring,3.0,Yes,Store Pickup,Yes,Yes,48.0,Cash,Quarterly,1
825,826,27.0,Male,Belt,Accessories,94,Nebraska,XL,Brown,Fall,3.6,Yes,Next Day Air,Yes,Yes,17.0,Cash,Monthly,2
826,827,54.0,Male,Dress,Clothing,94,Massachusetts,M,Purple,Winter,3.6,Yes,Standard,Yes,Yes,36.0,PayPal,Weekly,2
827,828,31.0,Male,Shoes,Footwear,51,Colorado,S,Green,Fall,4.1,Yes,Free Shipping,Yes,Yes,33.0,Bank Transfer,Fortnightly,2
828,829,24.0,Male,Socks,Clothing,62,Nevada,M,Peach,Fall,3.7,Yes,2-Day Shipping,Yes,Yes,27.0,PayPal,Bi-Weekly,4
829,830,,Male,Socks,Clothing,57,Idaho,S,Silver,Spring,3.1,Yes,2-Day Shipping,Yes,Yes,14.0,Credit Card,,2
830,831,41.0,Male,Shorts,Clothing,76,Wyoming,M,Maroon,Fall,4.2,Yes,Express,Yes,Yes,5.0,Credit Card,Annually,1
831,832,,Male,Gloves,Accessories,63,Washington,M,Red,Summer,4.3,Yes,Express,Yes,Yes,47.0,Cash,,4
832,833,58.0,Male,Jacket,Outerwear,80,California,L,Blue,Fall,2.5,Yes,Express,Yes,Yes,28.0,Cash,Bi-Weekly,3
833,834,43.0,Male,Handbag,Accessories,68,Oklahoma,M,Purple,Fall,3.5,Yes,Standard,Yes,Yes,11.0,Credit Card,Annually,1
834,835,52.0,Male,Backpack,Accessories,89,Nevada,M,Indigo,Summer,3.1,Yes,Free Shipping,Yes,Yes,18.0,Credit Card,Weekly,1
835,836,35.0,Male,Boots,Footwear,26,Maryland,L,Indigo,Summer,2.5,Yes,Next Day Air,Yes,Yes,21.0,Debit Card,Weekly,4
836,837,23.0,Male,Gloves,Accessories,90,West Virginia,L,Violet,Winter,3.9,Yes,Store Pickup,Yes,Yes,22.0,Cash,Bi-Weekly,2
837,838,25.0,Male,Hoodie,Clothing,28,Illinois,L,Brown,Spring,4.9,Yes,Express,Yes,Yes,33.0,Cash,Every 3 Months,4
838,839,33.0,Male,Coat,Outerwear,29,Kentucky,M,Gray,Spring,4.3,Yes,Express,Yes,Yes,49.0,Credit Card,,1
839,840,,Male,Shirt,Clothing,31,Illinois,L,Teal,Spring,,Yes,,Yes,Yes,,Debit Card,,3
840,841,42.0,Male,Shirt,Clothing,24,Alabama,L,Teal,Summer,4.2,Yes,2-Day Shipping,Yes,Yes,18.0,PayPal,Weekly,4
841,842,55.0,Male,Sweater,Clothing,88,Texas,M,Beige,Summer,2.6,Yes,Store Pickup,Yes,Yes,28.0,PayPal,Fortnightly,2
842,843,,Male,Shirt,Clothing,87,Missouri,M,Violet,Spring,3.6,Yes,Express,Yes,Yes,,PayPal,,4
843,844,65.0,Male,Hoodie,Clothing,80,Pennsylvania,S,Beige,Summer,3.2,Yes,Express,Yes,Yes,6.0,PayPal,Weekly,3
844,845,59.0,Male,Sandals,Footwear,48,Missouri,L,Purple,Winter,4.4,Yes,Express,Yes,Yes,44.0,Venmo,Bi-Weekly,1
845,846,31.0,Male,Belt,Accessories,21,Michigan,XL,Charcoal,Winter,3.7,Yes,Standard,Yes,Yes,30.0,Venmo,Monthly,4
846,847,49.0,Male,Boots,Footwear,72,Kentucky,M,Pink,Spring,3.7,Yes,Express,Yes,Yes,42.0,Debit Card,Quarterly,2
847,848,53.0,Male,Hoodie,Clothing,44,New Jersey,L,Blue,Fall,4.1,Yes,Standard,Yes,Yes,30.0,PayPal,,4
848,849,48.0,Male,Sandals,Footwear,73,Delaware,M,Lavender,Fall,3.6,Yes,Store Pickup,Yes,Yes,33.0,Credit Card,Bi-Weekly,4
849,850,23.0,Male,Jeans,Clothing,61,Missouri,S,Charcoal,Spring,4.3,Yes,Express,Yes,Yes,24.0,PayPal,Quarterly,4
850,851,68.0,Male,Shoes,Footwear,20,Connecticut,L,Turquoise,Winter,2.6,Yes,Store Pickup,Yes,Yes,13.0,Venmo,Monthly,1
851,852,35.0,Male,Sandals,Footwear,86,Massachusetts,M,Red,Summer,2.9,Yes,Express,Yes,Yes,19.0,Debit Card,Monthly,1
852,853,34.0,Male,Dress,Clothing,60,Florida,L,Yellow,Spring,4.2,Yes,Next Day Air,Yes,Yes,23.0,Debit Card,Every 3 Months,2
853,854,62.0,Male,Hat,Accessories,43,Delaware,L,Orange,Winter,4.0,Yes,Free Shipping,Yes,Yes,35.0,Cash,Monthly,3
854,855,21.0,Male,Pants,Clothing,44,California,L,Blue,Spring,4.3,Yes,Free Shipping,Yes,Yes,22.0,Venmo,Monthly,1
855,856,70.0,Male,Socks,Clothing,76,Oregon,L,Gold,Spring,3.0,Yes,2-Day Shipping,Yes,Yes,14.0,Credit Card,Quarterly,3
856,857,55.0,Male,Shirt,Clothing,33,Alaska,M,Gold,Summer,3.5,Yes,Express,Yes,Yes,47.0,Debit Card,Fortnightly,1
857,858,,Male,Shorts,Clothing,60,Missouri,L,Cyan,Fall,,Yes,,Yes,Yes,,Debit Card,,3
858,859,19.0,Male,Jacket,Outerwear,26,Oklahoma,L,Olive,Fall,3.1,Yes,Free Shipping,Yes,Yes,33.0,PayPal,Weekly,3
859,860,47.0,Male,Hoodie,Clothing,73,Wisconsin,M,Teal,Winter,4.0,Yes,Next Day Air,Yes,Yes,7.0,Debit Card,Monthly,2
860,861,26.0,Male,Shoes,Footwear,87,South Carolina,M,Maroon,Spring,4.1,Yes,Standard,Yes,Yes,3.0,Cash,Monthly,4
861,862,46.0,Male,Skirt,Clothing,100,Virginia,XL,Green,Spring,3.3,Yes,2-Day Shipping,Yes,Yes,35.0,Credit Card,Every 3 Months,1
862,863,19.0,Male,Coat,Outerwear,84,Arkansas,M,Charcoal,Winter,4.9,Yes,Standard,Yes,Yes,13.0,PayPal,,2
863,864,49.0,Male,Sneakers,Footwear,41,Vermont,M,Cyan,Summer,3.9,Yes,Standard,Yes,Yes,42.0,PayPal,Fortnightly,4
864,865,,Male,Jeans,Clothing,59,Kentucky,S,Charcoal,Winter,,Yes,,Yes,Yes,,PayPal,,2
865,866,64.0,Male,Blouse,Clothing,26,Colorado,L,Charcoal,Winter,4.8,Yes,Store Pickup,Yes,Yes,23.0,Venmo,Annually,3
866,867,67.0,Male,Sunglasses,Accessories,69,New Mexico,M,Lavender,Summer,2.7,Yes,Free Shipping,Yes,Yes,11.0,PayPal,Bi-Weekly,3
867,868,37.0,Male,Jacket,Outerwear,20,Colorado,M,Turquoise,Spring,3.1,Yes,Free Shipping,Yes,Yes,23.0,Bank Transfer,Fortnightly,4
868,869,40.0,Male,Dress,Clothing,83,North Carolina,M,Green,Summer,3.2,Yes,Next Day Air,Yes,Yes,2.0,Credit Card,Every 3 Months,2
869,870,,Male,Hat,Accessories,54,New Hampshire,M,Silver,Spring,,Yes,,Yes,Yes,,PayPal,,2
870,871,66.0,Male,Hoodie,Clothing,66,West Virginia,M,Blue,Fall,2.5,Yes,Standard,Yes,Yes,6.0,Bank Transfer,Bi-Weekly,1
871,872,,Male,Handbag,Accessories,42,Hawaii,M,Charcoal,Spring,,Yes,,Yes,Yes,,Debit Card,,4
872,873,56.0,Male,Jeans,Clothing,33,North Dakota,M,Pink,Spring,2.9,Yes,Standard,Yes,Yes,25.0,Cash,Quarterly,1
873,874,51.0,Male,Boots,Footwear,77,Mississippi,M,Pink,Summer,4.2,Yes,Free Shipping,Yes,Yes,24.0,Venmo,Quarterly,2
874,875,25.0,Male,Jacket,Outerwear,65,Maine,M,Magenta,Fall,4.4,Yes,Free Shipping,Yes,Yes,10.0,Venmo,Every 3 Months,1
875,876,37.0,Male,Sandals,Footwear,39,North Dakota,L,Gray,Summer,4.1,Yes,Free Shipping,Yes,Yes,7.0,Bank Transfer,Every 3 Months,3
876,877,41.0,Male,Belt,Accessories,51,Nebraska,L,Gray,Summer,3.8,Yes,2-Day Shipping,Yes,Yes,1.0,Debit Card,Weekly,3
877,878,64.0,Male,Handbag,Accessories,65,Nebraska,M,Orange,Winter,4.9,Yes,Next Day Air,Yes,Yes,45.0,Venmo,Every 3 Months,4
878,879,23.0,Male,Sunglasses,Accessories,89,Tennessee,S,Black,Summer,4.9,Yes,Express,Yes,Yes,37.0,Debit Card,Weekly,2
879,880,62.0,Male,Skirt,Clothing,76,Wyoming,S,Lavender,Spring,4.1,Yes,Free Shipping,Yes,Yes,14.0,PayPal,,2
880,881,39.0,Male,Backpack,Accessories,75,Nevada,L,Red,Spring,3.1,Yes,Express,Yes,Yes,25.0,Debit Card,Monthly,2
881,882,,Male,Sandals,Footwear,61,South Carolina,M,Silver,Summer,,Yes,,Yes,Yes,,Venmo,,2
882,883,50.0,Male,Boots,Footwear,35,Virginia,M,Cyan,Fall,3.8,Yes,Next Day Air,Yes,Yes,37.0,Cash,Every 3 Months,1
883,884,28.0,Male,Sneakers,Footwear,37,Pennsylvania,S,Gold,Fall,4.3,Yes,Free Shipping,Yes,Yes,30.0,Bank Transfer,,3
884,885,67.0,Male,Skirt,Clothing,91,Hawaii,L,Yellow,Winter,4.1,Yes,Express,Yes,Yes,34.0,Bank Transfer,Weekly,2
885,886,41.0,Male,Dress,Clothing,99,Ohio,L,Purple,Fall,4.4,Yes,Free Shipping,Yes,Yes,49.0,Debit Card,Every 3 Months,1
886,887,19.0,Male,Shorts,Clothing,54,Utah,S,Brown,Summer,3.6,Yes,Express,Yes,Yes,48.0,Bank Transfer,Monthly,4
887,888,70.0,Male,Handbag,Accessories,47,Minnesota,L,Turquoise,Winter,3.3,Yes,2-Day Shipping,Yes,Yes,33.0,PayPal,Fortnightly,4
888,889,,Male,Scarf,Accessories,77,New Hampshire,S,Gold,Spring,,Yes,Express,Yes,Yes,,Cash,,1
889,890,,Male,Belt,Accessories,84,Arizona,S,Olive,Fall,,Yes,,Yes,Yes,,Venmo,,4
890,891,52.0,Male,Gloves,Accessories,51,New York,S,Purple,Spring,4.3,Yes,2-Day Shipping,Yes,Yes,47.0,Credit Card,Monthly,2
891,892,20.0,Male,Skirt,Clothing,26,Pennsylvania,S,Lavender,Summer,3.9,Yes,Store Pickup,Yes,Yes,24.0,PayPal,Every 3 Months,1
892,893,31.0,Male,Shorts,Clothing,64,New Mexico,L,Gray,Summer,2.7,Yes,Free Shipping,Yes,Yes,43.0,Debit Card,Monthly,4
893,894,,Male,Backpack,Accessories,51,Nebraska,M,Red,Spring,,Yes,,Yes,Yes,,Venmo,,2
894,895,44.0,Male,Hoodie,Clothing,60,Wyoming,L,Purple,Spring,3.8,Yes,Free Shipping,Yes,Yes,3.0,Debit Card,Quarterly,1
895,896,40.0,Male,Hat,Accessories,69,Mississippi,XL,Olive,Spring,4.7,Yes,Next Day Air,Yes,Yes,33.0,Debit Card,Quarterly,3
896,897,69.0,Male,Jewelry,Accessories,29,Arkansas,M,Lavender,Spring,4.7,Yes,Express,Yes,Yes,38.0,Cash,Fortnightly,3
897,898,,Male,Shirt,Clothing,91,Illinois,M,Gray,Spring,,Yes,,Yes,Yes,,Venmo,,3
898,899,54.0,Male,Belt,Accessories,70,Nevada,L,Red,Spring,3.5,Yes,2-Day Shipping,Yes,Yes,19.0,Bank Transfer,Every 3 Months,2
899,900,65.0,Male,Sweater,Clothing,58,Rhode Island,M,Peach,Summer,4.0,Yes,Standard,Yes,Yes,20.0,PayPal,Annually,2
900,901,54.0,Male,Hat,Accessories,98,West Virginia,L,Gray,Fall,3.3,Yes,Free Shipping,Yes,Yes,42.0,Bank Transfer,Quarterly,3
901,902,60.0,Male,Scarf,Accessories,68,Missouri,L,Violet,Summer,4.7,Yes,2-Day Shipping,Yes,Yes,34.0,Cash,Monthly,3
902,903,43.0,Male,Hat,Accessories,44,Kentucky,M,Beige,Summer,2.8,Yes,Next Day Air,Yes,Yes,5.0,Cash,Monthly,3
903,904,,Male,Jacket,Outerwear,45,Washington,M,Blue,Winter,,Yes,,Yes,Yes,,PayPal,,2
904,905,69.0,Male,T-shirt,Clothing,99,Alaska,L,Magenta,Spring,2.9,Yes,Free Shipping,Yes,Yes,46.0,PayPal,Every 3 Months,2
905,906,46.0,Male,Dress,Clothing,68,Mississippi,S,Cyan,Spring,2.8,Yes,Standard,Yes,Yes,16.0,Venmo,Annually,1
906,907,41.0,Male,Pants,Clothing,56,South Carolina,M,Red,Spring,4.2,Yes,Standard,Yes,Yes,21.0,Debit Card,Bi-Weekly,2
907,908,32.0,Male,Sweater,Clothing,43,Missouri,L,Cyan,Winter,4.4,Yes,Express,Yes,Yes,34.0,Credit Card,Bi-Weekly,3
908,909,26.0,Male,Sunglasses,Accessories,99,New Jersey,M,Turquoise,Winter,3.6,Yes,Free Shipping,Yes,Yes,9.0,PayPal,Every 3 Months,2
909,910,61.0,Male,Belt,Accessories,56,Louisiana,L,Silver,Fall,2.7,Yes,Express,Yes,Yes,36.0,PayPal,Weekly,2
910,911,49.0,Male,Hoodie,Clothing,25,South Carolina,S,Pink,Spring,3.4,Yes,Express,Yes,Yes,22.0,Credit Card,Monthly,1
911,912,53.0,Male,Pants,Clothing,74,Vermont,M,Black,Winter,2.8,Yes,2-Day Shipping,Yes,Yes,2.0,Bank Transfer,Quarterly,4
912,913,24.0,Male,Hoodie,Clothing,56,Arkansas,M,Green,Winter,3.4,Yes,Next Day Air,Yes,Yes,32.0,Bank Transfer,,2
913,914,37.0,Male,Sneakers,Footwear,47,Utah,M,Yellow,Fall,2.6,Yes,Next Day Air,Yes,Yes,29.0,Cash,Every 3 Months,3
914,915,43.0,Male,Dress,Clothing,67,Washington,L,Purple,Summer,4.1,Yes,Standard,Yes,Yes,27.0,Venmo,Every 3 Months,4
915,916,31.0,Male,Dress,Clothing,22,Rhode Island,L,Purple,Winter,2.9,Yes,Store Pickup,Yes,Yes,33.0,Credit Card,,3
916,917,49.0,Male,Jeans,Clothing,34,Illinois,S,Blue,Spring,2.7,Yes,Standard,Yes,Yes,16.0,Venmo,Monthly,1
917,918,69.0,Male,Sweater,Clothing,64,Missouri,M,Maroon,Spring,3.7,Yes,Standard,Yes,Yes,11.0,Bank Transfer,Quarterly,2
918,919,65.0,Male,Shorts,Clothing,42,North Carolina,M,Orange,Spring,4.3,Yes,2-Day Shipping,Yes,Yes,11.0,Cash,Fortnightly,4
919,920,41.0,Male,Shirt,Clothing,82,Massachusetts,L,Green,Winter,2.6,Yes,2-Day Shipping,Yes,Yes,17.0,Debit Card,Bi-Weekly,4
920,921,37.0,Male,Belt,Accessories,81,Arkansas,XL,Gold,Summer,4.3,Yes,Free Shipping,Yes,Yes,37.0,Cash,Weekly,4
921,922,70.0,Male,Coat,Outerwear,24,South Dakota,L,Silver,Summer,4.1,Yes,Express,Yes,Yes,18.0,PayPal,Weekly,2
922,923,63.0,Male,Sneakers,Footwear,60,Georgia,M,Cyan,Fall,4.2,Yes,Standard,Yes,Yes,13.0,Credit Card,Monthly,1
923,924,55.0,Male,Shirt,Clothing,24,Arkansas,M,Silver,Spring,4.2,Yes,2-Day Shipping,Yes,Yes,7.0,PayPal,Weekly,1
924,925,52.0,Male,Socks,Clothing,78,Kansas,XL,Beige,Winter,3.1,Yes,Standard,Yes,Yes,37.0,Cash,Quarterly,2
925,926,22.0,Male,Jeans,Clothing,88,Arizona,L,Teal,Winter,4.9,Yes,Express,Yes,Yes,8.0,Cash,Monthly,3
926,927,54.0,Male,Jeans,Clothing,63,Massachusetts,XL,Green,Spring,4.4,Yes,Express,Yes,Yes,11.0,Cash,Bi-Weekly,3
927,928,,Male,Sneakers,Footwear,78,New Mexico,L,Black,Summer,,Yes,,Yes,Yes,,Venmo,,2
928,929,67.0,Male,Dress,Clothing,37,Arkansas,XL,Yellow,Winter,3.4,Yes,Store Pickup,Yes,Yes,31.0,Cash,Every 3 Months,3
929,930,,Male,Boots,Footwear,94,Nebraska,M,White,Fall,,Yes,,Yes,Yes,,Debit Card,,4
930,931,26.0,Male,T-shirt,Clothing,78,Hawaii,L,Green,Fall,4.5,Yes,Store Pickup,Yes,Yes,20.0,Credit Card,Bi-Weekly,2
931,932,24.0,Male,Coat,Outerwear,36,Nebraska,M,Silver,Winter,4.1,Yes,Standard,Yes,Yes,24.0,Bank Transfer,Fortnightly,2
932,933,62.0,Male,Skirt,Clothing,24,Indiana,L,Blue,Winter,3.2,Yes,Standard,Yes,Yes,45.0,Debit Card,Bi-Weekly,2
933,934,70.0,Male,Sneakers,Footwear,84,Colorado,M,Magenta,Spring,2.7,Yes,Store Pickup,Yes,Yes,33.0,Debit Card,Monthly,3
934,935,45.0,Male,Jeans,Clothing,47,Oregon,S,Yellow,Spring,3.7,Yes,Express,Yes,Yes,21.0,Bank Transfer,Monthly,3
935,936,58.0,Male,Hoodie,Clothing,51,Ohio,L,White,Fall,2.6,Yes,Store Pickup,Yes,Yes,2.0,Bank Transfer,Fortnightly,3
936,937,31.0,Male,Shoes,Footwear,84,Maine,M,Pink,Summer,2.7,Yes,Free Shipping,Yes,Yes,28.0,Cash,Weekly,1
937,938,,Male,Shorts,Clothing,24,Iowa,M,Magenta,Summer,,Yes,,Yes,Yes,,Venmo,,2
938,939,36.0,Male,Blouse,Clothing,97,Wisconsin,S,Teal,Fall,4.8,Yes,Free Shipping,Yes,Yes,21.0,Debit Card,Fortnightly,2
939,940,25.0,Male,T-shirt,Clothing,89,New York,L,Indigo,Winter,4.8,Yes,Next Day Air,Yes,Yes,24.0,Credit Card,Monthly,2
940,941,48.0,Male,Belt,Accessories,44,Colorado,S,Maroon,Spring,2.6,Yes,Store Pickup,Yes,Yes,15.0,PayPal,Every 3 Months,1
941,942,39.0,Male,Handbag,Accessories,35,Illinois,L,Black,Winter,4.5,Yes,2-Day Shipping,Yes,Yes,38.0,PayPal,Every 3 Months,1
942,943,26.0,Male,Dress,Clothing,91,Arizona,M,Cyan,Winter,3.2,Yes,Express,Yes,Yes,38.0,PayPal,Bi-Weekly,4
943,944,32.0,Male,Hat,Accessories,63,Oklahoma,L,Cyan,Winter,3.8,Yes,Next Day Air,Yes,Yes,13.0,Venmo,Fortnightly,1
944,945,54.0,Male,Belt,Accessories,97,Indiana,S,Gray,Spring,4.8,Yes,Express,Yes,Yes,39.0,Cash,Bi-Weekly,3
945,946,38.0,Male,Boots,Footwear,38,Minnesota,M,Violet,Summer,4.1,Yes,Store Pickup,Yes,Yes,8.0,Venmo,Every 3 Months,4
946,947,46.0,Male,Coat,Outerwear,24,Pennsylvania,XL,Blue,Spring,2.8,Yes,Next Day Air,Yes,Yes,4.0,PayPal,Quarterly,4
947,948,57.0,Male,Blouse,Clothing,32,Indiana,M,Charcoal,Winter,3.9,Yes,Store Pickup,Yes,Yes,6.0,Cash,Every 3 Months,1
948,949,,Male,Hat,Accessories,90,Alabama,L,Olive,Summer,,Yes,,Yes,Yes,,Venmo,,3
949,950,,Male,Jeans,Clothing,36,Montana,M,Olive,Summer,,Yes,,Yes,Yes,,Venmo,,4
950,951,54.0,Male,Backpack,Accessories,37,New Mexico,XL,Turquoise,Winter,4.1,Yes,Free Shipping,Yes,Yes,30.0,PayPal,Quarterly,1
951,952,47.0,Male,Dress,Clothing,51,Alaska,M,Cyan,Summer,2.9,Yes,Express,Yes,Yes,34.0,Bank Transfer,Monthly,4
952,953,36.0,Male,Hat,Accessories,71,Idaho,S,Red,Fall,3.1,Yes,2-Day Shipping,Yes,Yes,28.0,PayPal,,3
953,954,68.0,Male,Sunglasses,Accessories,50,Utah,S,Cyan,Spring,3.6,Yes,2-Day Shipping,Yes,Yes,36.0,Venmo,Quarterly,3
954,955,60.0,Male,Hat,Accessories,74,Louisiana,S,Turquoise,Fall,3.5,Yes,Standard,Yes,Yes,18.0,Credit Card,Every 3 Months,1
955,956,55.0,Male,Dress,Clothing,75,Mississippi,L,Lavender,Summer,3.4,Yes,Free Shipping,Yes,Yes,4.0,PayPal,Monthly,2
956,957,29.0,Male,Shirt,Clothing,99,Mississippi,XL,Cyan,Spring,2.9,Yes,2-Day Shipping,Yes,Yes,42.0,Debit Card,Quarterly,1
957,958,38.0,Male,Scarf,Accessories,23,Indiana,XL,Violet,Spring,4.7,Yes,Store Pickup,Yes,Yes,11.0,Cash,Quarterly,1
958,959,70.0,Male,Sneakers,Footwear,53,Washington,XL,Beige,Winter,4.4,Yes,Free Shipping,Yes,Yes,31.0,Credit Card,Bi-Weekly,2
959,960,36.0,Male,Skirt,Clothing,99,Nevada,M,Cyan,Spring,2.6,Yes,Standard,Yes,Yes,12.0,Cash,Fortnightly,3
960,961,18.0,Male,Jewelry,Accessories,48,Louisiana,XL,Indigo,Spring,4.4,Yes,Standard,Yes,Yes,20.0,Venmo,Quarterly,2
961,962,62.0,Male,Boots,Footwear,72,Pennsylvania,L,Olive,Fall,3.7,Yes,Next Day Air,Yes,Yes,37.0,Debit Card,Quarterly,2
962,963,29.0,Male,Sunglasses,Accessories,64,Michigan,L,Green,Spring,4.4,Yes,Standard,Yes,Yes,26.0,Debit Card,Fortnightly,4
963,964,21.0,Male,Boots,Footwear,63,South Carolina,L,Green,Spring,2.5,Yes,2-Day Shipping,Yes,Yes,14.0,Credit Card,Weekly,4
964,965,,Male,Sandals,Footwear,51,Arizona,M,Beige,Spring,,Yes,,Yes,Yes,,Venmo,,2
965,966,43.0,Male,Boots,Footwear,55,Delaware,L,Black,Spring,5.0,Yes,Store Pickup,Yes,Yes,10.0,Credit Card,,3
966,967,58.0,Male,Dress,Clothing,55,Kentucky,M,Brown,Spring,4.9,Yes,Express,Yes,Yes,19.0,Cash,Annually,3
967,968,27.0,Male,Hoodie,Clothing,26,Georgia,S,Silver,Summer,3.7,Yes,Store Pickup,Yes,Yes,4.0,Cash,Weekly,2
968,969,57.0,Male,Shorts,Clothing,67,North Carolina,L,Gray,Summer,3.1,Yes,Next Day Air,Yes,Yes,48.0,Bank Transfer,Quarterly,1
969,970,,Male,Coat,Outerwear,31,California,S,Pink,Fall,3.2,Yes,Express,Yes,Yes,37.0,PayPal,,1
970,971,45.0,Male,Jeans,Clothing,66,California,S,Maroon,Winter,4.4,Yes,Free Shipping,Yes,Yes,4.0,Cash,Monthly,1
971,972,47.0,Male,Sunglasses,Accessories,67,Indiana,M,Cyan,Summer,4.3,Yes,Next Day Air,Yes,Yes,15.0,Credit Card,Weekly,2
972,973,61.0,Male,Sneakers,Footwear,61,Colorado,L,Gold,Winter,3.0,Yes,Standard,Yes,Yes,33.0,Credit Card,Weekly,4
973,974,60.0,Male,Jacket,Outerwear,75,Colorado,M,Teal,Fall,3.5,Yes,2-Day Shipping,Yes,Yes,30.0,Bank Transfer,Quarterly,3
974,975,69.0,Male,Skirt,Clothing,90,North Carolina,M,Beige,Spring,3.6,Yes,2-Day Shipping,Yes,Yes,23.0,Bank Transfer,Monthly,3
975,976,58.0,Male,Sweater,Clothing,40,Washington,M,Olive,Summer,3.8,Yes,2-Day Shipping,Yes,Yes,2.0,Bank Transfer,Weekly,3
976,977,,Male,T-shirt,Clothing,90,Florida,M,Gray,Fall,3.6,Yes,Express,Yes,Yes,50.0,Credit Card,,4
977,978,20.0,Male,Belt,Accessories,20,Washington,M,Black,Spring,4.6,Yes,Express,Yes,Yes,34.0,Cash,Bi-Weekly,2
978,979,56.0,Male,Gloves,Accessories,40,Colorado,M,Turquoise,Summer,2.5,Yes,Standard,Yes,Yes,33.0,Credit Card,,1
979,980,64.0,Male,Hat,Accessories,33,New Hampshire,S,Brown,Fall,3.5,Yes,Store Pickup,Yes,Yes,34.0,Debit Card,Monthly,1
980,981,56.0,Male,Boots,Footwear,98,Maryland,S,Magenta,Spring,4.0,Yes,Free Shipping,Yes,Yes,39.0,PayPal,Every 3 Months,3
981,982,27.0,Male,Belt,Accessories,42,Maryland,M,Silver,Spring,3.5,Yes,Next Day Air,Yes,Yes,47.0,Credit Card,Quarterly,3
982,983,35.0,Male,Coat,Outerwear,62,Texas,S,Red,Summer,3.2,Yes,Standard,Yes,Yes,37.0,PayPal,Monthly,1
983,984,24.0,Male,Hat,Accessories,45,New Mexico,L,Indigo,Winter,3.5,Yes,Free Shipping,Yes,Yes,40.0,Venmo,Bi-Weekly,1
984,985,26.0,Male,Shoes,Footwear,78,Utah,M,Green,Summer,3.4,Yes,Free Shipping,Yes,Yes,8.0,Credit Card,Bi-Weekly,1
985,986,,Male,Handbag,Accessories,80,West Virginia,M,Gray,Fall,,Yes,Express,Yes,Yes,,Bank Transfer,,3
986,987,54.0,Male,Scarf,Accessories,96,Connecticut,S,Peach,Spring,4.5,Yes,Store Pickup,Yes,Yes,36.0,Bank Transfer,Monthly,1
987,988,62.0,Male,Handbag,Accessories,47,West Virginia,M,Charcoal,Summer,2.8,Yes,Express,Yes,Yes,48.0,PayPal,Weekly,3
988,989,50.0,Male,Pants,Clothing,84,Ohio,M,Orange,Winter,4.9,Yes,2-Day Shipping,Yes,Yes,47.0,PayPal,Fortnightly,3
989,990,70.0,Male,Shoes,Footwear,31,Texas,M,Beige,Spring,3.1,Yes,Store Pickup,Yes,Yes,2.0,Bank Transfer,Monthly,1
990,991,,Male,Sunglasses,Accessories,63,Washington,S,Yellow,Spring,,Yes,Store Pickup,Yes,Yes,,Cash,,1
991,992,20.0,Male,Shorts,Clothing,97,Wisconsin,XL,White,Spring,2.7,Yes,Standard,Yes,Yes,40.0,Bank Transfer,Bi-Weekly,3
992,993,46.0,Male,Jacket,Outerwear,99,Louisiana,M,Gray,Winter,4.6,Yes,Express,Yes,Yes,50.0,Debit Card,Weekly,1
993,994,51.0,Male,Sandals,Footwear,90,Iowa,M,Peach,Winter,4.4,Yes,Store Pickup,Yes,Yes,25.0,Cash,Weekly,3
994,995,53.0,Male,Shoes,Footwear,68,New York,L,Violet,Fall,3.2,Yes,Express,Yes,Yes,20.0,Debit Card,Monthly,3
995,996,44.0,Male,Jewelry,Accessories,80,Idaho,M,Magenta,Spring,3.0,Yes,2-Day Shipping,Yes,Yes,10.0,Venmo,Weekly,2
996,997,29.0,Male,Sandals,Footwear,91,Delaware,L,Maroon,Summer,4.9,Yes,Standard,Yes,Yes,32.0,Bank Transfer,Quarterly,2
997,998,64.0,Male,Pants,Clothing,30,Kentucky,M,Cyan,Spring,3.6,Yes,Express,Yes,Yes,31.0,Cash,Fortnightly,1
998,999,51.0,Male,Shoes,Footwear,90,Connecticut,M,White,Spring,3.8,Yes,Next Day Air,Yes,Yes,48.0,Bank Transfer,Bi-Weekly,2
999,1000,50.0,Male,Socks,Clothing,28,New Mexico,L,Brown,Spring,2.9,Yes,Standard,Yes,Yes,23.0,Debit Card,,4
1000,1001,43.0,Male,Socks,Clothing,46,Georgia,M,Red,Winter,3.9,Yes,Express,Yes,Yes,1.0,Bank Transfer,Bi-Weekly,1
1001,1002,,Male,Dress,Clothing,60,Washington,M,Orange,Fall,,Yes,,Yes,Yes,,Debit Card,,1
1002,1003,55.0,Male,Shoes,Footwear,59,North Dakota,M,White,Spring,3.5,Yes,Store Pickup,Yes,Yes,3.0,Bank Transfer,Bi-Weekly,1
1003,1004,,Male,Hat,Accessories,68,Ohio,M,Green,Fall,4.0,Yes,Store Pickup,Yes,Yes,3.0,Cash,,3
1004,1005,33.0,Male,Backpack,Accessories,79,Tennessee,M,Black,Summer,4.8,Yes,2-Day Shipping,Yes,Yes,44.0,Cash,Annually,4
1005,1006,43.0,Male,Backpack,Accessories,94,New York,M,Gold,Winter,3.9,Yes,Store Pickup,Yes,Yes,5.0,Debit Card,Bi-Weekly,1
1006,1007,,Male,Pants,Clothing,83,Michigan,S,Lavender,Summer,,Yes,,Yes,Yes,,Venmo,,1
1007,1008,58.0,Male,Gloves,Accessories,62,Georgia,XL,Turquoise,Spring,4.8,Yes,Standard,Yes,Yes,2.0,Credit Card,Annually,1
1008,1009,41.0,Male,Scarf,Accessories,85,New Mexico,M,Pink,Spring,2.6,Yes,Store Pickup,Yes,Yes,29.0,PayPal,Annually,3
1009,1010,39.0,Male,Hoodie,Clothing,30,Louisiana,M,Silver,Summer,3.1,Yes,Express,Yes,Yes,11.0,Venmo,Annually,2
1010,1011,54.0,Male,Jeans,Clothing,24,South Dakota,XL,Gray,Spring,4.7,Yes,2-Day Shipping,Yes,Yes,37.0,Credit Card,Fortnightly,1
1011,1012,,Male,Backpack,Accessories,25,Montana,L,Indigo,Spring,,Yes,Next Day Air,Yes,Yes,,Debit Card,,2
1012,1013,28.0,Male,Sandals,Footwear,37,New Mexico,L,Teal,Summer,3.8,Yes,Express,Yes,Yes,27.0,Credit Card,Annually,2
1013,1014,59.0,Male,Belt,Accessories,69,South Carolina,XL,Green,Summer,3.8,Yes,2-Day Shipping,Yes,Yes,31.0,Venmo,Bi-Weekly,3
1014,1015,28.0,Male,Shoes,Footwear,97,Ohio,M,Violet,Summer,3.0,Yes,Standard,Yes,Yes,36.0,Debit Card,Fortnightly,4
1015,1016,68.0,Male,Gloves,Accessories,24,North Carolina,M,Cyan,Summer,4.1,Yes,Standard,Yes,Yes,34.0,Cash,Weekly,2
1016,1017,20.0,Male,Belt,Accessories,30,Idaho,XL,Blue,Summer,3.4,Yes,Express,Yes,Yes,15.0,Bank Transfer,Every 3 Months,1
1017,1018,,Male,Jacket,Outerwear,53,Oklahoma,L,Orange,Fall,,Yes,,Yes,Yes,,Credit Card,,4
1018,1019,50.0,Male,Dress,Clothing,70,Georgia,XL,Charcoal,Spring,4.9,Yes,Next Day Air,Yes,Yes,46.0,Cash,,2
1019,1020,32.0,Male,Shirt,Clothing,76,Kentucky,S,Beige,Winter,2.8,Yes,Standard,Yes,Yes,33.0,Venmo,Bi-Weekly,4
1020,1021,24.0,Male,Scarf,Accessories,95,Delaware,M,Black,Fall,4.5,Yes,Express,Yes,Yes,41.0,Debit Card,Annually,4
1021,1022,55.0,Male,Coat,Outerwear,51,Massachusetts,S,Lavender,Winter,4.9,Yes,2-Day Shipping,Yes,Yes,39.0,PayPal,Weekly,4
1022,1023,,Male,Handbag,Accessories,41,Nebraska,M,Lavender,Winter,4.9,Yes,Store Pickup,Yes,Yes,7.0,Cash,,4
1023,1024,,Male,Sunglasses,Accessories,71,Maine,S,Turquoise,Winter,3.5,Yes,Free Shipping,Yes,Yes,29.0,Bank Transfer,,2
1024,1025,28.0,Male,T-shirt,Clothing,66,Pennsylvania,M,Purple,Summer,3.5,Yes,Free Shipping,Yes,Yes,18.0,Venmo,Quarterly,4
1025,1026,,Male,Shirt,Clothing,84,Nebraska,M,Olive,Winter,,Yes,,Yes,Yes,,Credit Card,,3
1026,1027,49.0,Male,Handbag,Accessories,95,Virginia,L,Turquoise,Winter,3.0,Yes,Express,Yes,Yes,39.0,PayPal,Bi-Weekly,4
1027,1028,,Male,Jewelry,Accessories,90,Ohio,L,Teal,Summer,,Yes,,Yes,Yes,,Cash,,2
1028,1029,45.0,Male,Hoodie,Clothing,36,Nebraska,S,Lavender,Summer,3.7,Yes,Standard,Yes,Yes,4.0,Cash,Fortnightly,1
1029,1030,,Male,Gloves,Accessories,22,Ohio,M,Purple,Spring,3.6,Yes,2-Day Shipping,Yes,Yes,33.0,Venmo,,2
1030,1031,58.0,Male,Coat,Outerwear,89,Kentucky,L,Blue,Winter,3.3,Yes,Next Day Air,Yes,Yes,37.0,Debit Card,Quarterly,3
1031,1032,22.0,Male,Sandals,Footwear,50,Tennessee,M,Teal,Spring,3.4,Yes,Free Shipping,Yes,Yes,32.0,Cash,Quarterly,3
1032,1033,,Male,Boots,Footwear,36,Maine,M,Lavender,Fall,,Yes,Free Shipping,Yes,Yes,,Credit Card,,4
1033,1034,19.0,Male,Pants,Clothing,52,Montana,S,Silver,Spring,4.6,Yes,Free Shipping,Yes,Yes,41.0,Bank Transfer,Quarterly,3
1034,1035,,Male,Socks,Clothing,29,Maryland,M,Olive,Fall,4.2,Yes,Next Day Air,Yes,Yes,44.0,Bank Transfer,,3
1035,1036,61.0,Male,Blouse,Clothing,89,Georgia,M,Brown,Fall,2.8,Yes,Express,Yes,Yes,32.0,Venmo,Annually,3
1036,1037,68.0,Male,Handbag,Accessories,47,Hawaii,M,Yellow,Fall,3.7,Yes,2-Day Shipping,Yes,Yes,13.0,Bank Transfer,Monthly,2
1037,1038,52.0,Male,Jewelry,Accessories,25,Rhode Island,XL,Brown,Spring,3.4,Yes,Standard,Yes,Yes,48.0,Debit Card,Quarterly,2
1038,1039,41.0,Male,Pants,Clothing,74,Nebraska,XL,Cyan,Fall,3.0,Yes,Express,Yes,Yes,3.0,Bank Transfer,Weekly,1
1039,1040,29.0,Male,Belt,Accessories,46,Michigan,M,Magenta,Fall,4.8,Yes,Standard,Yes,Yes,39.0,Venmo,Monthly,4
1040,1041,68.0,Male,Jeans,Clothing,22,North Carolina,S,Magenta,Fall,4.0,Yes,Next Day Air,Yes,Yes,7.0,Cash,Fortnightly,1
1041,1042,,Male,Shirt,Clothing,25,Minnesota,M,Orange,Summer,,Yes,,Yes,Yes,,Cash,,4
1042,1043,,Male,Belt,Accessories,80,Maryland,M,Maroon,Spring,,Yes,,Yes,Yes,,Credit Card,,2
1043,1044,28.0,Male,Jeans,Clothing,76,Hawaii,M,Green,Spring,3.3,Yes,2-Day Shipping,Yes,Yes,28.0,Debit Card,Fortnightly,1
1044,1045,,Male,Jeans,Clothing,30,Oregon,L,Teal,Summer,,Yes,Next Day Air,Yes,Yes,,Bank Transfer,,1
1045,1046,54.0,Male,Sweater,Clothing,79,New Mexico,L,Black,Fall,3.5,Yes,2-Day Shipping,Yes,Yes,11.0,PayPal,Bi-Weekly,4
1046,1047,40.0,Male,Sneakers,Footwear,22,Illinois,M,Magenta,Winter,4.2,Yes,Standard,Yes,Yes,12.0,Venmo,Annually,3
1047,1048,,Male,Socks,Clothing,36,Utah,S,Olive,Fall,,Yes,,Yes,Yes,,Credit Card,,3
1048,1049,30.0,Male,Socks,Clothing,77,Maine,L,Yellow,Fall,2.7,Yes,Standard,Yes,Yes,19.0,Venmo,Fortnightly,3
1049,1050,45.0,Male,Sunglasses,Accessories,33,Virginia,S,Purple,Fall,2.8,Yes,Store Pickup,Yes,Yes,24.0,Cash,Quarterly,1
1050,1051,48.0,Male,Sneakers,Footwear,64,Florida,M,Beige,Winter,3.8,Yes,Next Day Air,Yes,Yes,19.0,Venmo,Monthly,4
1051,1052,45.0,Male,Socks,Clothing,53,Ohio,M,Indigo,Fall,2.6,Yes,Free Shipping,Yes,Yes,39.0,PayPal,Annually,4
1052,1053,,Male,Shoes,Footwear,36,Virginia,XL,Pink,Fall,3.0,Yes,2-Day Shipping,Yes,Yes,1.0,Credit Card,,2
1053,1054,59.0,Male,Blouse,Clothing,70,Kansas,M,Blue,Spring,3.3,No,2-Day Shipping,Yes,Yes,10.0,Debit Card,Bi-Weekly,3
1054,1055,18.0,Male,Shorts,Clothing,96,Arkansas,L,Cyan,Winter,4.9,No,Express,Yes,Yes,48.0,PayPal,Quarterly,4
1055,1056,,Male,Jacket,Outerwear,27,Massachusetts,M,Orange,Spring,,No,,Yes,Yes,,Debit Card,,1
1056,1057,,Male,Sweater,Clothing,64,Idaho,L,Black,Winter,,No,,Yes,Yes,,Venmo,,3
1057,1058,,Male,Jacket,Outerwear,23,Wisconsin,S,Maroon,Spring,4.4,No,2-Day Shipping,Yes,Yes,20.0,Credit Card,,2
1058,1059,29.0,Male,Scarf,Accessories,33,New Mexico,L,Violet,Summer,3.1,No,Next Day Air,Yes,Yes,49.0,Bank Transfer,Every 3 Months,3
1059,1060,22.0,Male,Jacket,Outerwear,34,North Carolina,M,Beige,Winter,2.5,No,Standard,Yes,Yes,25.0,Debit Card,Monthly,2
1060,1061,27.0,Male,Sweater,Clothing,35,Iowa,S,Gray,Summer,2.6,No,Next Day Air,Yes,Yes,21.0,Debit Card,Every 3 Months,2
1061,1062,36.0,Male,Coat,Outerwear,62,Idaho,M,Gray,Summer,4.4,No,Free Shipping,Yes,Yes,12.0,Venmo,,4
1062,1063,59.0,Male,Boots,Footwear,75,Ohio,M,Brown,Fall,2.6,No,Next Day Air,Yes,Yes,21.0,Debit Card,Every 3 Months,1
1063,1064,62.0,Male,Hoodie,Clothing,29,Alabama,S,Indigo,Summer,3.3,No,Free Shipping,Yes,Yes,35.0,Cash,Monthly,1
1064,1065,34.0,Male,Hat,Accessories,28,Wyoming,M,Violet,Spring,3.5,No,Express,Yes,Yes,42.0,Credit Card,Every 3 Months,3
1065,1066,59.0,Male,T-shirt,Clothing,20,Alabama,XL,Blue,Spring,4.1,No,Store Pickup,Yes,Yes,3.0,PayPal,Every 3 Months,2
1066,1067,49.0,Male,Coat,Outerwear,96,Mississippi,M,Red,Winter,4.0,No,Store Pickup,Yes,Yes,11.0,PayPal,Bi-Weekly,2
1067,1068,18.0,Male,Dress,Clothing,43,Pennsylvania,S,Peach,Summer,2.7,No,2-Day Shipping,Yes,Yes,22.0,PayPal,Quarterly,1
1068,1069,,Male,Shirt,Clothing,94,Wyoming,M,Olive,Fall,,No,,Yes,Yes,,Credit Card,,1
1069,1070,38.0,Male,Skirt,Clothing,81,Maryland,XL,White,Fall,4.3,No,Next Day Air,Yes,Yes,33.0,Venmo,Every 3 Months,3
1070,1071,50.0,Male,Jewelry,Accessories,75,North Carolina,M,Magenta,Summer,3.3,No,Free Shipping,Yes,Yes,50.0,Debit Card,Weekly,4
1071,1072,61.0,Male,Hat,Accessories,81,Pennsylvania,M,Beige,Summer,2.6,No,Express,Yes,Yes,46.0,Credit Card,,3
1072,1073,48.0,Male,Shorts,Clothing,92,Idaho,L,Gold,Fall,3.5,No,Express,Yes,Yes,34.0,Debit Card,Fortnightly,2
1073,1074,,Male,Scarf,Accessories,96,California,XL,Purple,Spring,,No,,Yes,Yes,,Credit Card,,3
1074,1075,,Male,Jewelry,Accessories,71,Tennessee,S,White,Fall,,No,,Yes,Yes,,Bank Transfer,,4
1075,1076,57.0,Male,Sunglasses,Accessories,50,Missouri,L,Indigo,Summer,4.9,No,Next Day Air,Yes,Yes,32.0,Debit Card,,4
1076,1077,33.0,Male,Coat,Outerwear,72,North Dakota,L,Charcoal,Spring,2.9,No,Standard,Yes,Yes,47.0,Venmo,Bi-Weekly,4
1077,1078,58.0,Male,Jacket,Outerwear,28,West Virginia,M,Pink,Winter,3.7,No,Standard,Yes,Yes,5.0,PayPal,Quarterly,4
1078,1079,37.0,Male,Sweater,Clothing,59,Arizona,M,Silver,Fall,4.4,No,Express,Yes,Yes,49.0,Credit Card,Fortnightly,4
1079,1080,18.0,Male,Coat,Outerwear,33,Oklahoma,S,Blue,Summer,4.4,No,Free Shipping,Yes,Yes,48.0,Bank Transfer,Monthly,3
1080,1081,65.0,Male,Scarf,Accessories,59,Pennsylvania,L,Blue,Fall,3.8,No,Express,Yes,Yes,22.0,Cash,Every 3 Months,4
1081,1082,62.0,Male,Belt,Accessories,30,Idaho,XL,Brown,Spring,4.5,No,Standard,Yes,Yes,45.0,Credit Card,Annually,3
1082,1083,54.0,Male,Hat,Accessories,85,South Carolina,XL,Cyan,Winter,2.6,No,Next Day Air,Yes,Yes,30.0,Venmo,Quarterly,1
1083,1084,35.0,Male,Backpack,Accessories,97,Washington,L,Teal,Summer,3.3,No,Store Pickup,Yes,Yes,43.0,Cash,Weekly,4
1084,1085,34.0,Male,T-shirt,Clothing,36,Arkansas,S,Purple,Fall,4.1,No,Next Day Air,Yes,Yes,48.0,Cash,,3
1085,1086,25.0,Male,Jewelry,Accessories,85,Utah,M,Turquoise,Winter,3.0,No,Store Pickup,Yes,Yes,23.0,Venmo,Fortnightly,1
1086,1087,53.0,Male,Sunglasses,Accessories,62,Alaska,M,Olive,Winter,3.0,No,Free Shipping,Yes,Yes,27.0,PayPal,Bi-Weekly,4
1087,1088,45.0,Male,Jeans,Clothing,71,West Virginia,S,White,Winter,3.4,No,Next Day Air,Yes,Yes,7.0,Bank Transfer,Monthly,3
1088,1089,49.0,Male,Pants,Clothing,21,Louisiana,M,Turquoise,Winter,2.7,No,Free Shipping,Yes,Yes,2.0,PayPal,Weekly,3
1089,1090,40.0,Male,Backpack,Accessories,61,Arizona,M,Silver,Spring,3.8,No,Next Day Air,Yes,Yes,33.0,PayPal,Bi-Weekly,3
1090,1091,38.0,Male,Scarf,Accessories,58,Connecticut,M,Violet,Spring,4.2,No,Store Pickup,Yes,Yes,27.0,Cash,Fortnightly,2
1091,1092,44.0,Male,Sweater,Clothing,80,North Carolina,L,Lavender,Spring,4.7,No,Store Pickup,Yes,Yes,6.0,Credit Card,Fortnightly,3
1092,1093,68.0,Male,Jewelry,Accessories,50,South Dakota,L,Magenta,Spring,4.1,No,2-Day Shipping,Yes,Yes,20.0,Venmo,Quarterly,1
1093,1094,60.0,Male,Sneakers,Footwear,48,Delaware,S,Indigo,Winter,4.2,No,2-Day Shipping,Yes,Yes,46.0,Venmo,Every 3 Months,2
1094,1095,,Male,Jewelry,Accessories,40,Connecticut,M,Black,Winter,,No,Next Day Air,Yes,Yes,,Cash,,2
1095,1096,19.0,Male,Coat,Outerwear,34,Tennessee,S,Peach,Summer,3.0,No,Free Shipping,Yes,Yes,30.0,Bank Transfer,Quarterly,1
1096,1097,,Male,Coat,Outerwear,46,New Hampshire,S,Beige,Fall,,No,,Yes,Yes,,Credit Card,,2
1097,1098,,Male,Sunglasses,Accessories,27,Vermont,M,Black,Summer,3.2,No,Store Pickup,Yes,Yes,47.0,Bank Transfer,,3
1098,1099,49.0,Male,Handbag,Accessories,98,Idaho,S,Turquoise,Spring,3.6,No,Next Day Air,Yes,Yes,27.0,Credit Card,Weekly,4
1099,1100,19.0,Male,Sweater,Clothing,73,North Carolina,M,Peach,Fall,2.6,No,Next Day Air,Yes,Yes,45.0,Bank Transfer,Fortnightly,4
1100,1101,50.0,Male,Pants,Clothing,28,Nevada,L,Gold,Spring,4.4,No,Express,Yes,Yes,2.0,Credit Card,Weekly,2
1101,1102,30.0,Male,Gloves,Accessories,76,Delaware,XL,Silver,Fall,3.0,No,Free Shipping,Yes,Yes,39.0,Cash,Fortnightly,1
1102,1103,52.0,Male,Sweater,Clothing,83,Texas,M,Peach,Fall,2.9,No,Express,Yes,Yes,24.0,Cash,Fortnightly,1
1103,1104,35.0,Male,Hoodie,Clothing,23,Tennessee,S,Charcoal,Spring,4.3,No,Free Shipping,Yes,Yes,8.0,Debit Card,Bi-Weekly,1
1104,1105,35.0,Male,Hat,Accessories,28,Delaware,M,Beige,Fall,3.1,No,Express,Yes,Yes,8.0,Bank Transfer,,2
1105,1106,,Male,T-shirt,Clothing,83,Massachusetts,S,Olive,Spring,3.0,No,Next Day Air,Yes,Yes,6.0,Venmo,,4
1106,1107,52.0,Male,Skirt,Clothing,96,Minnesota,L,Violet,Winter,3.6,No,Store Pickup,Yes,Yes,12.0,Venmo,,4
1107,1108,69.0,Male,Sneakers,Footwear,62,Texas,M,Peach,Fall,2.8,No,Store Pickup,Yes,Yes,26.0,Bank Transfer,Weekly,1
1108,1109,,Male,Shorts,Clothing,25,Nebraska,M,Teal,Fall,,No,,Yes,Yes,,Cash,,1
1109,1110,66.0,Male,Hoodie,Clothing,97,Oklahoma,L,Violet,Winter,4.9,No,Next Day Air,Yes,Yes,2.0,Venmo,Weekly,1
1110,1111,,Male,Hoodie,Clothing,61,Texas,L,Cyan,Fall,,No,,Yes,Yes,,Cash,,1
1111,1112,22.0,Male,Shoes,Footwear,66,New York,S,Olive,Summer,4.1,No,Next Day Air,Yes,Yes,4.0,Credit Card,Bi-Weekly,1
1112,1113,69.0,Male,Hoodie,Clothing,67,Washington,XL,Pink,Spring,4.6,No,Free Shipping,Yes,Yes,32.0,PayPal,Quarterly,4
1113,1114,,Male,Sunglasses,Accessories,80,Maryland,M,Purple,Summer,,No,,Yes,Yes,,PayPal,,2
1114,1115,,Male,Skirt,Clothing,25,New Hampshire,L,Violet,Fall,,No,,Yes,Yes,,Bank Transfer,,4
1115,1116,30.0,Male,Hat,Accessories,58,New York,S,Peach,Fall,4.0,No,2-Day Shipping,Yes,Yes,37.0,Cash,Weekly,1
1116,1117,67.0,Male,Backpack,Accessories,96,Hawaii,M,Charcoal,Winter,4.2,No,Express,Yes,Yes,39.0,PayPal,,1
1117,1118,,Male,Sunglasses,Accessories,77,California,L,Lavender,Spring,,No,,Yes,Yes,,Credit Card,,3
1118,1119,49.0,Male,Belt,Accessories,65,Indiana,M,Purple,Summer,4.9,No,Standard,Yes,Yes,11.0,PayPal,Every 3 Months,4
1119,1120,34.0,Male,Jewelry,Accessories,36,Louisiana,M,Indigo,Spring,3.1,No,Standard,Yes,Yes,36.0,Credit Card,Weekly,3
1120,1121,22.0,Male,Sneakers,Footwear,84,Pennsylvania,M,Magenta,Winter,4.0,No,Next Day Air,Yes,Yes,40.0,Debit Card,Monthly,4
1121,1122,63.0,Male,T-shirt,Clothing,58,Florida,XL,Peach,Fall,3.2,No,Express,Yes,Yes,25.0,Cash,Quarterly,3
1122,1123,70.0,Male,Handbag,Accessories,62,North Carolina,S,Charcoal,Spring,4.3,No,2-Day Shipping,Yes,Yes,12.0,Credit Card,Annually,1
1123,1124,,Male,Hat,Accessories,67,Massachusetts,S,Purple,Fall,,No,,Yes,Yes,,Cash,,2
1124,1125,42.0,Male,Sweater,Clothing,20,Iowa,M,Orange,Spring,4.9,No,Express,Yes,Yes,40.0,Cash,Quarterly,4
1125,1126,27.0,Male,Sandals,Footwear,90,North Dakota,M,Lavender,Summer,2.7,No,2-Day Shipping,Yes,Yes,10.0,Bank Transfer,Weekly,2
1126,1127,23.0,Male,Scarf,Accessories,58,Iowa,L,Beige,Winter,3.4,No,Standard,Yes,Yes,47.0,Venmo,Fortnightly,1
1127,1128,50.0,Male,Shirt,Clothing,53,Delaware,XL,Maroon,Spring,4.8,No,Store Pickup,Yes,Yes,22.0,Debit Card,Monthly,1
1128,1129,,Male,Gloves,Accessories,30,New York,L,Charcoal,Winter,,No,,Yes,Yes,,Debit Card,,4
1129,1130,37.0,Male,Hoodie,Clothing,65,New Hampshire,XL,White,Winter,4.7,No,Express,Yes,Yes,46.0,Venmo,Fortnightly,3
1130,1131,67.0,Male,Jewelry,Accessories,41,Kentucky,M,Lavender,Summer,3.9,No,Standard,Yes,Yes,30.0,PayPal,Bi-Weekly,3
1131,1132,67.0,Male,Shirt,Clothing,73,Illinois,M,Black,Spring,3.7,No,Express,Yes,Yes,20.0,Bank Transfer,Monthly,3
1132,1133,,Male,Hoodie,Clothing,98,North Carolina,S,Teal,Spring,4.3,No,Store Pickup,Yes,Yes,25.0,Cash,,4
1133,1134,36.0,Male,Shoes,Footwear,36,Connecticut,XL,Magenta,Winter,4.1,No,2-Day Shipping,Yes,Yes,29.0,Cash,Weekly,4
1134,1135,62.0,Male,T-shirt,Clothing,81,Wisconsin,M,Brown,Summer,4.6,No,Express,Yes,Yes,2.0,Venmo,Every 3 Months,3
1135,1136,65.0,Male,Skirt,Clothing,90,Massachusetts,L,Peach,Winter,3.6,No,2-Day Shipping,Yes,Yes,32.0,Bank Transfer,Quarterly,2
1136,1137,23.0,Male,Handbag,Accessories,83,Illinois,S,Cyan,Summer,4.8,No,Free Shipping,Yes,Yes,37.0,Cash,Monthly,3
1137,1138,46.0,Male,Shirt,Clothing,91,New Mexico,XL,Pink,Winter,2.8,No,2-Day Shipping,Yes,Yes,16.0,Bank Transfer,Every 3 Months,4
1138,1139,18.0,Male,Pants,Clothing,36,Iowa,M,Purple,Summer,4.7,No,Express,Yes,Yes,32.0,Venmo,Fortnightly,1
1139,1140,58.0,Male,Coat,Outerwear,53,Alabama,L,Purple,Spring,3.9,No,Standard,Yes,Yes,42.0,Debit Card,Bi-Weekly,3
1140,1141,31.0,Male,Jeans,Clothing,39,Maryland,M,White,Winter,2.6,No,Store Pickup,Yes,Yes,6.0,Credit Card,Every 3 Months,4
1141,1142,39.0,Male,Gloves,Accessories,33,Ohio,S,Silver,Winter,4.7,No,Next Day Air,Yes,Yes,23.0,PayPal,Fortnightly,2
1142,1143,69.0,Male,T-shirt,Clothing,76,Ohio,L,Green,Spring,3.5,No,Store Pickup,Yes,Yes,27.0,Venmo,Bi-Weekly,1
1143,1144,68.0,Male,Boots,Footwear,23,Nevada,L,Teal,Winter,4.4,No,Standard,Yes,Yes,43.0,PayPal,Quarterly,4
1144,1145,41.0,Male,Jeans,Clothing,54,South Carolina,S,Indigo,Fall,4.4,No,2-Day Shipping,Yes,Yes,25.0,Bank Transfer,Fortnightly,3
1145,1146,31.0,Male,Sneakers,Footwear,89,Nevada,L,Pink,Summer,3.0,No,Express,Yes,Yes,30.0,Cash,Every 3 Months,1
1146,1147,,Male,Sneakers,Footwear,38,Wisconsin,M,Indigo,Summer,,No,,Yes,Yes,,Bank Transfer,,1
1147,1148,59.0,Male,Hat,Accessories,36,Tennessee,XL,Red,Winter,4.3,No,Next Day Air,Yes,Yes,17.0,Debit Card,Annually,3
1148,1149,34.0,Male,Pants,Clothing,66,Florida,M,Violet,Spring,2.6,No,Store Pickup,Yes,Yes,10.0,PayPal,Fortnightly,3
1149,1150,21.0,Male,Jewelry,Accessories,42,Georgia,L,Cyan,Spring,3.3,No,Store Pickup,Yes,Yes,40.0,Venmo,Annually,2
1150,1151,29.0,Male,Jewelry,Accessories,36,Kentucky,S,Red,Winter,2.7,No,Next Day Air,Yes,Yes,50.0,Venmo,Bi-Weekly,2
1151,1152,41.0,Male,Blouse,Clothing,86,Ohio,M,Gray,Spring,4.2,No,Express,Yes,Yes,24.0,Credit Card,Weekly,3
1152,1153,62.0,Male,Handbag,Accessories,49,Connecticut,M,Gold,Fall,4.0,No,Standard,Yes,Yes,8.0,PayPal,Every 3 Months,1
1153,1154,27.0,Male,Shirt,Clothing,41,Idaho,M,Pink,Summer,4.0,No,Free Shipping,Yes,Yes,6.0,Bank Transfer,Quarterly,1
1154,1155,49.0,Male,Dress,Clothing,82,Georgia,L,Cyan,Spring,2.9,No,2-Day Shipping,Yes,Yes,44.0,Credit Card,Bi-Weekly,3
1155,1156,67.0,Male,T-shirt,Clothing,53,Tennessee,S,Red,Fall,2.6,No,Express,Yes,Yes,47.0,PayPal,Quarterly,4
1156,1157,20.0,Male,Shoes,Footwear,21,Hawaii,M,Gold,Summer,4.8,No,Express,Yes,Yes,6.0,Venmo,Every 3 Months,1
1157,1158,,Male,Belt,Accessories,66,Maryland,M,Charcoal,Fall,,No,,Yes,Yes,,Cash,,1
1158,1159,69.0,Male,Belt,Accessories,89,Nevada,L,Orange,Summer,4.0,No,2-Day Shipping,Yes,Yes,41.0,Bank Transfer,Annually,1
1159,1160,,Male,Handbag,Accessories,55,New Hampshire,L,Blue,Fall,,No,,Yes,Yes,,Venmo,,2
1160,1161,37.0,Male,Scarf,Accessories,42,North Dakota,S,Blue,Summer,3.2,No,Next Day Air,Yes,Yes,9.0,Venmo,Bi-Weekly,1
1161,1162,,Male,Shorts,Clothing,52,Oklahoma,S,Orange,Fall,3.1,No,2-Day Shipping,Yes,Yes,37.0,PayPal,,4
1162,1163,47.0,Male,Sandals,Footwear,92,North Carolina,M,Blue,Winter,4.2,No,Express,Yes,Yes,13.0,PayPal,Weekly,4
1163,1164,,Male,Pants,Clothing,56,Tennessee,L,White,Summer,3.0,No,2-Day Shipping,Yes,Yes,24.0,Debit Card,,3
1164,1165,,Male,Dress,Clothing,96,Montana,M,Green,Winter,4.2,No,Standard,Yes,Yes,47.0,PayPal,,3
1165,1166,51.0,Male,T-shirt,Clothing,64,Wisconsin,M,Silver,Winter,2.9,No,Next Day Air,Yes,Yes,21.0,Venmo,Every 3 Months,3
1166,1167,48.0,Male,Dress,Clothing,48,Connecticut,S,Lavender,Winter,3.7,No,Store Pickup,Yes,Yes,22.0,Venmo,Fortnightly,2
1167,1168,60.0,Male,Socks,Clothing,83,New Jersey,XL,Beige,Summer,3.6,No,Free Shipping,Yes,Yes,16.0,PayPal,Quarterly,3
1168,1169,68.0,Male,Scarf,Accessories,91,Mississippi,L,Violet,Summer,3.6,No,Standard,Yes,Yes,37.0,Debit Card,Fortnightly,3
1169,1170,25.0,Male,Backpack,Accessories,94,Wyoming,S,Gray,Fall,4.5,No,2-Day Shipping,Yes,Yes,3.0,Cash,Annually,1
1170,1171,57.0,Male,Skirt,Clothing,62,Illinois,S,Red,Spring,3.2,No,Express,Yes,Yes,33.0,Cash,Bi-Weekly,1
1171,1172,41.0,Male,Socks,Clothing,55,Louisiana,M,Lavender,Spring,3.9,No,Next Day Air,Yes,Yes,15.0,Debit Card,,1
1172,1173,59.0,Male,Coat,Outerwear,68,Oregon,L,Peach,Spring,4.6,No,Store Pickup,Yes,Yes,42.0,Bank Transfer,Bi-Weekly,4
1173,1174,,Male,Jewelry,Accessories,76,South Dakota,M,Indigo,Winter,,No,,Yes,Yes,,Cash,,3
1174,1175,,Male,Backpack,Accessories,31,Michigan,M,Black,Winter,,No,,Yes,Yes,,Bank Transfer,,1
1175,1176,,Male,Belt,Accessories,81,New Jersey,M,Beige,Spring,,No,,Yes,Yes,,PayPal,,1
1176,1177,36.0,Male,Dress,Clothing,83,Oregon,M,Red,Winter,4.6,No,Free Shipping,Yes,Yes,39.0,PayPal,Quarterly,3
1177,1178,54.0,Male,Skirt,Clothing,21,Iowa,M,Black,Spring,4.8,No,Standard,Yes,Yes,24.0,Debit Card,Monthly,1
1178,1179,37.0,Male,Dress,Clothing,22,South Carolina,M,Teal,Spring,4.9,No,Express,Yes,Yes,23.0,Debit Card,Annually,1
1179,1180,20.0,Male,T-shirt,Clothing,33,Indiana,M,Blue,Summer,2.8,No,Free Shipping,Yes,Yes,44.0,Bank Transfer,Annually,4
1180,1181,23.0,Male,Skirt,Clothing,23,Oregon,S,Beige,Spring,4.9,No,Standard,Yes,Yes,34.0,Cash,Monthly,2
1181,1182,61.0,Male,Shorts,Clothing,96,New York,L,Teal,Summer,3.5,No,Free Shipping,Yes,Yes,43.0,Bank Transfer,Quarterly,1
1182,1183,37.0,Male,Jewelry,Accessories,21,New Mexico,M,Maroon,Spring,3.8,No,Express,Yes,Yes,45.0,PayPal,Quarterly,2
1183,1184,23.0,Male,Pants,Clothing,39,Louisiana,M,Yellow,Spring,4.5,No,2-Day Shipping,Yes,Yes,4.0,Credit Card,Weekly,2
1184,1185,63.0,Male,Belt,Accessories,73,South Carolina,S,Indigo,Fall,3.4,No,Express,Yes,Yes,19.0,Credit Card,Annually,4
1185,1186,47.0,Male,Jeans,Clothing,64,Maine,M,Magenta,Spring,3.9,No,Standard,Yes,Yes,29.0,Credit Card,,3
1186,1187,63.0,Male,Jeans,Clothing,68,Indiana,M,Beige,Summer,4.1,No,2-Day Shipping,Yes,Yes,27.0,Credit Card,Annually,2
1187,1188,,Male,Hat,Accessories,89,Iowa,L,Maroon,Fall,,No,,Yes,Yes,,Credit Card,,4
1188,1189,68.0,Male,Blouse,Clothing,29,Mississippi,M,Magenta,Summer,3.3,No,Next Day Air,Yes,Yes,11.0,Credit Card,,1
1189,1190,,Male,Shirt,Clothing,97,Arkansas,XL,Teal,Summer,,No,,Yes,Yes,,Debit Card,,4
1190,1191,62.0,Male,Shirt,Clothing,45,South Carolina,M,Orange,Winter,4.3,No,Next Day Air,Yes,Yes,31.0,Credit Card,Weekly,2
1191,1192,34.0,Male,T-shirt,Clothing,70,Indiana,L,Charcoal,Winter,4.1,No,Free Shipping,Yes,Yes,50.0,Venmo,Quarterly,4
1192,1193,,Male,Coat,Outerwear,56,Florida,M,Turquoise,Summer,,No,,Yes,Yes,,Venmo,,1
1193,1194,40.0,Male,Jacket,Outerwear,55,Alaska,L,Pink,Fall,5.0,No,2-Day Shipping,Yes,Yes,18.0,Credit Card,Fortnightly,1
1194,1195,50.0,Male,Hoodie,Clothing,46,New York,S,Teal,Winter,3.1,No,2-Day Shipping,Yes,Yes,6.0,Credit Card,Fortnightly,3
1195,1196,25.0,Male,Scarf,Accessories,95,Texas,M,White,Winter,4.0,No,2-Day Shipping,Yes,Yes,33.0,Venmo,Monthly,1
1196,1197,30.0,Male,Belt,Accessories,88,North Dakota,M,Maroon,Winter,3.2,No,2-Day Shipping,Yes,Yes,13.0,Bank Transfer,Bi-Weekly,4
1197,1198,54.0,Male,Sneakers,Footwear,92,Vermont,L,Violet,Fall,3.9,No,Standard,Yes,Yes,26.0,PayPal,Annually,3
1198,1199,40.0,Male,Socks,Clothing,49,New Jersey,M,Brown,Summer,3.9,No,2-Day Shipping,Yes,Yes,17.0,Cash,Annually,2
1199,1200,49.0,Male,Sandals,Footwear,89,Maryland,M,Indigo,Fall,4.5,No,Free Shipping,Yes,Yes,3.0,Debit Card,Weekly,2
1200,1201,,Male,Coat,Outerwear,22,Connecticut,XL,Black,Winter,,No,,Yes,Yes,,PayPal,,1
1201,1202,27.0,Male,Shoes,Footwear,61,Illinois,XL,Black,Summer,3.1,No,2-Day Shipping,Yes,Yes,46.0,Venmo,Fortnightly,2
1202,1203,48.0,Male,Scarf,Accessories,29,Maryland,S,Olive,Spring,2.9,No,Standard,Yes,Yes,14.0,Venmo,Every 3 Months,3
1203,1204,40.0,Male,Sneakers,Footwear,82,Minnesota,M,Orange,Winter,3.7,No,Free Shipping,Yes,Yes,23.0,Bank Transfer,Annually,3
1204,1205,,Male,Belt,Accessories,94,Florida,M,Pink,Spring,3.2,No,2-Day Shipping,Yes,Yes,20.0,Credit Card,,4
1205,1206,52.0,Male,Handbag,Accessories,99,California,M,Olive,Spring,3.5,No,Standard,Yes,Yes,38.0,Bank Transfer,Fortnightly,1
1206,1207,22.0,Male,Handbag,Accessories,59,Mississippi,S,Cyan,Fall,3.0,No,Free Shipping,Yes,Yes,16.0,Venmo,Every 3 Months,2
1207,1208,62.0,Male,Boots,Footwear,90,Washington,M,White,Summer,4.1,No,Next Day Air,Yes,Yes,48.0,Credit Card,Every 3 Months,1
1208,1209,20.0,Male,Boots,Footwear,100,Wisconsin,S,Red,Winter,2.9,No,2-Day Shipping,Yes,Yes,8.0,Debit Card,Annually,1
1209,1210,41.0,Male,Pants,Clothing,62,Pennsylvania,M,Blue,Winter,3.8,No,Next Day Air,Yes,Yes,16.0,Bank Transfer,Monthly,4
1210,1211,,Male,Sunglasses,Accessories,78,Missouri,M,Olive,Fall,,No,,Yes,Yes,,Cash,,2
1211,1212,23.0,Male,Hoodie,Clothing,94,Oklahoma,M,Green,Spring,4.6,No,Store Pickup,Yes,Yes,14.0,Venmo,Every 3 Months,3
1212,1213,32.0,Male,Shoes,Footwear,74,Pennsylvania,M,Yellow,Summer,2.5,No,Free Shipping,Yes,Yes,18.0,Credit Card,Weekly,3
1213,1214,68.0,Male,Handbag,Accessories,52,Kentucky,XL,Black,Spring,3.7,No,Express,Yes,Yes,14.0,Debit Card,Every 3 Months,3
1214,1215,30.0,Male,Jacket,Outerwear,81,Vermont,M,Blue,Fall,3.8,No,Free Shipping,Yes,Yes,5.0,Cash,Every 3 Months,2
1215,1216,66.0,Male,Blouse,Clothing,20,Oregon,L,Pink,Winter,2.6,No,2-Day Shipping,Yes,Yes,15.0,Credit Card,Every 3 Months,3
1216,1217,62.0,Male,Pants,Clothing,32,Utah,XL,Lavender,Summer,3.7,No,Free Shipping,Yes,Yes,3.0,Venmo,Every 3 Months,4
1217,1218,50.0,Male,Boots,Footwear,63,Nebraska,XL,Cyan,Fall,2.6,No,Free Shipping,Yes,Yes,12.0,Cash,Every 3 Months,4
1218,1219,55.0,Male,Boots,Footwear,79,Pennsylvania,M,Cyan,Spring,3.1,No,Store Pickup,Yes,Yes,43.0,Cash,Every 3 Months,2
1219,1220,19.0,Male,Sweater,Clothing,23,Vermont,M,Gold,Winter,2.5,No,Next Day Air,Yes,Yes,35.0,Credit Card,Bi-Weekly,2
1220,1221,,Male,Gloves,Accessories,64,Kentucky,M,Green,Winter,,No,,Yes,Yes,,Bank Transfer,,4
1221,1222,18.0,Male,Socks,Clothing,69,Iowa,M,Red,Winter,4.5,No,Standard,Yes,Yes,3.0,Cash,Quarterly,1
1222,1223,58.0,Male,Jeans,Clothing,69,Indiana,L,Magenta,Fall,3.4,No,Store Pickup,Yes,Yes,27.0,Bank Transfer,,4
1223,1224,69.0,Male,Pants,Clothing,24,Kansas,L,Red,Winter,3.9,No,Free Shipping,Yes,Yes,21.0,Bank Transfer,Weekly,3
1224,1225,62.0,Male,Shorts,Clothing,50,Illinois,M,Yellow,Summer,3.7,No,Store Pickup,Yes,Yes,18.0,Venmo,Weekly,3
1225,1226,28.0,Male,Gloves,Accessories,97,North Carolina,S,Turquoise,Fall,2.6,No,Free Shipping,Yes,Yes,16.0,Debit Card,Weekly,3
1226,1227,,Male,Sandals,Footwear,91,Ohio,S,Cyan,Fall,,No,,Yes,Yes,,Venmo,,1
1227,1228,27.0,Male,Blouse,Clothing,37,Illinois,L,Yellow,Spring,4.9,No,Store Pickup,Yes,Yes,19.0,Bank Transfer,Bi-Weekly,4
1228,1229,,Male,Jacket,Outerwear,55,Indiana,S,Yellow,Winter,,No,,Yes,Yes,,Cash,,3
1229,1230,34.0,Male,Jewelry,Accessories,52,Kansas,XL,Maroon,Winter,3.6,No,Express,Yes,Yes,39.0,Bank Transfer,Annually,1
1230,1231,25.0,Male,Hat,Accessories,80,Illinois,L,Brown,Spring,4.6,No,Standard,Yes,Yes,49.0,Venmo,Monthly,1
1231,1232,,Male,Socks,Clothing,79,Pennsylvania,M,Gold,Spring,,No,,Yes,Yes,,Credit Card,,2
1232,1233,57.0,Male,Handbag,Accessories,23,New York,M,Charcoal,Summer,3.6,No,Free Shipping,Yes,Yes,31.0,Debit Card,Every 3 Months,3
1233,1234,,Male,Pants,Clothing,73,Utah,L,Beige,Winter,3.5,No,Next Day Air,Yes,Yes,40.0,Venmo,,1
1234,1235,38.0,Male,Gloves,Accessories,99,New Jersey,M,Indigo,Fall,4.1,No,Store Pickup,Yes,Yes,2.0,Bank Transfer,Bi-Weekly,1
1235,1236,,Male,Sweater,Clothing,22,Idaho,M,Red,Spring,,No,,Yes,Yes,,PayPal,,1
1236,1237,42.0,Male,Hat,Accessories,68,New Mexico,M,White,Summer,4.4,No,Store Pickup,Yes,Yes,35.0,Debit Card,Every 3 Months,3
1237,1238,25.0,Male,Dress,Clothing,92,Michigan,S,Charcoal,Spring,4.4,No,2-Day Shipping,Yes,Yes,42.0,Credit Card,,3
1238,1239,55.0,Male,Pants,Clothing,77,Wyoming,M,Violet,Winter,3.7,No,Express,Yes,Yes,3.0,Venmo,Fortnightly,1
1239,1240,62.0,Male,Coat,Outerwear,37,New Jersey,XL,Magenta,Spring,4.8,No,Standard,Yes,Yes,32.0,Debit Card,Every 3 Months,3
1240,1241,41.0,Male,Scarf,Accessories,79,New Jersey,L,White,Winter,2.9,No,Store Pickup,Yes,Yes,48.0,Debit Card,Annually,2
1241,1242,58.0,Male,Hoodie,Clothing,51,Hawaii,XL,Pink,Winter,3.1,No,Express,Yes,Yes,34.0,Credit Card,Weekly,3
1242,1243,,Male,Socks,Clothing,27,Nevada,M,Lavender,Summer,,No,,Yes,Yes,,Bank Transfer,,1
1243,1244,25.0,Male,Blouse,Clothing,23,New Hampshire,S,Pink,Spring,3.0,No,Store Pickup,Yes,Yes,22.0,Debit Card,Annually,1
1244,1245,70.0,Male,Socks,Clothing,76,Indiana,S,Silver,Summer,3.9,No,2-Day Shipping,Yes,Yes,2.0,Cash,Monthly,2
1245,1246,42.0,Male,Dress,Clothing,31,New York,M,Violet,Fall,3.4,No,Standard,Yes,Yes,30.0,Bank Transfer,Weekly,3
1246,1247,27.0,Male,Hoodie,Clothing,60,Louisiana,M,Charcoal,Winter,2.7,No,Standard,Yes,Yes,27.0,Cash,Monthly,1
1247,1248,65.0,Male,T-shirt,Clothing,99,Virginia,M,Charcoal,Spring,3.5,No,Express,Yes,Yes,18.0,Venmo,Bi-Weekly,1
1248,1249,62.0,Male,Hat,Accessories,37,Wisconsin,XL,Red,Winter,3.0,No,Free Shipping,Yes,Yes,8.0,Credit Card,Annually,4
1249,1250,62.0,Male,Boots,Footwear,50,Oregon,M,Peach,Winter,4.5,No,Express,Yes,Yes,48.0,Venmo,Fortnightly,2
1250,1251,52.0,Male,Jeans,Clothing,26,New Hampshire,XL,Purple,Winter,4.1,No,Free Shipping,Yes,Yes,24.0,Cash,Monthly,2
1251,1252,56.0,Male,Shorts,Clothing,86,Indiana,XL,Orange,Spring,5.0,No,Next Day Air,Yes,Yes,43.0,Credit Card,Monthly,2
1252,1253,28.0,Male,Sandals,Footwear,41,Massachusetts,L,Magenta,Fall,4.0,No,Standard,Yes,Yes,8.0,Cash,Quarterly,3
1253,1254,39.0,Male,Sandals,Footwear,23,Montana,XL,Red,Winter,4.9,No,Express,Yes,Yes,49.0,PayPal,Annually,1
1254,1255,54.0,Male,Sneakers,Footwear,56,California,XL,Black,Spring,3.3,No,2-Day Shipping,Yes,Yes,2.0,Credit Card,Bi-Weekly,2
1255,1256,30.0,Male,Hat,Accessories,68,Indiana,M,Peach,Fall,4.1,No,Standard,Yes,Yes,38.0,Cash,,2
1256,1257,45.0,Male,Coat,Outerwear,48,West Virginia,S,Olive,Winter,3.6,No,Express,Yes,Yes,4.0,Cash,Fortnightly,4
1257,1258,68.0,Male,Dress,Clothing,67,Minnesota,L,Gold,Spring,3.0,No,Free Shipping,Yes,Yes,31.0,Cash,Every 3 Months,4
1258,1259,,Male,Boots,Footwear,87,Ohio,XL,Gold,Spring,4.1,No,2-Day Shipping,Yes,Yes,34.0,Debit Card,,1
1259,1260,68.0,Male,Skirt,Clothing,64,Minnesota,M,Turquoise,Fall,3.9,No,Standard,Yes,Yes,45.0,Credit Card,Monthly,1
1260,1261,63.0,Male,Shirt,Clothing,93,Virginia,XL,Green,Spring,4.1,No,Store Pickup,Yes,Yes,30.0,Debit Card,Quarterly,1
1261,1262,,Male,Shirt,Clothing,29,Connecticut,L,Maroon,Summer,,No,,Yes,Yes,,Credit Card,,4
1262,1263,29.0,Male,Boots,Footwear,62,Tennessee,L,Brown,Winter,4.8,No,Store Pickup,Yes,Yes,44.0,Venmo,Monthly,3
1263,1264,41.0,Male,Hoodie,Clothing,70,Delaware,L,Brown,Winter,4.6,No,2-Day Shipping,Yes,Yes,1.0,Credit Card,Bi-Weekly,4
1264,1265,52.0,Male,Sweater,Clothing,92,Vermont,S,Blue,Winter,2.5,No,Next Day Air,Yes,Yes,1.0,Venmo,Bi-Weekly,4
1265,1266,32.0,Male,Shirt,Clothing,79,Louisiana,M,Lavender,Spring,2.7,No,Next Day Air,Yes,Yes,27.0,Bank Transfer,Weekly,4
1266,1267,20.0,Male,Blouse,Clothing,31,North Dakota,M,Peach,Fall,4.0,No,Standard,Yes,Yes,14.0,Debit Card,Every 3 Months,3
1267,1268,47.0,Male,T-shirt,Clothing,83,Oregon,S,Gray,Spring,2.7,No,Standard,Yes,Yes,41.0,Cash,Weekly,2
1268,1269,23.0,Male,Jacket,Outerwear,88,Idaho,XL,Charcoal,Winter,2.9,No,Next Day Air,Yes,Yes,25.0,Debit Card,,3
1269,1270,43.0,Male,Jewelry,Accessories,53,Vermont,M,Lavender,Spring,3.0,No,Standard,Yes,Yes,47.0,PayPal,Quarterly,1
1270,1271,,Male,Hoodie,Clothing,98,West Virginia,M,Green,Fall,,No,,Yes,Yes,,Cash,,4
1271,1272,70.0,Male,Jewelry,Accessories,57,Kentucky,S,Gray,Spring,4.3,No,Store Pickup,Yes,Yes,42.0,PayPal,Annually,4
1272,1273,,Male,Sandals,Footwear,80,Wisconsin,M,Orange,Winter,,No,Express,Yes,Yes,,Bank Transfer,,4
1273,1274,41.0,Male,Jeans,Clothing,29,Mississippi,L,Silver,Spring,4.1,No,Next Day Air,Yes,Yes,32.0,Credit Card,Every 3 Months,3
1274,1275,54.0,Male,Hat,Accessories,73,Missouri,M,Olive,Spring,3.1,No,2-Day Shipping,Yes,Yes,37.0,PayPal,Quarterly,4
1275,1276,55.0,Male,Sweater,Clothing,32,Arkansas,S,Turquoise,Fall,4.5,No,Standard,Yes,Yes,1.0,PayPal,Monthly,1
1276,1277,51.0,Male,Boots,Footwear,68,Wyoming,L,Turquoise,Spring,4.8,No,Next Day Air,Yes,Yes,37.0,Bank Transfer,Weekly,1
1277,1278,19.0,Male,Blouse,Clothing,97,Rhode Island,L,Green,Spring,5.0,No,Express,Yes,Yes,5.0,Venmo,Quarterly,4
1278,1279,,Male,Shorts,Clothing,98,Utah,M,Violet,Fall,,No,,Yes,Yes,,Venmo,,2
1279,1280,63.0,Male,Hoodie,Clothing,56,Maryland,L,Charcoal,Fall,3.7,No,Express,Yes,Yes,18.0,Debit Card,Annually,2
1280,1281,30.0,Male,Pants,Clothing,78,Georgia,L,White,Winter,4.4,No,2-Day Shipping,Yes,Yes,39.0,Venmo,Every 3 Months,2
1281,1282,,Male,Belt,Accessories,81,New Jersey,M,Olive,Spring,4.5,No,Store Pickup,Yes,Yes,8.0,Venmo,,3
1282,1283,24.0,Male,Shirt,Clothing,68,New Hampshire,L,Violet,Winter,3.0,No,Free Shipping,Yes,Yes,20.0,Venmo,Monthly,3
1283,1284,69.0,Male,Shirt,Clothing,94,Oregon,M,Violet,Winter,3.9,No,2-Day Shipping,Yes,Yes,23.0,Debit Card,Every 3 Months,1
1284,1285,,Male,Dress,Clothing,93,Arkansas,M,Black,Spring,,No,,Yes,Yes,,PayPal,,1
1285,1286,64.0,Male,Gloves,Accessories,99,North Carolina,M,Charcoal,Fall,3.5,No,Next Day Air,Yes,Yes,45.0,Bank Transfer,Fortnightly,3
1286,1287,40.0,Male,Gloves,Accessories,49,West Virginia,L,Yellow,Winter,4.9,No,Next Day Air,Yes,Yes,44.0,Debit Card,Fortnightly,4
1287,1288,24.0,Male,Jeans,Clothing,28,Utah,XL,Blue,Winter,3.4,No,Standard,Yes,Yes,20.0,PayPal,Monthly,3
1288,1289,,Male,Belt,Accessories,93,South Dakota,XL,Charcoal,Winter,,No,,Yes,Yes,,PayPal,,3
1289,1290,,Male,Jacket,Outerwear,24,New Hampshire,M,Red,Fall,,No,,Yes,Yes,,PayPal,,4
1290,1291,67.0,Male,Skirt,Clothing,35,Maryland,M,Indigo,Spring,3.4,No,Free Shipping,Yes,Yes,3.0,PayPal,Annually,3
1291,1292,69.0,Male,Sandals,Footwear,68,South Dakota,S,Beige,Spring,3.2,No,2-Day Shipping,Yes,Yes,23.0,Debit Card,Fortnightly,1
1292,1293,,Male,Belt,Accessories,61,Kentucky,M,Maroon,Summer,,No,,Yes,Yes,,Bank Transfer,,4
1293,1294,,Male,Sweater,Clothing,74,Florida,XL,Yellow,Fall,4.1,No,Standard,Yes,Yes,30.0,Debit Card,,2
1294,1295,27.0,Male,Shirt,Clothing,64,Texas,M,Silver,Summer,4.5,No,Standard,Yes,Yes,21.0,Cash,Every 3 Months,4
1295,1296,,Male,Sneakers,Footwear,60,New Mexico,M,Olive,Fall,,No,,Yes,Yes,,PayPal,,4
1296,1297,48.0,Male,Jeans,Clothing,29,South Dakota,S,Teal,Spring,2.8,No,Express,Yes,Yes,16.0,Cash,Bi-Weekly,2
1297,1298,44.0,Male,Sandals,Footwear,85,New Jersey,M,Silver,Summer,4.6,No,Standard,Yes,Yes,32.0,Venmo,Annually,3
1298,1299,29.0,Male,Pants,Clothing,81,Indiana,S,Indigo,Summer,3.0,No,Free Shipping,Yes,Yes,14.0,Bank Transfer,Fortnightly,3
1299,1300,29.0,Male,Belt,Accessories,23,Louisiana,L,Teal,Fall,3.6,No,2-Day Shipping,Yes,Yes,42.0,Venmo,Bi-Weekly,4
1300,1301,67.0,Male,T-shirt,Clothing,100,West Virginia,M,Charcoal,Spring,4.5,No,Next Day Air,Yes,Yes,47.0,Credit Card,Every 3 Months,1
1301,1302,42.0,Male,Shirt,Clothing,54,Maine,M,Orange,Fall,5.0,No,Express,Yes,Yes,21.0,Debit Card,Weekly,1
1302,1303,23.0,Male,Sneakers,Footwear,25,Idaho,M,Gold,Fall,2.9,No,Next Day Air,Yes,Yes,37.0,Credit Card,Monthly,3
1303,1304,34.0,Male,Blouse,Clothing,32,New York,L,Silver,Summer,3.1,No,Next Day Air,Yes,Yes,10.0,Credit Card,Annually,1
1304,1305,64.0,Male,Backpack,Accessories,63,Montana,S,Orange,Spring,4.0,No,2-Day Shipping,Yes,Yes,18.0,PayPal,Every 3 Months,1
1305,1306,31.0,Male,Pants,Clothing,56,Mississippi,XL,Peach,Spring,4.5,No,Express,Yes,Yes,2.0,PayPal,Every 3 Months,2
1306,1307,54.0,Male,Sweater,Clothing,33,Alaska,L,Brown,Winter,4.5,No,Next Day Air,Yes,Yes,40.0,PayPal,Annually,2
1307,1308,23.0,Male,Coat,Outerwear,32,Missouri,L,Black,Summer,3.1,No,Express,Yes,Yes,43.0,PayPal,Annually,1
1308,1309,59.0,Male,Dress,Clothing,38,Rhode Island,L,Red,Summer,4.4,No,Next Day Air,Yes,Yes,14.0,Credit Card,Every 3 Months,1
1309,1310,,Male,Blouse,Clothing,21,Hawaii,L,Lavender,Summer,,No,Store Pickup,Yes,Yes,,Cash,,2
1310,1311,43.0,Male,Hoodie,Clothing,59,South Carolina,L,Brown,Winter,3.1,No,Store Pickup,Yes,Yes,38.0,Credit Card,Every 3 Months,1
1311,1312,32.0,Male,Shoes,Footwear,87,Tennessee,M,Maroon,Fall,4.2,No,Express,Yes,Yes,12.0,Venmo,Annually,4
1312,1313,66.0,Male,T-shirt,Clothing,79,Missouri,M,Violet,Winter,3.0,No,Store Pickup,Yes,Yes,19.0,Bank Transfer,Monthly,1
1313,1314,70.0,Male,Shoes,Footwear,28,Missouri,M,Lavender,Summer,2.6,No,Free Shipping,Yes,Yes,23.0,Credit Card,Bi-Weekly,1
1314,1315,42.0,Male,Boots,Footwear,67,Missouri,S,Magenta,Summer,3.4,No,Free Shipping,Yes,Yes,49.0,Debit Card,Annually,4
1315,1316,,Male,Shorts,Clothing,75,Mississippi,L,Green,Spring,4.2,No,2-Day Shipping,Yes,Yes,29.0,Debit Card,,3
1316,1317,28.0,Male,Belt,Accessories,32,Arkansas,S,Lavender,Spring,4.6,No,Standard,Yes,Yes,14.0,Debit Card,Bi-Weekly,2
1317,1318,28.0,Male,Pants,Clothing,43,Kentucky,M,Green,Spring,2.8,No,Free Shipping,Yes,Yes,19.0,Cash,Monthly,3
1318,1319,52.0,Male,Shorts,Clothing,93,Connecticut,M,Maroon,Spring,2.7,No,Express,Yes,Yes,19.0,Credit Card,Bi-Weekly,2
1319,1320,65.0,Male,Sunglasses,Accessories,24,Oklahoma,M,Magenta,Spring,4.0,No,Standard,Yes,Yes,48.0,Bank Transfer,Weekly,3
1320,1321,,Male,Hat,Accessories,31,California,XL,Teal,Fall,,No,,Yes,Yes,,Debit Card,,4
1321,1322,59.0,Male,T-shirt,Clothing,84,Missouri,L,Orange,Winter,3.7,No,Express,Yes,Yes,45.0,Bank Transfer,Every 3 Months,3
1322,1323,23.0,Male,Pants,Clothing,74,Washington,M,Violet,Winter,4.0,No,Next Day Air,Yes,Yes,17.0,Bank Transfer,Quarterly,1
1323,1324,58.0,Male,Shorts,Clothing,62,New York,M,Yellow,Spring,4.6,No,Standard,Yes,Yes,15.0,Debit Card,Every 3 Months,2
1324,1325,39.0,Male,Jewelry,Accessories,77,Indiana,S,Orange,Summer,3.8,No,Free Shipping,Yes,Yes,11.0,Credit Card,Fortnightly,1
1325,1326,28.0,Male,Backpack,Accessories,73,Oregon,L,Gold,Summer,3.5,No,Express,Yes,Yes,1.0,Cash,Monthly,3
1326,1327,40.0,Male,Shoes,Footwear,50,Texas,M,Indigo,Spring,4.6,No,Free Shipping,Yes,Yes,17.0,Cash,Monthly,4
1327,1328,52.0,Male,Coat,Outerwear,40,Florida,M,Turquoise,Winter,2.8,No,Standard,Yes,Yes,37.0,Cash,Weekly,3
1328,1329,37.0,Male,Sweater,Clothing,97,Rhode Island,M,Orange,Winter,3.7,No,Standard,Yes,Yes,40.0,Bank Transfer,Weekly,4
1329,1330,70.0,Male,Gloves,Accessories,63,Texas,M,Indigo,Fall,3.3,No,Express,Yes,Yes,50.0,PayPal,Every 3 Months,1
1330,1331,30.0,Male,Handbag,Accessories,65,Vermont,M,Charcoal,Fall,2.9,No,Standard,Yes,Yes,20.0,PayPal,,4
1331,1332,38.0,Male,Socks,Clothing,91,Maryland,M,Lavender,Spring,3.2,No,Standard,Yes,Yes,8.0,PayPal,Bi-Weekly,3
1332,1333,66.0,Male,Hoodie,Clothing,60,Alaska,S,Gold,Spring,4.3,No,Store Pickup,Yes,Yes,16.0,Bank Transfer,Quarterly,4
1333,1334,29.0,Male,Pants,Clothing,69,Idaho,M,Lavender,Winter,2.7,No,Next Day Air,Yes,Yes,9.0,Bank Transfer,Quarterly,3
1334,1335,,Male,Coat,Outerwear,52,West Virginia,S,White,Spring,,No,,Yes,Yes,,Venmo,,4
1335,1336,56.0,Male,Boots,Footwear,49,Nevada,M,Lavender,Fall,4.8,No,2-Day Shipping,Yes,Yes,26.0,Credit Card,Weekly,2
1336,1337,23.0,Male,Sneakers,Footwear,85,Oregon,M,Charcoal,Spring,4.8,No,Store Pickup,Yes,Yes,44.0,Debit Card,Fortnightly,2
1337,1338,37.0,Male,Sweater,Clothing,86,Tennessee,L,Silver,Spring,3.4,No,Express,Yes,Yes,19.0,Credit Card,Bi-Weekly,4
1338,1339,56.0,Male,Handbag,Accessories,51,Alabama,S,Yellow,Winter,2.6,No,Standard,Yes,Yes,43.0,PayPal,Fortnightly,4
1339,1340,36.0,Male,Belt,Accessories,56,Indiana,L,Olive,Winter,5.0,No,Next Day Air,Yes,Yes,5.0,Bank Transfer,Every 3 Months,2
1340,1341,,Male,Belt,Accessories,72,Idaho,M,Peach,Fall,,No,,Yes,Yes,,Debit Card,,3
1341,1342,26.0,Male,Hoodie,Clothing,27,Rhode Island,XL,Yellow,Fall,2.9,No,Standard,Yes,Yes,31.0,Bank Transfer,Quarterly,2
1342,1343,57.0,Male,Sunglasses,Accessories,43,Arizona,XL,Yellow,Summer,3.4,No,2-Day Shipping,Yes,Yes,11.0,Bank Transfer,Monthly,2
1343,1344,68.0,Male,Sneakers,Footwear,56,Florida,M,Indigo,Spring,3.4,No,Standard,Yes,Yes,34.0,Bank Transfer,Monthly,1
1344,1345,,Male,T-shirt,Clothing,37,New York,S,Violet,Fall,,No,,Yes,Yes,,Cash,,2
1345,1346,40.0,Male,Dress,Clothing,21,Nebraska,M,White,Fall,3.6,No,Standard,Yes,Yes,42.0,Venmo,Weekly,1
1346,1347,44.0,Male,Hoodie,Clothing,91,Mississippi,L,White,Winter,3.0,No,Free Shipping,Yes,Yes,15.0,Venmo,Bi-Weekly,1
1347,1348,44.0,Male,Sweater,Clothing,95,Vermont,M,Cyan,Summer,3.9,No,2-Day Shipping,Yes,Yes,47.0,Bank Transfer,Monthly,3
1348,1349,19.0,Male,Belt,Accessories,54,Nebraska,XL,Purple,Spring,3.2,No,Standard,Yes,Yes,23.0,Credit Card,Fortnightly,2
1349,1350,21.0,Male,Socks,Clothing,36,South Carolina,XL,Black,Spring,3.2,No,Next Day Air,Yes,Yes,23.0,Cash,Bi-Weekly,3
1350,1351,,Male,Sunglasses,Accessories,71,Delaware,M,Orange,Fall,4.3,No,Next Day Air,Yes,Yes,1.0,Cash,,2
1351,1352,,Male,Coat,Outerwear,31,Vermont,L,Maroon,Summer,2.8,No,2-Day Shipping,Yes,Yes,28.0,Bank Transfer,,4
1352,1353,65.0,Male,Hat,Accessories,89,Indiana,XL,Orange,Spring,4.5,No,Next Day Air,Yes,Yes,37.0,Credit Card,Bi-Weekly,2
1353,1354,39.0,Male,Pants,Clothing,83,Oregon,M,Teal,Winter,4.1,No,Next Day Air,Yes,Yes,4.0,Cash,Every 3 Months,1
1354,1355,64.0,Male,Backpack,Accessories,42,Maryland,M,Gray,Spring,3.6,No,2-Day Shipping,Yes,Yes,21.0,Bank Transfer,Quarterly,1
1355,1356,59.0,Male,Shorts,Clothing,91,Florida,M,Blue,Summer,3.0,No,2-Day Shipping,Yes,Yes,50.0,PayPal,Bi-Weekly,3
1356,1357,,Male,Jacket,Outerwear,61,Indiana,M,Cyan,Spring,,No,,Yes,Yes,,Bank Transfer,,4
1357,1358,24.0,Male,Backpack,Accessories,66,Texas,S,Red,Summer,3.5,No,Next Day Air,Yes,Yes,20.0,Cash,Quarterly,4
1358,1359,19.0,Male,Scarf,Accessories,22,Nebraska,XL,Pink,Spring,2.5,No,Store Pickup,Yes,Yes,25.0,Venmo,Every 3 Months,2
1359,1360,27.0,Male,Hoodie,Clothing,68,North Carolina,S,Cyan,Winter,4.3,No,Store Pickup,Yes,Yes,26.0,Bank Transfer,Fortnightly,2
1360,1361,56.0,Male,Skirt,Clothing,43,Alabama,L,Black,Fall,2.8,No,Express,Yes,Yes,4.0,Bank Transfer,Annually,3
1361,1362,,Male,Dress,Clothing,32,Alabama,M,Beige,Fall,,No,Next Day Air,Yes,Yes,,Debit Card,,2
1362,1363,,Male,Coat,Outerwear,46,Colorado,M,Gray,Fall,,No,,Yes,Yes,,Cash,,4
1363,1364,36.0,Male,Blouse,Clothing,90,Wisconsin,L,Red,Summer,4.0,No,Express,Yes,Yes,47.0,PayPal,Quarterly,2
1364,1365,68.0,Male,Hat,Accessories,75,Delaware,L,Yellow,Fall,4.7,No,Express,Yes,Yes,5.0,Cash,Every 3 Months,4
1365,1366,28.0,Male,Handbag,Accessories,69,Indiana,M,Magenta,Winter,4.5,No,Store Pickup,Yes,Yes,18.0,Bank Transfer,Fortnightly,1
1366,1367,,Male,Belt,Accessories,40,Iowa,M,Magenta,Fall,,No,,Yes,Yes,,Credit Card,,3
1367,1368,60.0,Male,Belt,Accessories,63,Iowa,S,Black,Fall,3.8,No,Express,Yes,Yes,25.0,Cash,Quarterly,1
1368,1369,21.0,Male,Shirt,Clothing,36,Wisconsin,L,Orange,Summer,4.9,No,Express,Yes,Yes,2.0,Cash,Weekly,3
1369,1370,32.0,Male,Shoes,Footwear,75,Iowa,M,Green,Winter,3.2,No,Standard,Yes,Yes,48.0,Venmo,Fortnightly,3
1370,1371,,Male,Scarf,Accessories,67,Montana,L,Peach,Summer,,No,,Yes,Yes,,Bank Transfer,,4
1371,1372,40.0,Male,Pants,Clothing,64,Mississippi,M,Charcoal,Spring,2.8,No,Store Pickup,Yes,Yes,42.0,Credit Card,Monthly,3
1372,1373,64.0,Male,Blouse,Clothing,61,Michigan,M,Gray,Fall,4.0,No,2-Day Shipping,Yes,Yes,44.0,PayPal,Bi-Weekly,2
1373,1374,18.0,Male,Gloves,Accessories,40,Virginia,L,Turquoise,Winter,2.6,No,Store Pickup,Yes,Yes,6.0,Cash,,3
1374,1375,22.0,Male,Handbag,Accessories,97,New York,M,Red,Fall,2.7,No,Free Shipping,Yes,Yes,5.0,Bank Transfer,Quarterly,4
1375,1376,42.0,Male,Sneakers,Footwear,31,Maine,L,Brown,Spring,4.1,No,2-Day Shipping,Yes,Yes,8.0,Credit Card,Annually,2
1376,1377,57.0,Male,Sandals,Footwear,65,New Jersey,L,Pink,Spring,5.0,No,Free Shipping,Yes,Yes,24.0,PayPal,Annually,2
1377,1378,33.0,Male,Sunglasses,Accessories,54,Maryland,L,Olive,Spring,3.0,No,Next Day Air,Yes,Yes,42.0,Venmo,Monthly,3
1378,1379,37.0,Male,Jacket,Outerwear,49,Kentucky,XL,Lavender,Fall,3.6,No,Free Shipping,Yes,Yes,24.0,Venmo,,2
1379,1380,21.0,Male,T-shirt,Clothing,64,Minnesota,L,Purple,Fall,2.8,No,2-Day Shipping,Yes,Yes,38.0,Venmo,Bi-Weekly,1
1380,1381,51.0,Male,Sneakers,Footwear,35,Massachusetts,S,Beige,Winter,4.6,No,Standard,Yes,Yes,41.0,Cash,Fortnightly,4
1381,1382,30.0,Male,Shoes,Footwear,86,Illinois,L,Green,Winter,2.9,No,Standard,Yes,Yes,48.0,Venmo,Quarterly,4
1382,1383,,Male,Jacket,Outerwear,55,Michigan,L,Brown,Winter,4.8,No,Express,Yes,Yes,16.0,Bank Transfer,,1
1383,1384,36.0,Male,Scarf,Accessories,58,Wisconsin,M,Beige,Spring,3.3,No,Express,Yes,Yes,4.0,Venmo,Monthly,3
1384,1385,46.0,Male,Sneakers,Footwear,96,Alaska,M,Beige,Fall,4.6,No,Standard,Yes,Yes,8.0,Bank Transfer,Weekly,4
1385,1386,41.0,Male,Jewelry,Accessories,64,Mississippi,M,Indigo,Fall,2.6,No,Store Pickup,Yes,Yes,1.0,Bank Transfer,Bi-Weekly,3
1386,1387,68.0,Male,Jacket,Outerwear,56,Oregon,M,Silver,Fall,4.0,No,Next Day Air,Yes,Yes,4.0,Debit Card,Quarterly,3
1387,1388,21.0,Male,Blouse,Clothing,85,Maryland,M,Gold,Winter,3.8,No,Standard,Yes,Yes,20.0,Credit Card,Monthly,4
1388,1389,62.0,Male,Dress,Clothing,23,Arkansas,M,Lavender,Spring,3.9,No,Express,Yes,Yes,40.0,Cash,Quarterly,4
1389,1390,59.0,Male,Scarf,Accessories,72,Illinois,L,Orange,Fall,2.6,No,Store Pickup,Yes,Yes,8.0,Debit Card,Fortnightly,1
1390,1391,25.0,Male,Hat,Accessories,38,Arkansas,M,Maroon,Summer,4.3,No,Standard,Yes,Yes,42.0,Debit Card,Weekly,4
1391,1392,53.0,Male,Blouse,Clothing,29,Mississippi,S,White,Winter,3.6,No,Express,Yes,Yes,38.0,Credit Card,Annually,3
1392,1393,31.0,Male,Gloves,Accessories,46,Arkansas,M,Yellow,Spring,4.2,No,Express,Yes,Yes,34.0,Venmo,Every 3 Months,3
1393,1394,,Male,Gloves,Accessories,58,Idaho,L,Yellow,Spring,3.9,No,Express,Yes,Yes,14.0,PayPal,,4
1394,1395,26.0,Male,Coat,Outerwear,43,Iowa,L,Magenta,Fall,4.7,No,Next Day Air,Yes,Yes,39.0,Cash,Weekly,4
1395,1396,47.0,Male,Scarf,Accessories,32,West Virginia,L,Turquoise,Spring,2.8,No,Next Day Air,Yes,Yes,40.0,PayPal,Bi-Weekly,4
1396,1397,37.0,Male,Pants,Clothing,30,Wisconsin,XL,Lavender,Winter,3.0,No,Next Day Air,Yes,Yes,49.0,Debit Card,Monthly,2
1397,1398,55.0,Male,Sunglasses,Accessories,67,Massachusetts,S,Magenta,Summer,4.7,No,Store Pickup,Yes,Yes,33.0,PayPal,Annually,4
1398,1399,,Male,Dress,Clothing,45,Texas,M,Cyan,Summer,,No,,Yes,Yes,,Credit Card,,4
1399,1400,19.0,Male,Hat,Accessories,81,Nebraska,M,Olive,Winter,3.1,No,Store Pickup,Yes,Yes,48.0,Venmo,Annually,3
1400,1401,36.0,Male,Backpack,Accessories,23,Nevada,M,Red,Fall,3.6,No,Next Day Air,Yes,Yes,22.0,Credit Card,Every 3 Months,1
1401,1402,23.0,Male,Sandals,Footwear,59,Indiana,M,Blue,Fall,3.5,No,2-Day Shipping,Yes,Yes,1.0,PayPal,Weekly,1
1402,1403,,Male,Sunglasses,Accessories,21,North Dakota,L,White,Summer,,No,,Yes,Yes,,PayPal,,1
1403,1404,26.0,Male,Backpack,Accessories,20,Georgia,M,Peach,Spring,3.6,No,Store Pickup,Yes,Yes,20.0,Credit Card,Bi-Weekly,2
1404,1405,36.0,Male,Jewelry,Accessories,28,New Mexico,M,Charcoal,Winter,3.5,No,Next Day Air,Yes,Yes,10.0,Debit Card,Weekly,1
1405,1406,33.0,Male,Socks,Clothing,100,New Hampshire,M,Peach,Winter,2.7,No,Store Pickup,Yes,Yes,39.0,Credit Card,Monthly,4
1406,1407,32.0,Male,Shirt,Clothing,46,Washington,L,Turquoise,Spring,3.6,No,Express,Yes,Yes,15.0,Debit Card,Monthly,4
1407,1408,,Male,Handbag,Accessories,61,Nevada,XL,Charcoal,Spring,4.5,No,Express,Yes,Yes,11.0,Credit Card,,3
1408,1409,58.0,Male,Blouse,Clothing,58,Maine,M,Yellow,Winter,4.1,No,Free Shipping,Yes,Yes,38.0,Venmo,Weekly,4
1409,1410,34.0,Male,Backpack,Accessories,50,Idaho,M,Blue,Spring,4.2,No,Standard,Yes,Yes,41.0,Cash,Fortnightly,4
1410,1411,61.0,Male,Hat,Accessories,93,Tennessee,M,Purple,Summer,4.0,No,Store Pickup,Yes,Yes,18.0,Debit Card,Annually,1
1411,1412,48.0,Male,Skirt,Clothing,24,Louisiana,L,Green,Summer,2.8,No,Store Pickup,Yes,Yes,13.0,Venmo,Quarterly,2
1412,1413,,Male,Shorts,Clothing,100,Michigan,M,Charcoal,Summer,2.6,No,2-Day Shipping,Yes,Yes,43.0,Venmo,,1
1413,1414,51.0,Male,Blouse,Clothing,79,New Hampshire,S,Indigo,Fall,2.7,No,Store Pickup,Yes,Yes,12.0,Bank Transfer,Quarterly,1
1414,1415,,Male,Socks,Clothing,51,Minnesota,M,Black,Summer,,No,,Yes,Yes,,Credit Card,,2
1415,1416,54.0,Male,Belt,Accessories,90,Illinois,M,Blue,Winter,3.7,No,Free Shipping,Yes,Yes,12.0,Credit Card,Every 3 Months,2
1416,1417,48.0,Male,Boots,Footwear,56,Idaho,L,Silver,Summer,3.4,No,Free Shipping,Yes,Yes,46.0,Cash,Quarterly,3
1417,1418,62.0,Male,Shorts,Clothing,25,Montana,S,Brown,Spring,4.6,No,Standard,Yes,Yes,21.0,Debit Card,,2
1418,1419,18.0,Male,Shirt,Clothing,75,Alabama,M,Violet,Summer,4.1,No,2-Day Shipping,Yes,Yes,23.0,Venmo,Every 3 Months,3
1419,1420,43.0,Male,Handbag,Accessories,75,Montana,M,Orange,Summer,2.6,No,Free Shipping,Yes,Yes,4.0,Debit Card,Quarterly,4
1420,1421,22.0,Male,Jeans,Clothing,53,California,XL,Gray,Summer,4.6,No,Store Pickup,Yes,Yes,45.0,PayPal,Every 3 Months,1
1421,1422,68.0,Male,Dress,Clothing,100,Pennsylvania,S,Gold,Spring,3.0,No,Standard,Yes,Yes,24.0,Bank Transfer,Fortnightly,4
1422,1423,44.0,Male,Dress,Clothing,27,Texas,L,Charcoal,Fall,3.4,No,Free Shipping,Yes,Yes,3.0,PayPal,,3
1423,1424,51.0,Male,Sandals,Footwear,60,Michigan,S,Black,Fall,3.5,No,Free Shipping,Yes,Yes,12.0,Venmo,Every 3 Months,4
1424,1425,,Male,Jacket,Outerwear,23,Connecticut,S,Indigo,Fall,,No,,Yes,Yes,,Bank Transfer,,4
1425,1426,59.0,Male,Coat,Outerwear,40,Wyoming,S,White,Winter,3.7,No,Next Day Air,Yes,Yes,39.0,Credit Card,Annually,1
1426,1427,60.0,Male,Pants,Clothing,38,Michigan,M,Yellow,Summer,4.8,No,Free Shipping,Yes,Yes,35.0,PayPal,,4
1427,1428,31.0,Male,Backpack,Accessories,90,South Dakota,S,Orange,Summer,4.9,No,Store Pickup,Yes,Yes,8.0,Credit Card,Annually,2
1428,1429,20.0,Male,Blouse,Clothing,97,North Dakota,S,Green,Summer,4.9,No,Express,Yes,Yes,42.0,PayPal,Quarterly,1
1429,1430,24.0,Male,Skirt,Clothing,38,Maryland,L,Gold,Fall,4.7,No,Standard,Yes,Yes,6.0,Credit Card,,2
1430,1431,48.0,Male,Sandals,Footwear,30,Michigan,S,Orange,Summer,4.9,No,Free Shipping,Yes,Yes,3.0,Credit Card,Fortnightly,1
1431,1432,,Male,Pants,Clothing,88,South Dakota,M,Cyan,Fall,,No,,Yes,Yes,,Venmo,,1
1432,1433,34.0,Male,Hat,Accessories,33,Florida,L,Black,Winter,4.4,No,Express,Yes,Yes,32.0,Debit Card,Quarterly,3
1433,1434,70.0,Male,Hoodie,Clothing,60,Minnesota,L,Yellow,Winter,3.2,No,Next Day Air,Yes,Yes,45.0,Debit Card,Weekly,1
1434,1435,59.0,Male,Sweater,Clothing,64,New York,L,Maroon,Summer,4.6,No,Free Shipping,Yes,Yes,21.0,Debit Card,Bi-Weekly,1
1435,1436,45.0,Male,Scarf,Accessories,95,Oregon,XL,Black,Fall,4.0,No,Standard,Yes,Yes,41.0,Cash,Weekly,3
1436,1437,,Male,Sneakers,Footwear,83,Minnesota,M,Gray,Winter,,No,,Yes,Yes,,PayPal,,4
1437,1438,69.0,Male,Boots,Footwear,97,Montana,XL,Orange,Winter,4.2,No,Free Shipping,Yes,Yes,14.0,Cash,Annually,4
1438,1439,58.0,Male,Coat,Outerwear,38,Washington,M,Cyan,Spring,2.9,No,Standard,Yes,Yes,24.0,Debit Card,Monthly,4
1439,1440,25.0,Male,Boots,Footwear,48,New Mexico,M,Magenta,Summer,4.8,No,Next Day Air,Yes,Yes,25.0,Cash,Fortnightly,3
1440,1441,27.0,Male,Sandals,Footwear,76,Arizona,M,Pink,Spring,4.4,No,Standard,Yes,Yes,13.0,Venmo,Monthly,4
1441,1442,34.0,Male,Pants,Clothing,25,Nebraska,S,Turquoise,Summer,3.4,No,Free Shipping,Yes,Yes,3.0,Venmo,Every 3 Months,4
1442,1443,53.0,Male,Hoodie,Clothing,92,Idaho,S,Violet,Spring,2.8,No,2-Day Shipping,Yes,Yes,42.0,Credit Card,Annually,4
1443,1444,58.0,Male,Sandals,Footwear,47,Idaho,L,Teal,Fall,4.2,No,Next Day Air,Yes,Yes,2.0,Cash,Monthly,1
1444,1445,,Male,Sweater,Clothing,36,Vermont,L,Pink,Fall,,No,,Yes,Yes,,Cash,,1
1445,1446,64.0,Male,Belt,Accessories,51,Arkansas,M,Gold,Fall,3.1,No,2-Day Shipping,Yes,Yes,24.0,Credit Card,Annually,4
1446,1447,,Male,Jeans,Clothing,35,Wyoming,XL,Red,Summer,,No,,Yes,Yes,,Credit Card,,1
1447,1448,23.0,Male,Hoodie,Clothing,57,New Mexico,S,Beige,Summer,3.0,No,Next Day Air,Yes,Yes,25.0,PayPal,Monthly,1
1448,1449,64.0,Male,Boots,Footwear,95,West Virginia,M,Black,Summer,3.6,No,Free Shipping,Yes,Yes,11.0,Credit Card,,3
1449,1450,18.0,Male,Socks,Clothing,41,New York,L,Lavender,Winter,2.5,No,Store Pickup,Yes,Yes,20.0,Cash,Every 3 Months,4
1450,1451,,Male,Dress,Clothing,44,Illinois,S,Teal,Winter,,No,,Yes,Yes,,Cash,,2
1451,1452,54.0,Male,Jacket,Outerwear,34,Utah,M,Maroon,Fall,2.5,No,Next Day Air,Yes,Yes,35.0,PayPal,Quarterly,3
1452,1453,,Male,Jacket,Outerwear,25,Colorado,L,Blue,Spring,,No,,Yes,Yes,,Bank Transfer,,1
1453,1454,36.0,Male,Boots,Footwear,93,Virginia,S,Teal,Winter,3.2,No,2-Day Shipping,Yes,Yes,41.0,Bank Transfer,Fortnightly,1
1454,1455,,Male,Sneakers,Footwear,50,Georgia,L,Maroon,Winter,2.9,No,Free Shipping,Yes,Yes,17.0,Credit Card,,3
1455,1456,60.0,Male,Pants,Clothing,79,Alabama,L,Silver,Fall,4.9,No,Express,Yes,Yes,1.0,PayPal,Every 3 Months,1
1456,1457,,Male,Coat,Outerwear,100,Montana,S,Olive,Spring,2.7,No,Store Pickup,Yes,Yes,30.0,PayPal,,3
1457,1458,58.0,Male,Shirt,Clothing,57,Pennsylvania,S,Gray,Spring,4.7,No,Express,Yes,Yes,47.0,Venmo,Fortnightly,1
1458,1459,35.0,Male,Sweater,Clothing,28,Missouri,M,Peach,Spring,2.9,No,2-Day Shipping,Yes,Yes,34.0,Venmo,Weekly,4
1459,1460,,Male,Shoes,Footwear,35,Maine,L,Yellow,Winter,4.8,No,Express,Yes,Yes,18.0,Venmo,,1
1460,1461,70.0,Male,Boots,Footwear,85,Pennsylvania,L,Violet,Fall,4.6,No,Standard,Yes,Yes,33.0,Venmo,Bi-Weekly,2
1461,1462,,Male,Sunglasses,Accessories,95,Oregon,S,Red,Summer,,No,,Yes,Yes,,Venmo,,4
1462,1463,38.0,Male,Sneakers,Footwear,90,Utah,S,Charcoal,Summer,4.8,No,2-Day Shipping,Yes,Yes,2.0,Venmo,Quarterly,3
1463,1464,54.0,Male,Jewelry,Accessories,49,Oklahoma,M,Beige,Summer,4.9,No,Store Pickup,Yes,Yes,1.0,Bank Transfer,Monthly,3
1464,1465,33.0,Male,Belt,Accessories,92,Montana,M,Peach,Winter,4.6,No,2-Day Shipping,Yes,Yes,23.0,Bank Transfer,Quarterly,1
1465,1466,46.0,Male,Gloves,Accessories,72,Nebraska,XL,Violet,Winter,3.9,No,Store Pickup,Yes,Yes,42.0,Cash,Bi-Weekly,4
1466,1467,58.0,Male,Shorts,Clothing,71,Alabama,M,Green,Summer,4.5,No,Store Pickup,Yes,Yes,3.0,PayPal,Annually,3
1467,1468,,Male,Jewelry,Accessories,27,Ohio,XL,Olive,Winter,4.7,No,Store Pickup,Yes,Yes,16.0,Debit Card,,4
1468,1469,42.0,Male,Gloves,Accessories,39,Arkansas,S,Silver,Fall,3.9,No,Express,Yes,Yes,46.0,Cash,Fortnightly,3
1469,1470,28.0,Male,Jewelry,Accessories,98,Mississippi,M,Purple,Winter,4.4,No,Standard,Yes,Yes,31.0,PayPal,Every 3 Months,1
1470,1471,43.0,Male,Sandals,Footwear,27,California,M,Silver,Spring,3.9,No,Next Day Air,Yes,Yes,15.0,Cash,Every 3 Months,3
1471,1472,31.0,Male,Jewelry,Accessories,71,Alaska,S,Gray,Spring,2.8,No,2-Day Shipping,Yes,Yes,48.0,Venmo,Every 3 Months,2
1472,1473,39.0,Male,Hat,Accessories,24,Indiana,L,Turquoise,Spring,3.5,No,Store Pickup,Yes,Yes,11.0,Cash,Weekly,2
1473,1474,69.0,Male,Shorts,Clothing,63,Wisconsin,M,Violet,Fall,4.3,No,Express,Yes,Yes,20.0,Credit Card,Every 3 Months,1
1474,1475,,Male,Sweater,Clothing,72,New Jersey,S,Pink,Fall,,No,,Yes,Yes,,Credit Card,,1
1475,1476,44.0,Male,Blouse,Clothing,61,Rhode Island,M,Teal,Spring,4.0,No,Express,Yes,Yes,24.0,Cash,Monthly,3
1476,1477,,Male,Hat,Accessories,56,Wyoming,M,Magenta,Fall,4.1,No,Next Day Air,Yes,Yes,18.0,Credit Card,,2
1477,1478,24.0,Male,Belt,Accessories,32,Oregon,XL,Silver,Summer,4.3,No,Standard,Yes,Yes,1.0,PayPal,Every 3 Months,1
1478,1479,28.0,Male,Gloves,Accessories,23,Washington,M,Blue,Summer,4.2,No,Free Shipping,Yes,Yes,13.0,Venmo,Bi-Weekly,1
1479,1480,48.0,Male,Coat,Outerwear,100,Washington,L,Black,Spring,4.0,No,Standard,Yes,Yes,2.0,Bank Transfer,Weekly,3
1480,1481,,Male,Jewelry,Accessories,74,New Hampshire,M,Gold,Fall,,No,,Yes,Yes,,Cash,,4
1481,1482,64.0,Male,Skirt,Clothing,33,Maryland,S,Gray,Spring,3.3,No,Standard,Yes,Yes,31.0,PayPal,Quarterly,1
1482,1483,28.0,Male,Gloves,Accessories,67,Wisconsin,S,Magenta,Spring,4.1,No,2-Day Shipping,Yes,Yes,43.0,Bank Transfer,Weekly,2
1483,1484,39.0,Male,Jewelry,Accessories,61,Massachusetts,S,Yellow,Summer,4.7,No,Next Day Air,Yes,Yes,12.0,Debit Card,Bi-Weekly,1
1484,1485,49.0,Male,Shorts,Clothing,46,Nebraska,M,Teal,Summer,4.4,No,Store Pickup,Yes,Yes,22.0,Venmo,Every 3 Months,4
1485,1486,22.0,Male,Gloves,Accessories,56,Nebraska,L,Red,Spring,3.4,No,Standard,Yes,Yes,3.0,Cash,Fortnightly,4
1486,1487,25.0,Male,Sneakers,Footwear,73,Idaho,S,Yellow,Spring,5.0,No,Free Shipping,Yes,Yes,23.0,Venmo,Every 3 Months,4
1487,1488,,Male,Skirt,Clothing,44,Arizona,L,Black,Summer,,No,,Yes,Yes,,PayPal,,1
1488,1489,23.0,Male,Hat,Accessories,44,Hawaii,L,Pink,Winter,4.0,No,Standard,Yes,Yes,37.0,Credit Card,,4
1489,1490,24.0,Male,Jewelry,Accessories,26,Missouri,XL,Magenta,Summer,4.1,No,Next Day Air,Yes,Yes,42.0,Venmo,Quarterly,1
1490,1491,,Male,Sneakers,Footwear,52,Louisiana,L,Olive,Spring,,No,,Yes,Yes,,Venmo,,2
1491,1492,27.0,Male,Shirt,Clothing,54,Arkansas,S,Black,Summer,2.7,No,Free Shipping,Yes,Yes,10.0,Bank Transfer,Quarterly,4
1492,1493,62.0,Male,Jacket,Outerwear,38,North Carolina,M,Maroon,Summer,4.5,No,Free Shipping,Yes,Yes,3.0,Venmo,Quarterly,4
1493,1494,70.0,Male,Belt,Accessories,44,North Dakota,S,Gold,Fall,2.7,No,Standard,Yes,Yes,44.0,Credit Card,Quarterly,3
1494,1495,43.0,Male,T-shirt,Clothing,76,Montana,M,Gray,Spring,3.0,No,Next Day Air,Yes,Yes,23.0,Bank Transfer,Fortnightly,1
1495,1496,45.0,Male,Jewelry,Accessories,23,Rhode Island,M,Brown,Winter,4.5,No,Next Day Air,Yes,Yes,6.0,PayPal,Weekly,3
1496,1497,63.0,Male,T-shirt,Clothing,98,Idaho,M,Purple,Winter,5.0,No,Standard,Yes,Yes,9.0,Venmo,Bi-Weekly,3
1497,1498,,Male,Jacket,Outerwear,33,Michigan,S,Magenta,Spring,3.8,No,2-Day Shipping,Yes,Yes,,Debit Card,,3
1498,1499,,Male,Sweater,Clothing,32,Illinois,M,Teal,Summer,,No,,Yes,Yes,,Venmo,,4
1499,1500,,Male,Boots,Footwear,85,Georgia,S,Olive,Fall,,No,Free Shipping,Yes,Yes,,Credit Card,,2
1500,1501,63.0,Male,Jeans,Clothing,69,Alabama,L,Maroon,Summer,4.8,No,Next Day Air,Yes,Yes,22.0,Debit Card,Monthly,4
1501,1502,37.0,Male,Jeans,Clothing,55,Alaska,XL,Silver,Spring,2.7,No,Standard,Yes,Yes,13.0,Debit Card,,3
1502,1503,,Male,Pants,Clothing,66,Massachusetts,M,Black,Summer,,No,,Yes,Yes,,Cash,,2
1503,1504,,Male,Jacket,Outerwear,30,Michigan,M,Maroon,Fall,3.9,No,2-Day Shipping,Yes,Yes,46.0,Cash,,3
1504,1505,60.0,Male,Jacket,Outerwear,80,Alaska,M,Teal,Winter,4.2,No,Next Day Air,Yes,Yes,10.0,Bank Transfer,Monthly,3
1505,1506,46.0,Male,Belt,Accessories,20,North Dakota,M,Teal,Summer,3.0,No,Express,Yes,Yes,39.0,Cash,Monthly,3
1506,1507,35.0,Male,Shirt,Clothing,30,South Carolina,L,Beige,Fall,3.0,No,2-Day Shipping,Yes,Yes,44.0,PayPal,Quarterly,2
1507,1508,,Male,Dress,Clothing,86,Pennsylvania,S,Maroon,Winter,,No,,Yes,Yes,,Venmo,,1
1508,1509,35.0,Male,Blouse,Clothing,84,Colorado,L,Beige,Spring,4.4,No,Store Pickup,Yes,Yes,3.0,Cash,Every 3 Months,2
1509,1510,,Male,Dress,Clothing,54,New Hampshire,XL,White,Summer,,No,,Yes,Yes,,Debit Card,,3
1510,1511,,Male,Blouse,Clothing,30,Maryland,XL,Gray,Fall,,No,,Yes,Yes,,Venmo,,4
1511,1512,34.0,Male,Dress,Clothing,91,Georgia,M,Violet,Winter,3.6,No,Express,Yes,Yes,48.0,Credit Card,Weekly,3
1512,1513,60.0,Male,Sneakers,Footwear,23,Wisconsin,L,Silver,Winter,3.9,No,Standard,Yes,Yes,18.0,PayPal,Bi-Weekly,2
1513,1514,,Male,Socks,Clothing,35,Texas,M,Red,Spring,,No,Free Shipping,Yes,Yes,,Cash,,4
1514,1515,26.0,Male,Shoes,Footwear,90,Utah,L,Brown,Winter,3.9,No,2-Day Shipping,Yes,Yes,1.0,Venmo,Weekly,3
1515,1516,39.0,Male,Jeans,Clothing,93,Indiana,S,Turquoise,Fall,3.9,No,2-Day Shipping,Yes,Yes,34.0,Cash,Weekly,4
1516,1517,20.0,Male,Jeans,Clothing,68,Nevada,L,Indigo,Winter,4.5,No,Express,Yes,Yes,5.0,Bank Transfer,Bi-Weekly,2
1517,1518,,Male,Gloves,Accessories,41,New Hampshire,M,Violet,Spring,,No,,Yes,Yes,,Cash,,3
1518,1519,68.0,Male,Belt,Accessories,73,New York,M,Yellow,Winter,4.1,No,Next Day Air,Yes,Yes,14.0,Venmo,Fortnightly,2
1519,1520,50.0,Male,Sunglasses,Accessories,73,Texas,L,Cyan,Fall,4.9,No,Next Day Air,Yes,Yes,40.0,PayPal,Weekly,4
1520,1521,21.0,Male,Hat,Accessories,66,Iowa,M,Brown,Summer,4.4,No,2-Day Shipping,Yes,Yes,39.0,Cash,Quarterly,3
1521,1522,29.0,Male,Backpack,Accessories,59,Washington,M,White,Summer,2.7,No,2-Day Shipping,Yes,Yes,50.0,Bank Transfer,Weekly,4
1522,1523,38.0,Male,Shorts,Clothing,72,Tennessee,L,Yellow,Spring,4.8,No,Free Shipping,Yes,Yes,5.0,Debit Card,Monthly,2
1523,1524,54.0,Male,Socks,Clothing,88,Georgia,M,White,Summer,3.3,No,2-Day Shipping,Yes,Yes,35.0,Debit Card,Annually,3
1524,1525,22.0,Male,Socks,Clothing,76,Massachusetts,L,Pink,Summer,4.4,No,Free Shipping,Yes,Yes,6.0,Cash,Bi-Weekly,1
1525,1526,29.0,Male,Belt,Accessories,31,Oregon,M,Indigo,Winter,4.6,No,2-Day Shipping,Yes,Yes,22.0,Cash,Fortnightly,2
1526,1527,41.0,Male,Jacket,Outerwear,22,Oklahoma,L,White,Summer,3.1,No,Next Day Air,Yes,Yes,27.0,PayPal,Monthly,1
1527,1528,26.0,Male,Hat,Accessories,75,Wisconsin,L,Red,Fall,4.5,No,2-Day Shipping,Yes,Yes,33.0,Debit Card,Fortnightly,3
1528,1529,69.0,Male,T-shirt,Clothing,75,Oregon,S,Red,Spring,4.0,No,Store Pickup,Yes,Yes,47.0,Venmo,Bi-Weekly,2
1529,1530,20.0,Male,Backpack,Accessories,63,Georgia,M,Lavender,Winter,3.1,No,Free Shipping,Yes,Yes,48.0,Credit Card,Bi-Weekly,2
1530,1531,59.0,Male,Coat,Outerwear,21,New Mexico,M,Teal,Spring,3.9,No,Next Day Air,Yes,Yes,22.0,Bank Transfer,Quarterly,4
1531,1532,63.0,Male,Backpack,Accessories,83,Mississippi,S,Violet,Spring,4.5,No,Next Day Air,Yes,Yes,8.0,PayPal,Bi-Weekly,2
1532,1533,,Male,Jacket,Outerwear,46,Wisconsin,S,Silver,Winter,,No,Next Day Air,Yes,Yes,,PayPal,,3
1533,1534,50.0,Male,Shoes,Footwear,59,New Hampshire,M,Gold,Summer,3.6,No,2-Day Shipping,Yes,Yes,16.0,Bank Transfer,Quarterly,1
1534,1535,55.0,Male,Blouse,Clothing,66,Wyoming,M,Green,Summer,3.4,No,Free Shipping,Yes,Yes,26.0,Venmo,Fortnightly,4
1535,1536,36.0,Male,Sandals,Footwear,74,West Virginia,S,Turquoise,Fall,4.0,No,2-Day Shipping,Yes,Yes,8.0,Venmo,Monthly,2
1536,1537,,Male,Sunglasses,Accessories,82,Michigan,M,Indigo,Summer,,No,,Yes,Yes,,Cash,,3
1537,1538,68.0,Male,Shoes,Footwear,89,Alaska,L,Black,Spring,3.2,No,Next Day Air,Yes,Yes,50.0,Venmo,,4
1538,1539,56.0,Male,Dress,Clothing,65,Illinois,L,Charcoal,Fall,3.2,No,Standard,Yes,Yes,22.0,Venmo,Bi-Weekly,3
1539,1540,32.0,Male,Belt,Accessories,55,Hawaii,M,Turquoise,Spring,5.0,No,2-Day Shipping,Yes,Yes,19.0,Cash,,3
1540,1541,28.0,Male,Shorts,Clothing,95,Colorado,M,Red,Winter,2.9,No,Next Day Air,Yes,Yes,14.0,Bank Transfer,Monthly,4
1541,1542,24.0,Male,Handbag,Accessories,77,Illinois,S,Indigo,Winter,2.9,No,Store Pickup,Yes,Yes,35.0,Cash,Bi-Weekly,2
1542,1543,59.0,Male,Blouse,Clothing,44,Hawaii,M,Maroon,Winter,3.5,No,Next Day Air,Yes,Yes,43.0,PayPal,Weekly,1
1543,1544,56.0,Male,Jeans,Clothing,89,Wisconsin,M,Indigo,Fall,4.0,No,Standard,Yes,Yes,24.0,Venmo,Annually,1
1544,1545,30.0,Male,Jewelry,Accessories,24,Arkansas,M,Maroon,Spring,3.9,No,Standard,Yes,Yes,17.0,Debit Card,Bi-Weekly,4
1545,1546,,Male,Belt,Accessories,43,Delaware,M,Black,Winter,,No,,Yes,Yes,,Bank Transfer,,1
1546,1547,60.0,Male,Sneakers,Footwear,51,Oregon,XL,Purple,Summer,3.8,No,Express,Yes,Yes,17.0,Bank Transfer,Annually,4
1547,1548,46.0,Male,Hat,Accessories,46,South Carolina,L,Teal,Summer,3.5,No,Standard,Yes,Yes,40.0,Cash,Quarterly,1
1548,1549,69.0,Male,Dress,Clothing,32,Maryland,M,Silver,Summer,3.7,No,Store Pickup,Yes,Yes,43.0,Bank Transfer,Weekly,2
1549,1550,19.0,Male,Sneakers,Footwear,55,Kansas,M,Black,Spring,2.9,No,2-Day Shipping,Yes,Yes,19.0,Debit Card,Every 3 Months,4
1550,1551,,Male,Sunglasses,Accessories,26,Arkansas,S,Black,Summer,,No,,Yes,Yes,,Bank Transfer,,3
1551,1552,64.0,Male,Handbag,Accessories,29,Minnesota,M,Olive,Summer,3.7,No,2-Day Shipping,Yes,Yes,13.0,Credit Card,,1
1552,1553,,Male,Blouse,Clothing,49,New Mexico,L,Purple,Spring,3.0,No,Express,Yes,Yes,20.0,Credit Card,,4
1553,1554,,Male,Blouse,Clothing,45,Delaware,M,Indigo,Spring,4.8,No,Free Shipping,Yes,Yes,21.0,Debit Card,,4
1554,1555,64.0,Male,Shorts,Clothing,48,Utah,S,Lavender,Winter,2.7,No,Standard,Yes,Yes,18.0,Cash,Bi-Weekly,4
1555,1556,43.0,Male,Shorts,Clothing,47,Ohio,S,Cyan,Winter,4.5,No,Free Shipping,Yes,Yes,44.0,Cash,Quarterly,4
1556,1557,,Male,Hoodie,Clothing,57,Alabama,M,Gold,Fall,,No,,Yes,Yes,,Credit Card,,3
1557,1558,,Male,Backpack,Accessories,34,South Dakota,L,Magenta,Fall,,No,,Yes,Yes,,PayPal,,2
1558,1559,,Male,Sunglasses,Accessories,75,New Mexico,XL,Teal,Fall,,No,,Yes,Yes,,Credit Card,,2
1559,1560,43.0,Male,Scarf,Accessories,94,Oregon,L,Beige,Fall,4.5,No,Store Pickup,Yes,Yes,23.0,PayPal,Fortnightly,4
1560,1561,57.0,Male,Hat,Accessories,84,Oregon,M,Teal,Winter,3.8,No,Free Shipping,Yes,Yes,3.0,Debit Card,Weekly,4
1561,1562,50.0,Male,Scarf,Accessories,38,Mississippi,M,Indigo,Summer,3.8,No,Standard,Yes,Yes,2.0,Bank Transfer,Quarterly,3
1562,1563,37.0,Male,Scarf,Accessories,75,Alabama,M,Purple,Winter,3.2,No,Next Day Air,Yes,Yes,23.0,Venmo,Bi-Weekly,1
1563,1564,,Male,Pants,Clothing,44,Kansas,M,Teal,Fall,,No,,Yes,Yes,,Cash,,3
1564,1565,22.0,Male,Backpack,Accessories,33,California,XL,Turquoise,Summer,4.5,No,Next Day Air,Yes,Yes,30.0,Debit Card,Every 3 Months,1
1565,1566,58.0,Male,Sunglasses,Accessories,93,Idaho,L,Peach,Fall,4.2,No,Free Shipping,Yes,Yes,48.0,PayPal,,2
1566,1567,48.0,Male,Sneakers,Footwear,99,Wyoming,S,Green,Winter,3.0,No,Free Shipping,Yes,Yes,21.0,Cash,Bi-Weekly,2
1567,1568,30.0,Male,Backpack,Accessories,33,Minnesota,M,Turquoise,Spring,4.1,No,Standard,Yes,Yes,9.0,Cash,Monthly,3
1568,1569,51.0,Male,Sneakers,Footwear,76,Washington,L,Yellow,Spring,4.6,No,Store Pickup,Yes,Yes,8.0,Debit Card,Monthly,4
1569,1570,20.0,Male,Skirt,Clothing,63,Hawaii,M,Orange,Summer,2.9,No,Standard,Yes,Yes,29.0,Debit Card,Weekly,3
1570,1571,30.0,Male,Pants,Clothing,41,Missouri,L,Brown,Winter,4.8,No,Next Day Air,Yes,Yes,3.0,Bank Transfer,Every 3 Months,4
1571,1572,28.0,Male,Jewelry,Accessories,88,Colorado,L,Silver,Winter,4.5,No,Next Day Air,Yes,Yes,11.0,Bank Transfer,Fortnightly,1
1572,1573,,Male,Skirt,Clothing,92,Washington,L,White,Summer,3.4,No,2-Day Shipping,Yes,Yes,16.0,Debit Card,,2
1573,1574,36.0,Male,T-shirt,Clothing,31,North Dakota,L,Indigo,Summer,4.3,No,2-Day Shipping,Yes,Yes,25.0,Debit Card,Weekly,4
1574,1575,18.0,Male,Skirt,Clothing,25,Minnesota,S,Magenta,Spring,4.2,No,Free Shipping,Yes,Yes,32.0,PayPal,Bi-Weekly,4
1575,1576,52.0,Male,Shirt,Clothing,28,California,M,Turquoise,Spring,3.6,No,Next Day Air,Yes,Yes,28.0,Cash,Fortnightly,2
1576,1577,56.0,Male,Dress,Clothing,75,Michigan,M,White,Spring,3.7,No,2-Day Shipping,Yes,Yes,36.0,PayPal,Monthly,1
1577,1578,68.0,Male,Boots,Footwear,34,Delaware,S,Olive,Spring,4.0,No,Standard,Yes,Yes,7.0,Venmo,Fortnightly,3
1578,1579,,Male,Pants,Clothing,97,California,S,Maroon,Winter,,No,2-Day Shipping,Yes,Yes,,PayPal,,4
1579,1580,35.0,Male,Jacket,Outerwear,80,Oklahoma,M,Violet,Summer,3.1,No,Free Shipping,Yes,Yes,6.0,Bank Transfer,Monthly,2
1580,1581,,Male,Sneakers,Footwear,71,North Dakota,L,Cyan,Summer,,No,,Yes,Yes,,Cash,,2
1581,1582,69.0,Male,Jewelry,Accessories,77,Ohio,L,Teal,Fall,4.2,No,Free Shipping,Yes,Yes,46.0,Cash,Quarterly,4
1582,1583,,Male,Belt,Accessories,41,Hawaii,L,Red,Spring,,No,Next Day Air,Yes,Yes,,Cash,,2
1583,1584,,Male,Scarf,Accessories,92,Maryland,XL,Yellow,Summer,4.3,No,Next Day Air,Yes,Yes,8.0,Venmo,,3
1584,1585,41.0,Male,Blouse,Clothing,95,Hawaii,S,Silver,Spring,3.1,No,Store Pickup,Yes,Yes,46.0,Credit Card,Quarterly,2
1585,1586,37.0,Male,Sweater,Clothing,25,Alabama,M,Charcoal,Fall,3.0,No,Next Day Air,Yes,Yes,40.0,Debit Card,Fortnightly,3
1586,1587,25.0,Male,Boots,Footwear,77,Oklahoma,M,Purple,Fall,4.0,No,Express,Yes,Yes,21.0,Bank Transfer,Weekly,3
1587,1588,41.0,Male,Socks,Clothing,99,Alabama,M,Beige,Summer,3.5,No,Free Shipping,Yes,Yes,33.0,Credit Card,Fortnightly,3
1588,1589,,Male,Belt,Accessories,24,Vermont,L,Cyan,Winter,3.2,No,Next Day Air,Yes,Yes,3.0,Venmo,,1
1589,1590,42.0,Male,Sneakers,Footwear,72,Ohio,M,Silver,Summer,2.7,No,Store Pickup,Yes,Yes,48.0,Cash,Weekly,2
1590,1591,54.0,Male,Jeans,Clothing,80,Wisconsin,S,Pink,Winter,3.0,No,Free Shipping,Yes,Yes,8.0,PayPal,Annually,1
1591,1592,18.0,Male,Skirt,Clothing,100,South Dakota,L,Gold,Winter,2.9,No,Next Day Air,Yes,Yes,24.0,PayPal,Annually,3
1592,1593,,Male,Shoes,Footwear,83,Iowa,M,Cyan,Summer,,No,,Yes,Yes,,Bank Transfer,,3
1593,1594,,Male,Dress,Clothing,95,Maryland,M,Black,Spring,,No,,Yes,Yes,,Bank Transfer,,1
1594,1595,40.0,Male,Handbag,Accessories,41,Colorado,XL,Charcoal,Summer,3.7,No,Store Pickup,Yes,Yes,3.0,Cash,Fortnightly,1
1595,1596,34.0,Male,Backpack,Accessories,35,Wisconsin,S,Magenta,Spring,3.5,No,Standard,Yes,Yes,45.0,Debit Card,Fortnightly,2
1596,1597,42.0,Male,Jewelry,Accessories,30,Mississippi,S,Pink,Fall,4.7,No,Store Pickup,Yes,Yes,15.0,Debit Card,Monthly,1
1597,1598,43.0,Male,Hat,Accessories,21,Mississippi,XL,Maroon,Winter,2.6,No,Store Pickup,Yes,Yes,34.0,Bank Transfer,Quarterly,2
1598,1599,47.0,Male,Jewelry,Accessories,85,California,M,Teal,Fall,4.1,No,Express,Yes,Yes,21.0,Venmo,Bi-Weekly,2
1599,1600,48.0,Male,Shirt,Clothing,54,Delaware,M,Orange,Winter,2.8,No,2-Day Shipping,Yes,Yes,22.0,Debit Card,Bi-Weekly,3
1600,1601,20.0,Male,Boots,Footwear,26,Montana,S,Yellow,Spring,4.7,No,Next Day Air,Yes,Yes,24.0,PayPal,Weekly,4
1601,1602,,Male,Shirt,Clothing,59,Indiana,XL,Red,Spring,,No,,Yes,Yes,,Credit Card,,4
1602,1603,54.0,Male,Sunglasses,Accessories,48,West Virginia,S,Charcoal,Winter,2.8,No,Free Shipping,Yes,Yes,13.0,Venmo,Fortnightly,4
1603,1604,23.0,Male,Shorts,Clothing,98,Iowa,L,Black,Summer,4.3,No,Next Day Air,Yes,Yes,17.0,Debit Card,Bi-Weekly,1
1604,1605,18.0,Male,Sweater,Clothing,92,Maine,M,White,Summer,4.8,No,2-Day Shipping,Yes,Yes,25.0,Credit Card,Every 3 Months,4
1605,1606,70.0,Male,Belt,Accessories,46,Connecticut,M,Lavender,Winter,3.4,No,Next Day Air,Yes,Yes,15.0,Credit Card,Bi-Weekly,3
1606,1607,55.0,Male,T-shirt,Clothing,21,Kansas,S,White,Spring,4.3,No,Standard,Yes,Yes,4.0,PayPal,Fortnightly,2
1607,1608,49.0,Male,Shorts,Clothing,72,Vermont,S,Gray,Fall,2.7,No,Free Shipping,Yes,Yes,43.0,Debit Card,Quarterly,1
1608,1609,26.0,Male,Sandals,Footwear,58,Nebraska,XL,Cyan,Fall,4.6,No,Next Day Air,Yes,Yes,12.0,Bank Transfer,Bi-Weekly,1
1609,1610,33.0,Male,Shirt,Clothing,93,Nevada,S,Brown,Fall,4.1,No,Standard,Yes,Yes,3.0,Venmo,Monthly,2
1610,1611,,Male,Socks,Clothing,31,Tennessee,L,Purple,Spring,,No,,Yes,Yes,,PayPal,,1
1611,1612,,Male,Pants,Clothing,26,Arkansas,L,Yellow,Winter,,No,,Yes,Yes,,Debit Card,,1
1612,1613,,Male,Skirt,Clothing,68,Wisconsin,M,Indigo,Summer,,No,,Yes,Yes,,Venmo,,4
1613,1614,,Male,Jewelry,Accessories,31,Illinois,S,Black,Summer,,No,,Yes,Yes,,Credit Card,,4
1614,1615,,Male,T-shirt,Clothing,41,Kansas,S,Gray,Summer,3.4,No,Free Shipping,Yes,Yes,22.0,Cash,,4
1615,1616,,Male,Jewelry,Accessories,62,New York,M,Indigo,Fall,,No,Standard,Yes,Yes,,Cash,,3
1616,1617,26.0,Male,Hat,Accessories,41,Colorado,M,Green,Spring,3.4,No,Standard,Yes,Yes,50.0,Cash,Quarterly,1
1617,1618,43.0,Male,Blouse,Clothing,64,Wisconsin,M,Peach,Winter,4.3,No,Standard,Yes,Yes,50.0,Credit Card,Fortnightly,3
1618,1619,,Male,Sandals,Footwear,72,Michigan,L,Purple,Summer,,No,,Yes,Yes,,Debit Card,,2
1619,1620,57.0,Male,Handbag,Accessories,78,Hawaii,L,Beige,Winter,3.5,No,Store Pickup,Yes,Yes,50.0,Venmo,Bi-Weekly,3
1620,1621,,Male,Hat,Accessories,47,Virginia,M,Charcoal,Winter,,No,2-Day Shipping,Yes,Yes,,PayPal,,4
1621,1622,68.0,Male,Scarf,Accessories,46,Ohio,L,Gray,Summer,3.9,No,2-Day Shipping,Yes,Yes,38.0,Debit Card,Fortnightly,2
1622,1623,31.0,Male,Shorts,Clothing,43,Missouri,S,Brown,Winter,4.0,No,Store Pickup,Yes,Yes,37.0,Bank Transfer,Every 3 Months,3
1623,1624,,Male,Backpack,Accessories,58,Indiana,M,Cyan,Summer,,No,,Yes,Yes,,Debit Card,,4
1624,1625,38.0,Male,Sweater,Clothing,32,Florida,M,White,Winter,3.6,No,Free Shipping,Yes,Yes,40.0,PayPal,Every 3 Months,2
1625,1626,34.0,Male,Skirt,Clothing,45,Minnesota,L,Beige,Winter,3.0,No,Next Day Air,Yes,Yes,3.0,PayPal,Bi-Weekly,3
1626,1627,,Male,Sneakers,Footwear,35,Nevada,L,Orange,Summer,,No,,Yes,Yes,,Credit Card,,2
1627,1628,,Male,Sunglasses,Accessories,21,Maine,M,Olive,Winter,,No,Next Day Air,Yes,Yes,,Credit Card,,4
1628,1629,45.0,Male,Dress,Clothing,64,Massachusetts,S,Teal,Winter,3.1,No,Next Day Air,Yes,Yes,7.0,Cash,Monthly,4
1629,1630,35.0,Male,Blouse,Clothing,88,North Dakota,S,Silver,Spring,3.3,No,Next Day Air,Yes,Yes,13.0,Venmo,Quarterly,3
1630,1631,63.0,Male,Shoes,Footwear,48,New Jersey,M,Gold,Summer,2.9,No,Store Pickup,Yes,Yes,29.0,Venmo,Every 3 Months,1
1631,1632,65.0,Male,Sweater,Clothing,36,Indiana,L,Violet,Summer,3.9,No,2-Day Shipping,Yes,Yes,7.0,Bank Transfer,Fortnightly,1
1632,1633,35.0,Male,Gloves,Accessories,28,Oregon,S,White,Summer,4.7,No,2-Day Shipping,Yes,Yes,50.0,Debit Card,,2
1633,1634,54.0,Male,Socks,Clothing,80,North Dakota,M,Peach,Spring,4.4,No,2-Day Shipping,Yes,Yes,33.0,Debit Card,Bi-Weekly,2
1634,1635,28.0,Male,Coat,Outerwear,23,South Carolina,S,Orange,Summer,3.6,No,Store Pickup,Yes,Yes,30.0,Cash,Every 3 Months,4
1635,1636,68.0,Male,Sunglasses,Accessories,24,North Carolina,L,Violet,Summer,3.2,No,Standard,Yes,Yes,40.0,Cash,Annually,3
1636,1637,58.0,Male,Boots,Footwear,22,North Dakota,L,Green,Fall,4.0,No,Free Shipping,Yes,Yes,49.0,Cash,Fortnightly,3
1637,1638,35.0,Male,Dress,Clothing,21,Massachusetts,M,Peach,Spring,3.5,No,Next Day Air,Yes,Yes,32.0,Venmo,Fortnightly,2
1638,1639,68.0,Male,Jacket,Outerwear,51,Tennessee,M,Black,Spring,4.6,No,Free Shipping,Yes,Yes,18.0,Venmo,Weekly,3
1639,1640,41.0,Male,Gloves,Accessories,65,Missouri,L,Blue,Summer,3.3,No,Free Shipping,Yes,Yes,50.0,PayPal,Annually,3
1640,1641,65.0,Male,Scarf,Accessories,51,Tennessee,S,Magenta,Spring,4.0,No,2-Day Shipping,Yes,Yes,13.0,PayPal,Weekly,3
1641,1642,50.0,Male,Hoodie,Clothing,32,Colorado,L,Violet,Summer,3.4,No,Free Shipping,Yes,Yes,1.0,Bank Transfer,,1
1642,1643,18.0,Male,Coat,Outerwear,70,Mississippi,M,Beige,Spring,4.2,No,Store Pickup,Yes,Yes,16.0,PayPal,Fortnightly,3
1643,1644,38.0,Male,Scarf,Accessories,77,Ohio,L,Pink,Summer,3.9,No,2-Day Shipping,Yes,Yes,6.0,PayPal,Monthly,3
1644,1645,,Male,Coat,Outerwear,90,North Carolina,S,Beige,Summer,,No,,Yes,Yes,,Debit Card,,4
1645,1646,53.0,Male,Scarf,Accessories,36,Ohio,L,Green,Summer,2.8,No,Standard,Yes,Yes,36.0,Venmo,Every 3 Months,3
1646,1647,58.0,Male,Handbag,Accessories,77,Nebraska,S,Silver,Summer,3.7,No,Standard,Yes,Yes,20.0,Bank Transfer,Every 3 Months,2
1647,1648,34.0,Male,Boots,Footwear,78,Hawaii,M,Purple,Summer,4.9,No,Store Pickup,Yes,Yes,8.0,Debit Card,Quarterly,1
1648,1649,36.0,Male,Pants,Clothing,69,Oklahoma,M,Gray,Summer,2.6,No,Express,Yes,Yes,22.0,Credit Card,Monthly,3
1649,1650,58.0,Male,T-shirt,Clothing,63,Wisconsin,M,White,Summer,4.9,No,Free Shipping,Yes,Yes,3.0,Credit Card,Quarterly,1
1650,1651,60.0,Male,Scarf,Accessories,36,Arkansas,M,Silver,Winter,3.4,No,Next Day Air,Yes,Yes,46.0,Credit Card,,2
1651,1652,59.0,Male,Coat,Outerwear,80,Texas,M,Blue,Winter,3.9,No,Standard,Yes,Yes,42.0,Debit Card,Monthly,4
1652,1653,,Male,Sweater,Clothing,35,New Mexico,M,Orange,Summer,,No,,Yes,Yes,,Bank Transfer,,4
1653,1654,,Male,Belt,Accessories,93,Colorado,L,Silver,Winter,,No,,Yes,Yes,,Debit Card,,1
1654,1655,43.0,Male,Belt,Accessories,25,Indiana,L,Gray,Spring,2.6,No,Store Pickup,Yes,Yes,14.0,Credit Card,Quarterly,2
1655,1656,37.0,Male,Sweater,Clothing,81,Arizona,L,Gold,Spring,3.2,No,Next Day Air,Yes,Yes,4.0,PayPal,Monthly,3
1656,1657,,Male,Blouse,Clothing,42,Indiana,L,Brown,Spring,,No,,Yes,Yes,,PayPal,,1
1657,1658,69.0,Male,Skirt,Clothing,36,Indiana,L,Turquoise,Spring,3.2,No,Store Pickup,Yes,Yes,4.0,Debit Card,Bi-Weekly,3
1658,1659,32.0,Male,Jewelry,Accessories,66,Alaska,S,Pink,Spring,4.1,No,Store Pickup,Yes,Yes,47.0,Cash,Weekly,3
1659,1660,,Male,Gloves,Accessories,37,Utah,M,Black,Fall,,No,,Yes,Yes,,Venmo,,4
1660,1661,59.0,Male,T-shirt,Clothing,45,Louisiana,L,Yellow,Winter,4.1,No,Standard,Yes,Yes,37.0,Venmo,,1
1661,1662,64.0,Male,Gloves,Accessories,86,Iowa,S,Beige,Summer,2.7,No,2-Day Shipping,Yes,Yes,21.0,Debit Card,Quarterly,3
1662,1663,63.0,Male,Sunglasses,Accessories,24,New Mexico,M,Olive,Winter,4.6,No,Free Shipping,Yes,Yes,46.0,Debit Card,Fortnightly,1
1663,1664,43.0,Male,Shirt,Clothing,22,Maine,XL,Gold,Summer,3.5,No,Standard,Yes,Yes,1.0,Cash,Bi-Weekly,4
1664,1665,19.0,Male,Handbag,Accessories,53,Minnesota,M,Purple,Spring,5.0,No,Next Day Air,Yes,Yes,35.0,PayPal,Weekly,4
1665,1666,40.0,Male,Jacket,Outerwear,41,New Mexico,L,Pink,Fall,3.4,No,Next Day Air,Yes,Yes,49.0,Venmo,Monthly,4
1666,1667,51.0,Male,Skirt,Clothing,64,Arkansas,M,Blue,Summer,3.1,No,Store Pickup,Yes,Yes,47.0,PayPal,Annually,3
1667,1668,51.0,Male,Handbag,Accessories,40,Oklahoma,L,Brown,Winter,3.4,No,2-Day Shipping,Yes,Yes,24.0,Bank Transfer,Every 3 Months,4
1668,1669,66.0,Male,Blouse,Clothing,33,Utah,L,Charcoal,Summer,4.0,No,Standard,Yes,Yes,28.0,Debit Card,Fortnightly,2
1669,1670,42.0,Male,T-shirt,Clothing,59,Wisconsin,L,Maroon,Winter,2.7,No,Store Pickup,Yes,Yes,22.0,Bank Transfer,Quarterly,1
1670,1671,22.0,Male,Pants,Clothing,73,Utah,L,Cyan,Fall,3.6,No,Free Shipping,Yes,Yes,20.0,Cash,Weekly,1
1671,1672,31.0,Male,Hoodie,Clothing,22,Utah,M,Olive,Winter,4.0,No,Free Shipping,Yes,Yes,25.0,Bank Transfer,Weekly,1
1672,1673,,Male,Boots,Footwear,73,South Carolina,L,Gold,Fall,,No,,Yes,Yes,,Venmo,,4
1673,1674,21.0,Male,Blouse,Clothing,62,Hawaii,M,Violet,Fall,3.4,No,Next Day Air,Yes,Yes,49.0,Venmo,Bi-Weekly,3
1674,1675,35.0,Male,Coat,Outerwear,56,Alaska,M,Peach,Winter,3.2,No,Free Shipping,Yes,Yes,10.0,Debit Card,Fortnightly,4
1675,1676,,Male,Pants,Clothing,90,Colorado,M,Beige,Spring,4.7,No,Next Day Air,Yes,Yes,21.0,Credit Card,,2
1676,1677,27.0,Male,Sunglasses,Accessories,44,West Virginia,M,Cyan,Winter,3.1,No,Next Day Air,Yes,Yes,34.0,Bank Transfer,Weekly,1
1677,1678,65.0,Male,Jeans,Clothing,35,Oregon,L,Silver,Summer,3.3,No,Next Day Air,No,No,41.0,Debit Card,Weekly,3
1678,1679,41.0,Male,Pants,Clothing,71,Ohio,S,Magenta,Summer,4.8,No,2-Day Shipping,No,No,30.0,Venmo,Fortnightly,2
1679,1680,60.0,Male,Dress,Clothing,52,Massachusetts,S,Black,Fall,4.5,No,Next Day Air,No,No,24.0,Debit Card,Bi-Weekly,2
1680,1681,61.0,Male,Shoes,Footwear,37,Louisiana,M,Olive,Summer,3.4,No,Store Pickup,No,No,6.0,Credit Card,Annually,1
1681,1682,24.0,Male,Sneakers,Footwear,95,Virginia,L,Green,Winter,3.7,No,2-Day Shipping,No,No,14.0,Credit Card,Bi-Weekly,4
1682,1683,65.0,Male,Socks,Clothing,97,New York,M,Yellow,Fall,4.9,No,2-Day Shipping,No,No,37.0,Credit Card,Bi-Weekly,3
1683,1684,23.0,Male,Coat,Outerwear,57,Arkansas,S,Lavender,Spring,3.5,No,Next Day Air,No,No,37.0,Venmo,Quarterly,4
1684,1685,30.0,Male,Shirt,Clothing,93,New Mexico,M,Indigo,Spring,4.6,No,Standard,No,No,28.0,PayPal,,3
1685,1686,33.0,Male,Blouse,Clothing,48,Minnesota,M,Pink,Winter,4.6,No,Standard,No,No,43.0,PayPal,Bi-Weekly,4
1686,1687,22.0,Male,Gloves,Accessories,75,Illinois,L,Red,Fall,4.2,No,Store Pickup,No,No,25.0,Cash,Annually,2
1687,1688,67.0,Male,Skirt,Clothing,70,Georgia,S,Magenta,Winter,3.7,No,Free Shipping,No,No,4.0,PayPal,Annually,1
1688,1689,28.0,Male,Handbag,Accessories,26,Mississippi,S,Peach,Winter,3.0,No,Next Day Air,No,No,13.0,Venmo,,1
1689,1690,32.0,Male,Shirt,Clothing,73,North Carolina,L,Turquoise,Winter,4.6,No,Store Pickup,No,No,32.0,Bank Transfer,Monthly,4
1690,1691,40.0,Male,Coat,Outerwear,30,Nevada,M,Black,Summer,3.2,No,Free Shipping,No,No,1.0,Cash,Annually,3
1691,1692,,Male,Shoes,Footwear,61,Connecticut,L,Blue,Summer,,No,,No,No,,Cash,,1
1692,1693,56.0,Male,Handbag,Accessories,75,Utah,M,Beige,Winter,2.6,No,Standard,No,No,33.0,Cash,Bi-Weekly,4
1693,1694,63.0,Male,Jacket,Outerwear,88,Tennessee,XL,Olive,Fall,4.9,No,Standard,No,No,45.0,Bank Transfer,Fortnightly,3
1694,1695,20.0,Male,Shirt,Clothing,67,Mississippi,M,Turquoise,Summer,2.7,No,Express,No,No,20.0,Debit Card,Fortnightly,3
1695,1696,54.0,Male,Hat,Accessories,95,Nebraska,S,Yellow,Fall,4.7,No,2-Day Shipping,No,No,1.0,PayPal,Fortnightly,3
1696,1697,31.0,Male,Sunglasses,Accessories,69,West Virginia,S,Turquoise,Spring,4.0,No,Free Shipping,No,No,7.0,Credit Card,Bi-Weekly,4
1697,1698,,Male,Shirt,Clothing,87,South Carolina,L,Lavender,Fall,,No,,No,No,,Credit Card,,4
1698,1699,25.0,Male,Belt,Accessories,41,Iowa,XL,Turquoise,Winter,4.8,No,Standard,No,No,46.0,Bank Transfer,Quarterly,4
1699,1700,20.0,Male,Sweater,Clothing,67,North Dakota,L,Teal,Spring,4.0,No,Free Shipping,No,No,34.0,Debit Card,Annually,4
1700,1701,62.0,Male,Hoodie,Clothing,70,West Virginia,L,Black,Fall,4.1,No,Express,No,No,36.0,Bank Transfer,Monthly,3
1701,1702,69.0,Male,Handbag,Accessories,41,Mississippi,XL,Blue,Winter,3.8,No,Next Day Air,No,No,44.0,Debit Card,Every 3 Months,3
1702,1703,54.0,Male,Jeans,Clothing,83,Alabama,XL,Yellow,Summer,5.0,No,Express,No,No,48.0,Bank Transfer,Weekly,3
1703,1704,,Male,Backpack,Accessories,22,California,M,Black,Spring,,No,,No,No,,Bank Transfer,,2
1704,1705,56.0,Male,Sneakers,Footwear,20,Idaho,M,Lavender,Summer,3.9,No,Store Pickup,No,No,19.0,Cash,Every 3 Months,3
1705,1706,39.0,Male,Jewelry,Accessories,29,South Dakota,L,Cyan,Summer,3.4,No,2-Day Shipping,No,No,49.0,Venmo,Bi-Weekly,2
1706,1707,37.0,Male,Sunglasses,Accessories,87,North Dakota,M,Brown,Spring,3.0,No,Standard,No,No,25.0,Venmo,Fortnightly,3
1707,1708,25.0,Male,Shorts,Clothing,81,Nevada,L,Maroon,Fall,4.9,No,2-Day Shipping,No,No,25.0,Cash,Bi-Weekly,3
1708,1709,35.0,Male,Boots,Footwear,58,Florida,L,Cyan,Spring,3.2,No,Express,No,No,1.0,Credit Card,Quarterly,2
1709,1710,45.0,Male,Skirt,Clothing,83,Indiana,M,Pink,Winter,3.8,No,Standard,No,No,19.0,Bank Transfer,Annually,1
1710,1711,19.0,Male,Pants,Clothing,59,Arkansas,XL,Orange,Fall,3.8,No,Store Pickup,No,No,7.0,Credit Card,Quarterly,1
1711,1712,21.0,Male,T-shirt,Clothing,93,North Carolina,M,Lavender,Spring,4.7,No,Express,No,No,19.0,Credit Card,Monthly,3
1712,1713,65.0,Male,T-shirt,Clothing,87,Illinois,S,Beige,Fall,3.8,No,2-Day Shipping,No,No,9.0,Cash,Fortnightly,2
1713,1714,49.0,Male,Jacket,Outerwear,22,Missouri,M,Pink,Winter,4.6,No,Free Shipping,No,No,37.0,PayPal,Quarterly,1
1714,1715,30.0,Male,Jeans,Clothing,71,South Dakota,S,Charcoal,Summer,4.4,No,Standard,No,No,15.0,Cash,Monthly,4
1715,1716,23.0,Male,Dress,Clothing,69,Idaho,XL,Gray,Spring,3.4,No,2-Day Shipping,No,No,30.0,PayPal,Bi-Weekly,1
1716,1717,69.0,Male,Blouse,Clothing,47,Connecticut,M,Cyan,Winter,4.7,No,Standard,No,No,30.0,Cash,Every 3 Months,1
1717,1718,,Male,Hoodie,Clothing,50,Hawaii,L,Orange,Summer,,No,,No,No,,Debit Card,,2
1718,1719,,Male,T-shirt,Clothing,96,Maryland,L,Pink,Winter,,No,,No,No,,PayPal,,4
1719,1720,45.0,Male,Sweater,Clothing,39,Maryland,M,White,Winter,3.2,No,Free Shipping,No,No,8.0,Venmo,Quarterly,4
1720,1721,25.0,Male,Shorts,Clothing,84,Massachusetts,S,Beige,Winter,2.8,No,Express,No,No,40.0,Debit Card,,4
1721,1722,34.0,Male,Jewelry,Accessories,28,Delaware,S,Magenta,Spring,4.3,No,Free Shipping,No,No,24.0,Credit Card,,1
1722,1723,46.0,Male,T-shirt,Clothing,51,Massachusetts,L,Violet,Summer,3.3,No,Standard,No,No,14.0,Cash,Fortnightly,2
1723,1724,70.0,Male,Scarf,Accessories,20,New York,XL,Gold,Spring,3.3,No,Standard,No,No,39.0,PayPal,Annually,2
1724,1725,42.0,Male,Shoes,Footwear,72,Delaware,S,Teal,Winter,3.3,No,Free Shipping,No,No,21.0,PayPal,Weekly,4
1725,1726,45.0,Male,Sunglasses,Accessories,33,Massachusetts,M,Indigo,Spring,3.0,No,Next Day Air,No,No,32.0,Venmo,Quarterly,1
1726,1727,57.0,Male,Coat,Outerwear,28,Indiana,S,Olive,Summer,2.8,No,Express,No,No,45.0,Debit Card,,3
1727,1728,49.0,Male,Blouse,Clothing,53,Virginia,S,Violet,Spring,4.0,No,Express,No,No,19.0,PayPal,Monthly,3
1728,1729,,Male,Jeans,Clothing,48,Wyoming,L,Black,Fall,4.3,No,Express,No,No,1.0,Debit Card,,4
1729,1730,47.0,Male,Shorts,Clothing,21,Illinois,M,Brown,Winter,3.8,No,Store Pickup,No,No,12.0,Venmo,Fortnightly,1
1730,1731,23.0,Male,Shirt,Clothing,22,Alabama,S,Silver,Fall,4.2,No,Free Shipping,No,No,26.0,Credit Card,Weekly,1
1731,1732,21.0,Male,Backpack,Accessories,87,Idaho,M,Gray,Fall,3.1,No,Next Day Air,No,No,12.0,Cash,Monthly,1
1732,1733,,Male,Belt,Accessories,50,Rhode Island,S,Charcoal,Winter,,No,,No,No,,Cash,,2
1733,1734,67.0,Male,Blouse,Clothing,85,New York,L,Black,Summer,3.4,No,Express,No,No,22.0,Credit Card,Annually,3
1734,1735,31.0,Male,Jeans,Clothing,98,Missouri,L,Brown,Spring,3.1,No,Next Day Air,No,No,16.0,PayPal,Quarterly,2
1735,1736,58.0,Male,Dress,Clothing,34,Texas,M,Purple,Winter,3.6,No,Express,No,No,31.0,Venmo,Annually,2
1736,1737,57.0,Male,Shorts,Clothing,61,Tennessee,M,Purple,Summer,2.6,No,2-Day Shipping,No,No,43.0,Cash,Quarterly,4
1737,1738,42.0,Male,Jewelry,Accessories,98,Ohio,L,Gray,Summer,4.2,No,Store Pickup,No,No,50.0,Venmo,Bi-Weekly,2
1738,1739,60.0,Male,Handbag,Accessories,61,Tennessee,M,Green,Spring,2.9,No,2-Day Shipping,No,No,37.0,Credit Card,Weekly,2
1739,1740,21.0,Male,Jewelry,Accessories,98,Minnesota,L,Silver,Winter,4.2,No,Express,No,No,23.0,Cash,Weekly,3
1740,1741,,Male,Pants,Clothing,21,Wisconsin,L,Charcoal,Fall,3.3,No,Next Day Air,No,No,10.0,Bank Transfer,,4
1741,1742,41.0,Male,Pants,Clothing,51,Delaware,XL,Teal,Winter,3.6,No,Next Day Air,No,No,20.0,Bank Transfer,Monthly,4
1742,1743,51.0,Male,Sandals,Footwear,80,Kansas,XL,White,Spring,4.3,No,Express,No,No,18.0,Venmo,Every 3 Months,1
1743,1744,,Male,Skirt,Clothing,72,Missouri,XL,Brown,Winter,,No,Standard,No,No,,Bank Transfer,,2
1744,1745,,Male,Sunglasses,Accessories,63,Michigan,L,Teal,Winter,3.0,No,Standard,No,No,23.0,PayPal,,3
1745,1746,40.0,Male,Skirt,Clothing,27,West Virginia,L,Red,Winter,3.6,No,Store Pickup,No,No,27.0,Cash,Weekly,2
1746,1747,65.0,Male,Handbag,Accessories,44,Alabama,L,Brown,Summer,3.1,No,Store Pickup,No,No,44.0,Bank Transfer,Fortnightly,4
1747,1748,61.0,Male,Coat,Outerwear,23,New Hampshire,M,Yellow,Winter,2.9,No,Express,No,No,41.0,Venmo,Quarterly,1
1748,1749,34.0,Male,Skirt,Clothing,93,Montana,L,Teal,Winter,3.9,No,2-Day Shipping,No,No,41.0,Bank Transfer,Annually,1
1749,1750,,Male,Hoodie,Clothing,70,Wyoming,L,Pink,Fall,,No,,No,No,,Debit Card,,1
1750,1751,31.0,Male,Sunglasses,Accessories,85,Missouri,M,White,Fall,3.1,No,Express,No,No,38.0,Venmo,Every 3 Months,4
1751,1752,57.0,Male,Sweater,Clothing,40,Ohio,M,Silver,Winter,3.2,No,2-Day Shipping,No,No,34.0,Cash,Annually,3
1752,1753,,Male,Boots,Footwear,29,South Dakota,L,Blue,Winter,,No,,No,No,,Venmo,,1
1753,1754,25.0,Male,Skirt,Clothing,27,Colorado,L,Black,Fall,4.8,No,Next Day Air,No,No,23.0,Credit Card,Fortnightly,1
1754,1755,66.0,Male,Dress,Clothing,93,Massachusetts,S,Beige,Fall,3.8,No,2-Day Shipping,No,No,18.0,Credit Card,Fortnightly,3
1755,1756,56.0,Male,Belt,Accessories,20,Delaware,XL,Charcoal,Spring,4.6,No,Next Day Air,No,No,45.0,Cash,Monthly,2
1756,1757,49.0,Male,Jewelry,Accessories,55,New Hampshire,S,Cyan,Fall,2.8,No,Free Shipping,No,No,14.0,Bank Transfer,Weekly,1
1757,1758,19.0,Male,Dress,Clothing,94,Michigan,L,Yellow,Fall,3.6,No,Standard,No,No,48.0,Debit Card,Annually,2
1758,1759,27.0,Male,Hat,Accessories,56,Pennsylvania,M,Silver,Winter,4.3,No,Free Shipping,No,No,17.0,Venmo,Bi-Weekly,3
1759,1760,68.0,Male,Sweater,Clothing,58,Louisiana,L,Green,Spring,4.0,No,Next Day Air,No,No,1.0,PayPal,Weekly,2
1760,1761,20.0,Male,Skirt,Clothing,44,Minnesota,XL,Peach,Spring,3.5,No,Standard,No,No,39.0,PayPal,Weekly,1
1761,1762,21.0,Male,Hoodie,Clothing,95,Hawaii,S,Green,Fall,4.9,No,2-Day Shipping,No,No,24.0,Cash,Weekly,2
1762,1763,36.0,Male,Sandals,Footwear,42,Idaho,M,Brown,Summer,3.1,No,Express,No,No,41.0,Bank Transfer,Fortnightly,2
1763,1764,37.0,Male,Jewelry,Accessories,93,Vermont,M,Lavender,Winter,3.9,No,Store Pickup,No,No,28.0,PayPal,Annually,3
1764,1765,61.0,Male,Dress,Clothing,56,Delaware,M,Charcoal,Summer,3.0,No,Store Pickup,No,No,34.0,Venmo,Quarterly,4
1765,1766,68.0,Male,Hoodie,Clothing,88,New Mexico,M,Orange,Spring,4.1,No,2-Day Shipping,No,No,41.0,Venmo,,4
1766,1767,60.0,Male,Sweater,Clothing,54,Alaska,S,Cyan,Winter,4.3,No,2-Day Shipping,No,No,27.0,Cash,Bi-Weekly,2
1767,1768,69.0,Male,Jewelry,Accessories,89,Minnesota,L,Lavender,Fall,3.8,No,2-Day Shipping,No,No,46.0,Debit Card,Fortnightly,4
1768,1769,25.0,Male,Sandals,Footwear,45,Nebraska,M,Indigo,Summer,3.9,No,2-Day Shipping,No,No,2.0,PayPal,Every 3 Months,1
1769,1770,32.0,Male,Socks,Clothing,75,Alaska,L,Brown,Winter,4.3,No,Free Shipping,No,No,45.0,Cash,,3
1770,1771,53.0,Male,Backpack,Accessories,22,Michigan,M,Pink,Fall,4.3,No,Express,No,No,34.0,Bank Transfer,,3
1771,1772,46.0,Male,Shirt,Clothing,82,Indiana,XL,Turquoise,Fall,4.7,No,Store Pickup,No,No,9.0,Credit Card,Annually,4
1772,1773,58.0,Male,Shoes,Footwear,34,Hawaii,M,Gold,Summer,3.1,No,2-Day Shipping,No,No,1.0,Bank Transfer,Annually,3
1773,1774,21.0,Male,Coat,Outerwear,92,West Virginia,M,Blue,Summer,2.7,No,Free Shipping,No,No,17.0,PayPal,Annually,2
1774,1775,46.0,Male,Sweater,Clothing,78,New York,M,Lavender,Spring,3.7,No,Express,No,No,6.0,PayPal,Weekly,1
1775,1776,18.0,Male,Jacket,Outerwear,47,Iowa,M,Violet,Spring,3.3,No,2-Day Shipping,No,No,12.0,Cash,Bi-Weekly,1
1776,1777,56.0,Male,Jacket,Outerwear,64,Arizona,L,Cyan,Summer,3.4,No,Free Shipping,No,No,10.0,Venmo,Every 3 Months,3
1777,1778,18.0,Male,Sneakers,Footwear,44,Minnesota,L,Purple,Winter,4.7,No,Free Shipping,No,No,4.0,Cash,Fortnightly,3
1778,1779,,Male,Belt,Accessories,94,Texas,M,Red,Winter,4.9,No,Store Pickup,No,No,8.0,Debit Card,,1
1779,1780,29.0,Male,Scarf,Accessories,62,Virginia,M,Charcoal,Winter,4.3,No,Free Shipping,No,No,41.0,Venmo,Weekly,2
1780,1781,67.0,Male,Jewelry,Accessories,81,North Dakota,S,Gray,Summer,4.2,No,Next Day Air,No,No,49.0,Credit Card,Weekly,2
1781,1782,31.0,Male,T-shirt,Clothing,33,Iowa,M,Pink,Fall,3.7,No,Express,No,No,49.0,Bank Transfer,Quarterly,1
1782,1783,52.0,Male,Pants,Clothing,88,Utah,M,Lavender,Fall,2.7,No,Next Day Air,No,No,40.0,Bank Transfer,Fortnightly,3
1783,1784,,Male,Handbag,Accessories,49,Ohio,L,Lavender,Winter,,No,,No,No,,Credit Card,,3
1784,1785,32.0,Male,Backpack,Accessories,31,Louisiana,L,Yellow,Summer,4.8,No,Standard,No,No,4.0,Debit Card,,2
1785,1786,47.0,Male,Gloves,Accessories,29,Iowa,S,Peach,Fall,4.1,No,Next Day Air,No,No,22.0,Venmo,Monthly,4
1786,1787,,Male,Jacket,Outerwear,34,Maryland,M,Brown,Spring,,No,,No,No,,Venmo,,4
1787,1788,20.0,Male,Sweater,Clothing,38,Montana,L,Gold,Fall,4.9,No,2-Day Shipping,No,No,10.0,Bank Transfer,Quarterly,4
1788,1789,66.0,Male,Blouse,Clothing,41,Illinois,L,Pink,Summer,3.1,No,Store Pickup,No,No,23.0,Cash,Bi-Weekly,1
1789,1790,,Male,Blouse,Clothing,34,Arizona,L,Peach,Spring,,No,,No,No,,Debit Card,,4
1790,1791,50.0,Male,Gloves,Accessories,26,North Carolina,S,Violet,Summer,3.7,No,Store Pickup,No,No,31.0,PayPal,Bi-Weekly,1
1791,1792,62.0,Male,Jeans,Clothing,98,Montana,S,Purple,Winter,4.0,No,Store Pickup,No,No,38.0,Cash,Annually,2
1792,1793,38.0,Male,Sneakers,Footwear,59,Iowa,M,Peach,Fall,3.0,No,Express,No,No,22.0,Debit Card,Every 3 Months,3
1793,1794,65.0,Male,Hat,Accessories,92,Iowa,S,White,Fall,3.8,No,Store Pickup,No,No,45.0,Cash,Every 3 Months,3
1794,1795,60.0,Male,Backpack,Accessories,40,Ohio,L,Indigo,Spring,3.7,No,Express,No,No,21.0,Debit Card,Fortnightly,1
1795,1796,68.0,Male,Jeans,Clothing,20,Wisconsin,S,Violet,Fall,4.0,No,2-Day Shipping,No,No,9.0,Debit Card,Fortnightly,3
1796,1797,62.0,Male,Skirt,Clothing,35,South Carolina,S,Brown,Spring,3.1,No,Store Pickup,No,No,34.0,Venmo,Weekly,1
1797,1798,62.0,Male,Belt,Accessories,35,Oregon,L,Maroon,Spring,3.9,No,2-Day Shipping,No,No,26.0,Venmo,Weekly,4
1798,1799,40.0,Male,Dress,Clothing,82,North Dakota,L,Magenta,Winter,3.7,No,Express,No,No,1.0,Cash,Weekly,2
1799,1800,32.0,Male,Hoodie,Clothing,48,California,M,Charcoal,Fall,3.9,No,Express,No,No,47.0,Venmo,Weekly,4
1800,1801,,Male,Coat,Outerwear,58,Mississippi,XL,Indigo,Winter,,No,,No,No,,Credit Card,,3
1801,1802,33.0,Male,Sweater,Clothing,57,New Jersey,M,Turquoise,Spring,3.9,No,Express,No,No,48.0,Debit Card,Fortnightly,1
1802,1803,57.0,Male,Shorts,Clothing,96,Rhode Island,L,Turquoise,Winter,2.6,No,Store Pickup,No,No,31.0,Venmo,Bi-Weekly,4
1803,1804,60.0,Male,Sneakers,Footwear,97,New Hampshire,S,Gray,Summer,3.5,No,Free Shipping,No,No,33.0,Venmo,Fortnightly,2
1804,1805,30.0,Male,Sweater,Clothing,42,Louisiana,L,Peach,Winter,4.4,No,Next Day Air,No,No,39.0,Credit Card,Weekly,4
1805,1806,,Male,T-shirt,Clothing,62,Arizona,L,Gold,Spring,4.9,No,Store Pickup,No,No,,Debit Card,,2
1806,1807,58.0,Male,Handbag,Accessories,67,Rhode Island,M,Green,Fall,3.9,No,Standard,No,No,24.0,Venmo,Annually,2
1807,1808,,Male,Sneakers,Footwear,46,Vermont,L,Gold,Summer,,No,,No,No,,Venmo,,1
1808,1809,67.0,Male,Jacket,Outerwear,71,Tennessee,M,Lavender,Spring,4.3,No,Next Day Air,No,No,7.0,Debit Card,Monthly,3
1809,1810,58.0,Male,Backpack,Accessories,99,Alaska,S,Blue,Fall,3.4,No,Free Shipping,No,No,6.0,Debit Card,Fortnightly,1
1810,1811,41.0,Male,Jeans,Clothing,28,Maryland,M,Magenta,Fall,2.7,No,Standard,No,No,16.0,Cash,Bi-Weekly,3
1811,1812,42.0,Male,Belt,Accessories,77,Wisconsin,L,Blue,Summer,3.6,No,Standard,No,No,33.0,Bank Transfer,Annually,1
1812,1813,,Male,Boots,Footwear,63,Nevada,S,Blue,Summer,4.9,No,Express,No,No,18.0,PayPal,,3
1813,1814,40.0,Male,Shorts,Clothing,62,Illinois,M,Olive,Spring,3.5,No,Free Shipping,No,No,24.0,PayPal,Weekly,3
1814,1815,,Male,Jeans,Clothing,92,Montana,M,White,Summer,,No,,No,No,,Cash,,2
1815,1816,,Male,Shoes,Footwear,72,New Mexico,L,White,Winter,,No,,No,No,,Credit Card,,2
1816,1817,26.0,Male,Hat,Accessories,79,Virginia,M,Purple,Summer,4.0,No,Express,No,No,4.0,Cash,Weekly,3
1817,1818,32.0,Male,T-shirt,Clothing,27,Delaware,M,White,Summer,4.7,No,Free Shipping,No,No,20.0,Cash,Weekly,3
1818,1819,58.0,Male,Sunglasses,Accessories,39,North Carolina,M,White,Fall,3.8,No,Express,No,No,47.0,Debit Card,Every 3 Months,1
1819,1820,51.0,Male,Socks,Clothing,86,Nevada,S,Peach,Spring,4.5,No,Next Day Air,No,No,50.0,Cash,Quarterly,4
1820,1821,19.0,Male,Shirt,Clothing,94,Washington,XL,Gold,Fall,5.0,No,Express,No,No,31.0,PayPal,Monthly,3
1821,1822,57.0,Male,Shorts,Clothing,53,Maine,M,Teal,Spring,2.8,No,Express,No,No,29.0,PayPal,Quarterly,3
1822,1823,66.0,Male,Shirt,Clothing,85,Connecticut,S,Cyan,Summer,4.4,No,Standard,No,No,4.0,Cash,,3
1823,1824,62.0,Male,Socks,Clothing,50,Louisiana,L,Pink,Fall,4.7,No,Free Shipping,No,No,40.0,Bank Transfer,Bi-Weekly,3
1824,1825,58.0,Male,Pants,Clothing,47,Illinois,XL,Magenta,Winter,3.8,No,Express,No,No,31.0,Cash,Monthly,1
1825,1826,,Male,Boots,Footwear,75,South Dakota,M,Pink,Winter,,No,,No,No,,Credit Card,,1
1826,1827,,Male,T-shirt,Clothing,60,Indiana,M,Turquoise,Winter,,No,Express,No,No,,Debit Card,,4
1827,1828,20.0,Male,T-shirt,Clothing,36,Vermont,S,Pink,Spring,4.9,No,2-Day Shipping,No,No,31.0,Bank Transfer,Weekly,1
1828,1829,33.0,Male,Coat,Outerwear,80,New Hampshire,L,Gray,Spring,3.9,No,Express,No,No,45.0,Cash,Every 3 Months,4
1829,1830,,Male,Hat,Accessories,96,Oregon,M,White,Spring,,No,,No,No,,Credit Card,,4
1830,1831,50.0,Male,Sunglasses,Accessories,80,Kansas,M,Blue,Winter,4.8,No,Express,No,No,7.0,Venmo,Annually,2
1831,1832,,Male,Blouse,Clothing,71,Maine,M,Cyan,Summer,3.3,No,Free Shipping,No,No,5.0,Bank Transfer,,3
1832,1833,69.0,Male,Jewelry,Accessories,29,Louisiana,M,Blue,Fall,4.6,No,Free Shipping,No,No,48.0,Cash,Monthly,2
1833,1834,,Male,Jewelry,Accessories,53,Louisiana,M,Yellow,Spring,,No,,No,No,,PayPal,,1
1834,1835,49.0,Male,Skirt,Clothing,35,Indiana,M,Charcoal,Summer,4.1,No,2-Day Shipping,No,No,39.0,Venmo,Fortnightly,1
1835,1836,65.0,Male,Scarf,Accessories,75,Kentucky,M,Lavender,Fall,3.2,No,2-Day Shipping,No,No,45.0,Credit Card,Quarterly,3
1836,1837,66.0,Male,Pants,Clothing,52,South Carolina,M,Teal,Fall,4.2,No,2-Day Shipping,No,No,35.0,Credit Card,Monthly,4
1837,1838,,Male,Hat,Accessories,77,Montana,M,Beige,Winter,,No,,No,No,,Venmo,,4
1838,1839,37.0,Male,Gloves,Accessories,24,Vermont,L,Blue,Fall,4.1,No,Next Day Air,No,No,11.0,Credit Card,Quarterly,2
1839,1840,32.0,Male,Shirt,Clothing,78,Mississippi,XL,Purple,Winter,3.7,No,Store Pickup,No,No,32.0,Cash,Annually,3
1840,1841,42.0,Male,Sandals,Footwear,98,Wyoming,M,Gold,Winter,2.6,No,Store Pickup,No,No,46.0,Bank Transfer,Every 3 Months,1
1841,1842,31.0,Male,Socks,Clothing,57,Vermont,L,Blue,Winter,3.0,No,Standard,No,No,7.0,PayPal,Every 3 Months,4
1842,1843,,Male,Handbag,Accessories,78,Alabama,M,Black,Summer,,No,Express,No,No,,Debit Card,,2
1843,1844,36.0,Male,Jacket,Outerwear,76,Kentucky,M,Charcoal,Fall,4.7,No,Next Day Air,No,No,32.0,Credit Card,Monthly,3
1844,1845,60.0,Male,Shorts,Clothing,26,South Dakota,M,Purple,Spring,2.7,No,2-Day Shipping,No,No,31.0,Credit Card,Annually,1
1845,1846,51.0,Male,Sandals,Footwear,78,Delaware,M,Orange,Winter,2.8,No,2-Day Shipping,No,No,39.0,Bank Transfer,Quarterly,4
1846,1847,68.0,Male,Scarf,Accessories,53,Wisconsin,M,Yellow,Summer,2.9,No,Standard,No,No,9.0,Venmo,,3
1847,1848,46.0,Male,Sandals,Footwear,100,Arizona,XL,Cyan,Summer,4.4,No,Free Shipping,No,No,49.0,Credit Card,Weekly,1
1848,1849,19.0,Male,Jeans,Clothing,73,Maine,XL,Yellow,Winter,2.7,No,Express,No,No,34.0,Cash,Every 3 Months,2
1849,1850,30.0,Male,Skirt,Clothing,40,New Mexico,M,Maroon,Winter,4.5,No,Store Pickup,No,No,35.0,Bank Transfer,Monthly,2
1850,1851,,Male,Gloves,Accessories,76,Wyoming,S,Black,Winter,,No,,No,No,,Debit Card,,1
1851,1852,28.0,Male,Skirt,Clothing,80,Delaware,S,Lavender,Fall,3.1,No,Free Shipping,No,No,4.0,Bank Transfer,Fortnightly,4
1852,1853,41.0,Male,Sweater,Clothing,80,Pennsylvania,XL,Violet,Winter,3.8,No,Store Pickup,No,No,32.0,Cash,Weekly,2
1853,1854,29.0,Male,Blouse,Clothing,67,North Dakota,XL,Olive,Spring,2.9,No,Express,No,No,11.0,PayPal,Fortnightly,1
1854,1855,25.0,Male,Sweater,Clothing,61,Kentucky,M,Teal,Spring,3.8,No,Express,No,No,49.0,Credit Card,Annually,2
1855,1856,60.0,Male,Shirt,Clothing,76,Rhode Island,XL,Teal,Spring,4.7,No,Standard,No,No,9.0,Cash,Annually,2
1856,1857,63.0,Male,Jewelry,Accessories,55,Arizona,XL,Beige,Summer,3.2,No,Free Shipping,No,No,30.0,PayPal,Bi-Weekly,3
1857,1858,51.0,Male,T-shirt,Clothing,85,Colorado,L,Maroon,Summer,4.0,No,Next Day Air,No,No,33.0,Cash,Monthly,2
1858,1859,22.0,Male,Scarf,Accessories,69,Maine,S,Peach,Spring,4.9,No,2-Day Shipping,No,No,8.0,Debit Card,Annually,2
1859,1860,54.0,Male,Belt,Accessories,26,New Jersey,L,Beige,Summer,3.7,No,Store Pickup,No,No,29.0,Debit Card,,1
1860,1861,,Male,T-shirt,Clothing,64,Kansas,M,Silver,Summer,4.8,No,Next Day Air,No,No,4.0,Credit Card,,2
1861,1862,29.0,Male,Sneakers,Footwear,60,South Dakota,S,Peach,Fall,3.6,No,Standard,No,No,19.0,Debit Card,,2
1862,1863,59.0,Male,Gloves,Accessories,36,New Hampshire,M,Turquoise,Winter,4.6,No,Express,No,No,10.0,PayPal,Fortnightly,2
1863,1864,25.0,Male,Sandals,Footwear,21,Connecticut,L,Orange,Spring,4.3,No,2-Day Shipping,No,No,39.0,Debit Card,Monthly,4
1864,1865,,Male,Backpack,Accessories,72,Wyoming,S,Cyan,Fall,,No,,No,No,,Venmo,,2
1865,1866,56.0,Male,Pants,Clothing,62,Missouri,S,Silver,Summer,3.8,No,Store Pickup,No,No,12.0,Bank Transfer,Monthly,3
1866,1867,31.0,Male,T-shirt,Clothing,44,Alaska,XL,Gold,Winter,4.2,No,Standard,No,No,9.0,Credit Card,,1
1867,1868,,Male,Skirt,Clothing,52,Delaware,M,Brown,Fall,,No,,No,No,,Venmo,,4
1868,1869,23.0,Male,Gloves,Accessories,58,Indiana,M,Silver,Spring,4.7,No,Next Day Air,No,No,44.0,Cash,Fortnightly,2
1869,1870,,Male,Blouse,Clothing,77,West Virginia,S,Beige,Spring,,No,,No,No,,Debit Card,,3
1870,1871,43.0,Male,Blouse,Clothing,99,Wyoming,L,Violet,Spring,4.3,No,Store Pickup,No,No,27.0,Debit Card,Fortnightly,1
1871,1872,56.0,Male,Jeans,Clothing,96,Illinois,XL,Violet,Fall,2.7,No,Standard,No,No,14.0,Cash,Every 3 Months,2
1872,1873,43.0,Male,T-shirt,Clothing,64,Alaska,M,Lavender,Summer,4.6,No,Standard,No,No,24.0,Credit Card,Monthly,4
1873,1874,,Male,Sweater,Clothing,44,Wisconsin,XL,Red,Fall,,No,Express,No,No,,Bank Transfer,,3
1874,1875,67.0,Male,Pants,Clothing,33,Indiana,L,Purple,Fall,3.6,No,Free Shipping,No,No,14.0,Cash,Weekly,2
1875,1876,63.0,Male,Boots,Footwear,71,Tennessee,M,Brown,Winter,3.9,No,Next Day Air,No,No,6.0,Credit Card,Quarterly,4
1876,1877,,Male,Skirt,Clothing,36,Illinois,M,Gray,Fall,,No,,No,No,,Venmo,,4
1877,1878,,Male,Gloves,Accessories,62,Pennsylvania,L,Pink,Fall,,No,,No,No,,Credit Card,,2
1878,1879,,Male,Socks,Clothing,29,Oklahoma,L,Magenta,Summer,,No,,No,No,,Credit Card,,3
1879,1880,56.0,Male,T-shirt,Clothing,33,Tennessee,L,Charcoal,Spring,3.5,No,Express,No,No,46.0,Cash,Bi-Weekly,3
1880,1881,34.0,Male,Blouse,Clothing,33,New Jersey,L,Yellow,Fall,3.1,No,2-Day Shipping,No,No,8.0,Debit Card,Monthly,2
1881,1882,58.0,Male,Blouse,Clothing,41,New Jersey,M,Red,Winter,4.3,No,Standard,No,No,13.0,Cash,Bi-Weekly,4
1882,1883,,Male,Scarf,Accessories,54,Tennessee,L,Blue,Winter,,No,,No,No,,Bank Transfer,,3
1883,1884,25.0,Male,Backpack,Accessories,58,Georgia,M,Cyan,Spring,4.9,No,Store Pickup,No,No,39.0,Debit Card,Fortnightly,1
1884,1885,27.0,Male,Shorts,Clothing,30,Arizona,S,Pink,Summer,4.3,No,Next Day Air,No,No,15.0,Bank Transfer,Bi-Weekly,1
1885,1886,,Male,Jewelry,Accessories,53,Nevada,S,Maroon,Winter,4.4,No,Standard,No,No,35.0,Cash,,1
1886,1887,,Male,Gloves,Accessories,91,Arkansas,L,Beige,Spring,,No,,No,No,,Cash,,1
1887,1888,64.0,Male,Hoodie,Clothing,44,North Dakota,XL,Gold,Fall,3.5,No,Express,No,No,3.0,PayPal,Monthly,2
1888,1889,62.0,Male,Hoodie,Clothing,89,South Dakota,XL,Turquoise,Winter,3.4,No,Free Shipping,No,No,48.0,Credit Card,Weekly,1
1889,1890,59.0,Male,Skirt,Clothing,57,North Carolina,L,Peach,Spring,2.5,No,Next Day Air,No,No,27.0,Bank Transfer,Weekly,4
1890,1891,36.0,Male,Sunglasses,Accessories,57,Hawaii,M,Lavender,Spring,3.4,No,Store Pickup,No,No,5.0,Credit Card,Weekly,3
1891,1892,69.0,Male,Jewelry,Accessories,74,New Hampshire,M,Gray,Summer,2.6,No,Next Day Air,No,No,48.0,Debit Card,,3
1892,1893,39.0,Male,Jacket,Outerwear,30,California,M,Blue,Fall,4.6,No,2-Day Shipping,No,No,12.0,Venmo,Weekly,1
1893,1894,28.0,Male,Dress,Clothing,20,Delaware,L,Red,Summer,3.7,No,Express,No,No,10.0,PayPal,Fortnightly,2
1894,1895,42.0,Male,Hoodie,Clothing,90,Arizona,M,Purple,Fall,2.5,No,Free Shipping,No,No,48.0,Debit Card,Bi-Weekly,3
1895,1896,31.0,Male,Jeans,Clothing,61,Washington,L,Indigo,Fall,4.5,No,Express,No,No,3.0,Debit Card,Monthly,4
1896,1897,57.0,Male,Sandals,Footwear,51,Nevada,M,Gold,Fall,2.9,No,Standard,No,No,19.0,Venmo,Monthly,4
1897,1898,53.0,Male,Sunglasses,Accessories,97,Alaska,L,Teal,Winter,2.9,No,Free Shipping,No,No,11.0,Debit Card,Fortnightly,2
1898,1899,59.0,Male,Pants,Clothing,97,Texas,L,Magenta,Fall,3.5,No,Next Day Air,No,No,25.0,Venmo,,3
1899,1900,32.0,Male,Shorts,Clothing,40,New York,L,Maroon,Winter,4.2,No,Store Pickup,No,No,42.0,PayPal,Weekly,3
1900,1901,65.0,Male,Jewelry,Accessories,85,Iowa,S,Blue,Summer,3.3,No,Free Shipping,No,No,34.0,Cash,Quarterly,4
1901,1902,56.0,Male,Socks,Clothing,76,Arizona,S,Beige,Winter,3.9,No,Store Pickup,No,No,50.0,Cash,Quarterly,4
1902,1903,,Male,Sandals,Footwear,22,New Mexico,S,Olive,Spring,5.0,No,Store Pickup,No,No,21.0,Venmo,,4
1903,1904,59.0,Male,Pants,Clothing,63,North Carolina,M,Gold,Summer,3.3,No,Standard,No,No,37.0,Bank Transfer,Weekly,4
1904,1905,22.0,Male,T-shirt,Clothing,71,Nevada,S,Silver,Spring,4.2,No,Free Shipping,No,No,46.0,Cash,Monthly,3
1905,1906,,Male,Boots,Footwear,35,Idaho,M,Teal,Summer,,No,,No,No,,Bank Transfer,,4
1906,1907,23.0,Male,Backpack,Accessories,30,Vermont,M,Green,Spring,4.6,No,2-Day Shipping,No,No,24.0,PayPal,Fortnightly,1
1907,1908,69.0,Male,Skirt,Clothing,74,New Mexico,L,Orange,Fall,4.8,No,Store Pickup,No,No,36.0,Credit Card,Every 3 Months,4
1908,1909,18.0,Male,Scarf,Accessories,71,Georgia,XL,Charcoal,Winter,2.7,No,Next Day Air,No,No,19.0,Debit Card,Bi-Weekly,4
1909,1910,50.0,Male,Sweater,Clothing,84,Kentucky,S,Black,Spring,4.3,No,Store Pickup,No,No,12.0,Credit Card,,3
1910,1911,29.0,Male,Sandals,Footwear,38,New York,S,Yellow,Fall,3.8,No,Express,No,No,13.0,Debit Card,,4
1911,1912,65.0,Male,Jewelry,Accessories,81,Arizona,M,Gray,Spring,4.9,No,Express,No,No,32.0,Debit Card,Bi-Weekly,2
1912,1913,29.0,Male,Sweater,Clothing,56,Colorado,S,Charcoal,Winter,3.4,No,2-Day Shipping,No,No,5.0,Credit Card,Bi-Weekly,4
1913,1914,49.0,Male,Skirt,Clothing,48,Kentucky,M,Peach,Winter,3.6,No,Express,No,No,29.0,Cash,Annually,2
1914,1915,28.0,Male,Shorts,Clothing,97,Alaska,L,Green,Fall,3.4,No,Standard,No,No,40.0,Credit Card,Fortnightly,1
1915,1916,,Male,Backpack,Accessories,74,Alabama,M,Magenta,Fall,,No,,No,No,,Cash,,2
1916,1917,,Male,Hoodie,Clothing,50,Connecticut,S,Beige,Winter,,No,,No,No,,Debit Card,,2
1917,1918,38.0,Male,Skirt,Clothing,71,Hawaii,L,Black,Winter,3.4,No,Free Shipping,No,No,35.0,PayPal,Bi-Weekly,3
1918,1919,35.0,Male,Skirt,Clothing,33,Idaho,S,Purple,Summer,4.6,No,Standard,No,No,33.0,Debit Card,Monthly,3
1919,1920,34.0,Male,Backpack,Accessories,56,Virginia,M,Olive,Summer,3.1,No,Express,No,No,20.0,PayPal,Bi-Weekly,4
1920,1921,51.0,Male,Blouse,Clothing,84,Connecticut,M,Purple,Spring,2.8,No,Standard,No,No,40.0,Cash,Every 3 Months,2
1921,1922,,Male,Shirt,Clothing,36,Michigan,M,Green,Fall,,No,,No,No,,Venmo,,4
1922,1923,18.0,Male,Gloves,Accessories,63,Kentucky,S,Peach,Summer,4.6,No,Standard,No,No,9.0,PayPal,Monthly,1
1923,1924,64.0,Male,Sandals,Footwear,36,Nebraska,XL,Blue,Summer,4.3,No,Standard,No,No,7.0,Cash,Annually,4
1924,1925,30.0,Male,Jacket,Outerwear,63,Michigan,M,Gray,Fall,4.8,No,Free Shipping,No,No,42.0,PayPal,Quarterly,2
1925,1926,59.0,Male,Sneakers,Footwear,32,Utah,L,Black,Winter,2.9,No,Express,No,No,44.0,Credit Card,Fortnightly,1
1926,1927,,Male,Backpack,Accessories,93,New Mexico,M,Silver,Spring,3.0,No,Express,No,No,6.0,PayPal,,1
1927,1928,40.0,Male,Pants,Clothing,29,Florida,M,Pink,Summer,2.9,No,Standard,No,No,8.0,Cash,Every 3 Months,2
1928,1929,25.0,Male,Sunglasses,Accessories,92,Mississippi,S,Lavender,Summer,3.7,No,Standard,No,No,10.0,PayPal,Weekly,1
1929,1930,59.0,Male,Jeans,Clothing,33,Hawaii,L,Brown,Fall,4.7,No,Standard,No,No,46.0,Venmo,Quarterly,4
1930,1931,66.0,Male,Pants,Clothing,52,North Carolina,L,Turquoise,Spring,3.5,No,Store Pickup,No,No,26.0,Cash,Weekly,4
1931,1932,54.0,Male,Jewelry,Accessories,42,Illinois,S,Olive,Spring,2.7,No,Store Pickup,No,No,6.0,Debit Card,Every 3 Months,2
1932,1933,42.0,Male,Hoodie,Clothing,36,Maryland,M,White,Spring,5.0,No,Free Shipping,No,No,47.0,Credit Card,Every 3 Months,2
1933,1934,48.0,Male,Sandals,Footwear,67,Montana,L,Violet,Summer,4.1,No,Next Day Air,No,No,28.0,Venmo,Annually,4
1934,1935,34.0,Male,Jacket,Outerwear,43,Michigan,L,Gold,Winter,2.7,No,Free Shipping,No,No,23.0,Bank Transfer,Annually,2
1935,1936,19.0,Male,Blouse,Clothing,68,North Carolina,XL,Violet,Spring,4.8,No,Free Shipping,No,No,45.0,Cash,Fortnightly,1
1936,1937,70.0,Male,Jewelry,Accessories,60,Minnesota,S,Teal,Summer,4.3,No,2-Day Shipping,No,No,44.0,PayPal,Every 3 Months,3
1937,1938,43.0,Male,Socks,Clothing,53,Delaware,M,Olive,Summer,4.5,No,2-Day Shipping,No,No,11.0,Bank Transfer,Monthly,4
1938,1939,,Male,Jeans,Clothing,23,Kentucky,L,Blue,Spring,,No,,No,No,,Debit Card,,1
1939,1940,66.0,Male,Gloves,Accessories,57,Ohio,L,Magenta,Winter,3.7,No,Store Pickup,No,No,20.0,PayPal,Every 3 Months,3
1940,1941,,Male,Hat,Accessories,89,Alaska,L,Gray,Fall,,No,,No,No,,PayPal,,4
1941,1942,55.0,Male,Shoes,Footwear,99,Vermont,XL,Peach,Winter,3.3,No,Standard,No,No,46.0,Credit Card,Quarterly,2
1942,1943,63.0,Male,Pants,Clothing,28,Alabama,M,Cyan,Fall,3.4,No,Express,No,No,22.0,PayPal,Monthly,1
1943,1944,32.0,Male,Socks,Clothing,53,Wisconsin,L,Violet,Summer,3.8,No,Next Day Air,No,No,45.0,Cash,Annually,1
1944,1945,30.0,Male,Hoodie,Clothing,45,Arkansas,M,Gold,Winter,2.7,No,Free Shipping,No,No,49.0,Cash,Every 3 Months,4
1945,1946,,Male,Hoodie,Clothing,38,Georgia,M,Gold,Winter,,No,2-Day Shipping,No,No,,Credit Card,,3
1946,1947,59.0,Male,Pants,Clothing,49,Louisiana,M,White,Summer,4.5,No,Standard,No,No,41.0,Credit Card,Quarterly,1
1947,1948,,Male,Shirt,Clothing,32,New York,M,Gray,Summer,,No,,No,No,,PayPal,,2
1948,1949,,Male,T-shirt,Clothing,37,Connecticut,L,Brown,Winter,,No,,No,No,,PayPal,,4
1949,1950,63.0,Male,Dress,Clothing,80,Nebraska,L,Gray,Winter,4.7,No,Store Pickup,No,No,12.0,PayPal,Quarterly,3
1950,1951,,Male,Backpack,Accessories,78,Arkansas,L,Blue,Summer,,No,,No,No,,PayPal,,2
1951,1952,33.0,Male,Gloves,Accessories,53,Connecticut,L,Gold,Summer,2.7,No,Next Day Air,No,No,32.0,Bank Transfer,Bi-Weekly,1
1952,1953,57.0,Male,Shoes,Footwear,82,Maryland,L,Yellow,Summer,4.6,No,2-Day Shipping,No,No,50.0,Cash,Bi-Weekly,4
1953,1954,,Male,Skirt,Clothing,33,Colorado,XL,Green,Spring,,No,,No,No,,PayPal,,2
1954,1955,,Male,Gloves,Accessories,77,Colorado,M,Pink,Winter,,No,,No,No,,Venmo,,1
1955,1956,50.0,Male,Hoodie,Clothing,56,Maine,M,Pink,Winter,4.9,No,Express,No,No,37.0,Cash,Monthly,2
1956,1957,,Male,Socks,Clothing,37,Oklahoma,M,Pink,Winter,,No,,No,No,,Credit Card,,2
1957,1958,,Male,Gloves,Accessories,54,South Carolina,M,Cyan,Spring,,No,,No,No,,Cash,,3
1958,1959,39.0,Male,Shorts,Clothing,67,Nevada,M,Gray,Winter,2.7,No,Store Pickup,No,No,47.0,Cash,Quarterly,1
1959,1960,46.0,Male,Shoes,Footwear,90,Colorado,M,White,Fall,3.1,No,Store Pickup,No,No,7.0,Credit Card,Every 3 Months,4
1960,1961,57.0,Male,Jeans,Clothing,72,Massachusetts,L,Red,Summer,3.3,No,2-Day Shipping,No,No,40.0,Credit Card,,1
1961,1962,,Male,Boots,Footwear,59,Nevada,L,Black,Summer,,No,,No,No,,Debit Card,,4
1962,1963,40.0,Male,Hat,Accessories,45,Iowa,M,Silver,Fall,4.4,No,Standard,No,No,20.0,PayPal,Fortnightly,2
1963,1964,52.0,Male,Shorts,Clothing,30,Michigan,L,Pink,Spring,3.9,No,Standard,No,No,11.0,Credit Card,Weekly,4
1964,1965,40.0,Male,Pants,Clothing,51,West Virginia,S,Cyan,Summer,4.6,No,Express,No,No,50.0,Debit Card,Monthly,2
1965,1966,,Male,Sweater,Clothing,90,Indiana,M,White,Fall,,No,,No,No,,Debit Card,,1
1966,1967,67.0,Male,Jacket,Outerwear,95,Indiana,XL,Purple,Winter,3.7,No,Express,No,No,5.0,Credit Card,Fortnightly,1
1967,1968,37.0,Male,Dress,Clothing,81,Georgia,L,Yellow,Fall,3.7,No,Standard,No,No,4.0,Venmo,,2
1968,1969,67.0,Male,Shirt,Clothing,70,Minnesota,S,Blue,Spring,4.2,No,Standard,No,No,25.0,Credit Card,Weekly,2
1969,1970,64.0,Male,Dress,Clothing,32,Louisiana,S,Cyan,Winter,3.5,No,Next Day Air,No,No,11.0,Bank Transfer,Fortnightly,1
1970,1971,28.0,Male,Belt,Accessories,94,Maryland,M,Indigo,Spring,2.9,No,Next Day Air,No,No,4.0,Credit Card,Bi-Weekly,1
1971,1972,,Male,Hat,Accessories,29,Pennsylvania,XL,Indigo,Spring,,No,,No,No,,Venmo,,4
1972,1973,54.0,Male,Backpack,Accessories,31,Louisiana,M,Silver,Summer,3.3,No,Express,No,No,48.0,PayPal,,2
1973,1974,24.0,Male,Skirt,Clothing,20,Maryland,XL,Red,Fall,4.5,No,Standard,No,No,9.0,Venmo,Every 3 Months,2
1974,1975,27.0,Male,Gloves,Accessories,44,Tennessee,M,Peach,Winter,4.6,No,2-Day Shipping,No,No,2.0,PayPal,Fortnightly,3
1975,1976,53.0,Male,Jacket,Outerwear,77,Illinois,L,Turquoise,Fall,2.9,No,Express,No,No,4.0,Cash,Quarterly,1
1976,1977,32.0,Male,Handbag,Accessories,51,Wyoming,M,Pink,Spring,3.2,No,Next Day Air,No,No,43.0,PayPal,Fortnightly,4
1977,1978,24.0,Male,Sandals,Footwear,49,Florida,M,Teal,Summer,2.6,No,Free Shipping,No,No,32.0,Bank Transfer,Annually,2
1978,1979,,Male,Sunglasses,Accessories,78,Massachusetts,L,Magenta,Spring,,No,,No,No,,Cash,,4
1979,1980,,Male,Jeans,Clothing,98,Tennessee,L,Blue,Spring,2.8,No,Store Pickup,No,No,38.0,Debit Card,,4
1980,1981,51.0,Male,Sandals,Footwear,94,Iowa,M,Green,Winter,4.4,No,Store Pickup,No,No,25.0,PayPal,Fortnightly,1
1981,1982,69.0,Male,Shoes,Footwear,91,Michigan,L,Violet,Summer,4.7,No,Express,No,No,42.0,PayPal,Quarterly,3
1982,1983,41.0,Male,Sunglasses,Accessories,77,Kansas,M,Turquoise,Summer,2.7,No,2-Day Shipping,No,No,32.0,PayPal,Monthly,2
1983,1984,,Male,Scarf,Accessories,97,Georgia,M,Pink,Summer,,No,,No,No,,Debit Card,,2
1984,1985,26.0,Male,Skirt,Clothing,58,West Virginia,M,Black,Summer,3.4,No,2-Day Shipping,No,No,26.0,PayPal,Fortnightly,2
1985,1986,23.0,Male,Gloves,Accessories,97,Tennessee,M,Gold,Spring,3.9,No,2-Day Shipping,No,No,6.0,Credit Card,Fortnightly,4
1986,1987,62.0,Male,Coat,Outerwear,48,Arkansas,L,Green,Summer,3.4,No,2-Day Shipping,No,No,14.0,Venmo,Quarterly,1
1987,1988,69.0,Male,Belt,Accessories,23,Vermont,XL,White,Summer,3.4,No,Express,No,No,4.0,Cash,Quarterly,2
1988,1989,46.0,Male,Pants,Clothing,79,Virginia,M,Gold,Winter,3.9,No,Free Shipping,No,No,26.0,Bank Transfer,Weekly,3
1989,1990,35.0,Male,Jewelry,Accessories,42,Maryland,S,Charcoal,Spring,4.0,No,Express,No,No,39.0,PayPal,Bi-Weekly,2
1990,1991,32.0,Male,Backpack,Accessories,95,Connecticut,L,White,Spring,3.4,No,2-Day Shipping,No,No,15.0,PayPal,Annually,3
1991,1992,46.0,Male,Sneakers,Footwear,29,Missouri,M,Brown,Summer,3.7,No,Next Day Air,No,No,1.0,Venmo,Every 3 Months,4
1992,1993,33.0,Male,Hoodie,Clothing,98,New Jersey,L,Gold,Winter,4.9,No,2-Day Shipping,No,No,28.0,Venmo,Monthly,2
1993,1994,,Male,Blouse,Clothing,96,Arkansas,S,Purple,Spring,,No,,No,No,,Cash,,3
1994,1995,33.0,Male,Sunglasses,Accessories,66,Nevada,M,Brown,Fall,2.9,No,Next Day Air,No,No,24.0,Credit Card,Weekly,1
1995,1996,67.0,Male,Boots,Footwear,80,Missouri,S,Teal,Spring,3.0,No,Standard,No,No,29.0,Debit Card,Quarterly,2
1996,1997,67.0,Male,Sneakers,Footwear,27,South Dakota,L,Indigo,Summer,3.3,No,Next Day Air,No,No,18.0,Cash,Every 3 Months,1
1997,1998,42.0,Male,Backpack,Accessories,25,Connecticut,M,Purple,Fall,4.7,No,Express,No,No,10.0,Debit Card,Bi-Weekly,4
1998,1999,20.0,Male,Pants,Clothing,45,Vermont,M,Orange,Fall,3.4,No,2-Day Shipping,No,No,19.0,Cash,Quarterly,1
1999,2000,39.0,Male,Socks,Clothing,89,Tennessee,L,Indigo,Winter,4.6,No,2-Day Shipping,No,No,26.0,Debit Card,Monthly,4
2000,2001,26.0,Male,Belt,Accessories,27,California,M,Lavender,Winter,3.6,No,2-Day Shipping,No,No,25.0,Cash,Bi-Weekly,3
2001,2002,51.0,Male,Sunglasses,Accessories,90,Wyoming,S,Purple,Winter,2.6,No,Free Shipping,No,No,2.0,Debit Card,Fortnightly,3
2002,2003,31.0,Male,Shirt,Clothing,65,New York,M,Red,Summer,2.7,No,Express,No,No,19.0,PayPal,Every 3 Months,1
2003,2004,68.0,Male,Sneakers,Footwear,72,Maine,S,Blue,Spring,3.1,No,Express,No,No,32.0,Cash,Quarterly,2
2004,2005,,Male,Shoes,Footwear,70,Georgia,L,Blue,Fall,,No,,No,No,,Cash,,3
2005,2006,18.0,Male,Sandals,Footwear,82,Tennessee,M,Cyan,Winter,3.4,No,Store Pickup,No,No,30.0,PayPal,Fortnightly,3
2006,2007,58.0,Male,Scarf,Accessories,97,New Mexico,S,Pink,Fall,4.4,No,Express,No,No,2.0,Credit Card,Annually,1
2007,2008,26.0,Male,Shirt,Clothing,25,Virginia,M,Silver,Summer,3.2,No,2-Day Shipping,No,No,8.0,PayPal,Quarterly,4
2008,2009,57.0,Male,Skirt,Clothing,48,Florida,M,Gray,Spring,2.5,No,Free Shipping,No,No,27.0,PayPal,Every 3 Months,2
2009,2010,,Male,Boots,Footwear,99,Alabama,M,Indigo,Summer,,No,,No,No,,Venmo,,4
2010,2011,,Male,Sweater,Clothing,21,Texas,M,Maroon,Summer,,No,,No,No,,Debit Card,,2
2011,2012,57.0,Male,Sandals,Footwear,94,West Virginia,M,Beige,Spring,3.7,No,Express,No,No,4.0,Bank Transfer,Monthly,4
2012,2013,48.0,Male,Jeans,Clothing,53,Nevada,L,Green,Fall,3.2,No,Store Pickup,No,No,5.0,Cash,Fortnightly,2
2013,2014,39.0,Male,Backpack,Accessories,70,Virginia,M,Peach,Winter,4.9,No,Standard,No,No,25.0,Debit Card,Quarterly,4
2014,2015,51.0,Male,Skirt,Clothing,26,Wisconsin,L,Black,Summer,3.9,No,Standard,No,No,47.0,PayPal,,4
2015,2016,57.0,Male,Belt,Accessories,82,Virginia,S,Pink,Summer,4.5,No,Next Day Air,No,No,8.0,Credit Card,Fortnightly,3
2016,2017,,Male,Shoes,Footwear,47,Maine,S,Violet,Winter,,No,,No,No,,Debit Card,,2
2017,2018,70.0,Male,Socks,Clothing,32,Massachusetts,S,Green,Winter,4.1,No,Next Day Air,No,No,42.0,Bank Transfer,Every 3 Months,2
2018,2019,,Male,Backpack,Accessories,97,Arkansas,S,Gold,Fall,,No,,No,No,,Bank Transfer,,1
2019,2020,,Male,Shirt,Clothing,68,Idaho,S,Red,Winter,,No,,No,No,,Cash,,1
2020,2021,,Male,Sweater,Clothing,23,Pennsylvania,M,Beige,Winter,4.8,No,Next Day Air,No,No,,Cash,,4
2021,2022,62.0,Male,Handbag,Accessories,33,Maine,M,Green,Winter,4.4,No,Standard,No,No,48.0,Venmo,Quarterly,1
2022,2023,,Male,Jewelry,Accessories,38,Alabama,S,Black,Winter,4.0,No,Store Pickup,No,No,16.0,Cash,,4
2023,2024,,Male,Socks,Clothing,68,Idaho,S,Teal,Winter,,No,,No,No,,Cash,,2
2024,2025,62.0,Male,Socks,Clothing,23,Arkansas,L,Silver,Fall,3.7,No,Express,No,No,39.0,PayPal,,1
2025,2026,42.0,Male,Shirt,Clothing,29,Delaware,M,Turquoise,Summer,3.0,No,Express,No,No,43.0,Debit Card,Fortnightly,2
2026,2027,37.0,Male,Scarf,Accessories,35,Maine,M,Orange,Winter,3.6,No,Express,No,No,45.0,Bank Transfer,Every 3 Months,4
2027,2028,50.0,Male,Shoes,Footwear,73,Nebraska,S,Gold,Fall,4.8,No,Standard,No,No,50.0,Credit Card,Every 3 Months,4
2028,2029,29.0,Male,Shoes,Footwear,84,Ohio,XL,Purple,Fall,3.7,No,2-Day Shipping,No,No,10.0,Venmo,Bi-Weekly,4
2029,2030,25.0,Male,Scarf,Accessories,23,Montana,M,Pink,Spring,4.6,No,Next Day Air,No,No,40.0,PayPal,Quarterly,1
2030,2031,66.0,Male,Sunglasses,Accessories,67,New Mexico,S,Green,Summer,2.8,No,Standard,No,No,38.0,Credit Card,Monthly,4
2031,2032,21.0,Male,Socks,Clothing,51,North Carolina,L,Charcoal,Spring,4.0,No,Standard,No,No,2.0,Credit Card,Monthly,3
2032,2033,46.0,Male,Blouse,Clothing,36,South Carolina,M,Maroon,Winter,4.2,No,Next Day Air,No,No,13.0,Cash,Annually,1
2033,2034,57.0,Male,Jeans,Clothing,55,Illinois,L,Olive,Summer,3.6,No,Express,No,No,33.0,Venmo,Annually,3
2034,2035,61.0,Male,Shorts,Clothing,30,Alabama,M,Peach,Spring,2.9,No,Store Pickup,No,No,27.0,PayPal,Monthly,1
2035,2036,53.0,Male,T-shirt,Clothing,70,Oklahoma,S,Yellow,Summer,4.1,No,Express,No,No,43.0,Bank Transfer,Weekly,1
2036,2037,37.0,Male,Blouse,Clothing,63,Minnesota,S,Lavender,Winter,3.1,No,Next Day Air,No,No,46.0,Cash,Weekly,4
2037,2038,39.0,Male,Belt,Accessories,87,Illinois,S,Green,Summer,4.3,No,Express,No,No,7.0,Venmo,Bi-Weekly,4
2038,2039,53.0,Male,Blouse,Clothing,70,Arkansas,L,Orange,Spring,4.4,No,Next Day Air,No,No,35.0,Credit Card,Fortnightly,2
2039,2040,35.0,Male,T-shirt,Clothing,51,Minnesota,M,Olive,Spring,3.1,No,Next Day Air,No,No,31.0,Debit Card,Bi-Weekly,2
2040,2041,69.0,Male,Jewelry,Accessories,25,South Carolina,XL,Gray,Spring,2.9,No,Free Shipping,No,No,42.0,Venmo,Quarterly,2
2041,2042,66.0,Male,Jacket,Outerwear,32,New York,S,Lavender,Winter,3.2,No,Next Day Air,No,No,14.0,PayPal,Bi-Weekly,3
2042,2043,19.0,Male,Shoes,Footwear,52,Alabama,M,Red,Spring,4.0,No,2-Day Shipping,No,No,35.0,Venmo,Monthly,2
2043,2044,47.0,Male,Gloves,Accessories,33,New York,M,Charcoal,Summer,2.7,No,Standard,No,No,49.0,PayPal,Weekly,3
2044,2045,,Male,Jeans,Clothing,68,Missouri,L,Orange,Spring,,No,,No,No,,PayPal,,1
2045,2046,31.0,Male,Jewelry,Accessories,20,Georgia,M,Red,Fall,4.4,No,Express,No,No,26.0,PayPal,,2
2046,2047,39.0,Male,Pants,Clothing,32,Oklahoma,M,Maroon,Winter,2.8,No,Free Shipping,No,No,30.0,Cash,Every 3 Months,1
2047,2048,58.0,Male,Jewelry,Accessories,82,Connecticut,M,Silver,Summer,3.1,No,Store Pickup,No,No,32.0,Cash,Annually,3
2048,2049,45.0,Male,Sneakers,Footwear,64,Michigan,XL,Pink,Winter,3.9,No,Express,No,No,35.0,Bank Transfer,Quarterly,3
2049,2050,68.0,Male,Boots,Footwear,24,Rhode Island,L,Blue,Fall,2.7,No,Standard,No,No,15.0,Venmo,Annually,2
2050,2051,35.0,Male,Hat,Accessories,96,Mississippi,M,Teal,Summer,3.4,No,Store Pickup,No,No,10.0,Debit Card,Annually,3
2051,2052,65.0,Male,T-shirt,Clothing,94,Massachusetts,L,Black,Spring,3.8,No,Free Shipping,No,No,14.0,Credit Card,Monthly,2
2052,2053,45.0,Male,Backpack,Accessories,48,New Hampshire,M,Gray,Winter,3.7,No,2-Day Shipping,No,No,30.0,Bank Transfer,Annually,1
2053,2054,,Male,Sunglasses,Accessories,60,Wyoming,S,Purple,Spring,,No,,No,No,,Credit Card,,1
2054,2055,65.0,Male,Sweater,Clothing,56,New Jersey,XL,Gold,Spring,2.9,No,Express,No,No,14.0,PayPal,Annually,3
2055,2056,28.0,Male,Handbag,Accessories,33,Texas,M,Silver,Fall,3.4,No,2-Day Shipping,No,No,28.0,Bank Transfer,Weekly,4
2056,2057,55.0,Male,Backpack,Accessories,46,Minnesota,L,Blue,Spring,4.4,No,2-Day Shipping,No,No,29.0,PayPal,Monthly,1
2057,2058,66.0,Male,Socks,Clothing,37,South Dakota,L,Yellow,Spring,4.2,No,Standard,No,No,5.0,PayPal,Every 3 Months,3
2058,2059,29.0,Male,Shirt,Clothing,98,Washington,M,Brown,Winter,3.3,No,Store Pickup,No,No,17.0,Bank Transfer,Quarterly,2
2059,2060,,Male,Shorts,Clothing,50,California,XL,Beige,Spring,,No,Express,No,No,,PayPal,,4
2060,2061,21.0,Male,Belt,Accessories,63,Wisconsin,M,Blue,Fall,3.2,No,Next Day Air,No,No,23.0,Bank Transfer,Quarterly,2
2061,2062,32.0,Male,Sweater,Clothing,70,Michigan,S,Magenta,Summer,2.6,No,Store Pickup,No,No,22.0,Debit Card,Annually,2
2062,2063,54.0,Male,Coat,Outerwear,63,South Carolina,L,Silver,Fall,2.8,No,Standard,No,No,15.0,Cash,Quarterly,1
2063,2064,61.0,Male,Shorts,Clothing,86,Indiana,M,Cyan,Fall,2.9,No,Standard,No,No,32.0,Cash,Monthly,3
2064,2065,31.0,Male,Shoes,Footwear,99,Arkansas,M,Green,Summer,4.0,No,2-Day Shipping,No,No,5.0,Bank Transfer,Monthly,3
2065,2066,27.0,Male,Sneakers,Footwear,40,Oregon,M,Blue,Spring,2.9,No,Free Shipping,No,No,6.0,Bank Transfer,Bi-Weekly,4
2066,2067,,Male,Sneakers,Footwear,92,Illinois,M,Olive,Fall,,No,,No,No,,Debit Card,,2
2067,2068,,Male,Pants,Clothing,21,Maryland,XL,Beige,Fall,3.1,No,2-Day Shipping,No,No,23.0,Cash,,3
2068,2069,70.0,Male,Jewelry,Accessories,81,Vermont,XL,Black,Summer,3.9,No,Store Pickup,No,No,44.0,Venmo,Monthly,4
2069,2070,,Male,T-shirt,Clothing,82,Texas,M,Indigo,Fall,3.4,No,Free Shipping,No,No,3.0,Debit Card,,2
2070,2071,56.0,Male,Jewelry,Accessories,88,Nebraska,XL,Red,Spring,3.1,No,Express,No,No,14.0,Cash,Monthly,4
2071,2072,69.0,Male,Jacket,Outerwear,100,South Carolina,S,Yellow,Fall,4.8,No,Store Pickup,No,No,37.0,PayPal,Quarterly,4
2072,2073,39.0,Male,Backpack,Accessories,66,Massachusetts,M,Beige,Winter,3.9,No,Next Day Air,No,No,22.0,Bank Transfer,Weekly,1
2073,2074,38.0,Male,Belt,Accessories,25,Texas,S,Green,Winter,3.5,No,Next Day Air,No,No,2.0,PayPal,Every 3 Months,2
2074,2075,36.0,Male,Scarf,Accessories,53,Florida,M,White,Summer,3.1,No,Free Shipping,No,No,44.0,Debit Card,Fortnightly,4
2075,2076,46.0,Male,Sweater,Clothing,28,South Carolina,S,Turquoise,Fall,4.7,No,Express,No,No,49.0,Debit Card,Monthly,4
2076,2077,59.0,Male,Gloves,Accessories,23,Florida,S,Indigo,Fall,4.6,No,Free Shipping,No,No,22.0,Debit Card,Bi-Weekly,1
2077,2078,,Male,Scarf,Accessories,34,Nebraska,L,Orange,Fall,3.3,No,Free Shipping,No,No,26.0,Bank Transfer,,2
2078,2079,49.0,Male,Dress,Clothing,42,Hawaii,M,Blue,Spring,3.2,No,Next Day Air,No,No,40.0,Debit Card,Weekly,1
2079,2080,32.0,Male,Jeans,Clothing,24,Montana,L,Violet,Summer,3.1,No,Next Day Air,No,No,16.0,PayPal,Quarterly,4
2080,2081,29.0,Male,Sunglasses,Accessories,47,South Dakota,S,Gray,Fall,3.5,No,Free Shipping,No,No,17.0,Debit Card,Bi-Weekly,3
2081,2082,24.0,Male,Coat,Outerwear,78,Alabama,S,Cyan,Spring,4.3,No,Standard,No,No,48.0,Bank Transfer,Bi-Weekly,3
2082,2083,41.0,Male,Jeans,Clothing,89,Arkansas,M,Yellow,Summer,2.9,No,Free Shipping,No,No,28.0,Venmo,Every 3 Months,4
2083,2084,41.0,Male,Scarf,Accessories,59,Mississippi,L,Orange,Fall,2.7,No,Store Pickup,No,No,26.0,Credit Card,Fortnightly,1
2084,2085,32.0,Male,Blouse,Clothing,94,Vermont,S,Brown,Summer,4.0,No,Standard,No,No,43.0,Bank Transfer,Quarterly,1
2085,2086,69.0,Male,Jeans,Clothing,49,New York,M,Teal,Fall,4.6,No,Free Shipping,No,No,38.0,Debit Card,Weekly,2
2086,2087,65.0,Male,Dress,Clothing,89,North Dakota,L,Beige,Summer,4.7,No,2-Day Shipping,No,No,36.0,Cash,,3
2087,2088,54.0,Male,Hat,Accessories,91,Wisconsin,M,Blue,Summer,4.7,No,Standard,No,No,1.0,Credit Card,Weekly,1
2088,2089,39.0,Male,Sandals,Footwear,89,California,L,Orange,Spring,4.0,No,Standard,No,No,49.0,Debit Card,Annually,1
2089,2090,37.0,Male,Jacket,Outerwear,57,Maryland,L,Gold,Spring,3.6,No,Free Shipping,No,No,41.0,Credit Card,Every 3 Months,3
2090,2091,51.0,Male,Socks,Clothing,71,Massachusetts,S,Teal,Winter,3.4,No,Free Shipping,No,No,21.0,Debit Card,,3
2091,2092,26.0,Male,Jeans,Clothing,97,Washington,XL,Beige,Fall,3.0,No,Next Day Air,No,No,24.0,Bank Transfer,,4
2092,2093,42.0,Male,Sandals,Footwear,45,Minnesota,M,Silver,Fall,2.6,No,Next Day Air,No,No,27.0,Bank Transfer,,3
2093,2094,21.0,Male,Dress,Clothing,91,Washington,M,Maroon,Spring,4.2,No,Store Pickup,No,No,4.0,Debit Card,,4
2094,2095,53.0,Male,Socks,Clothing,25,South Carolina,M,Indigo,Spring,3.4,No,Standard,No,No,19.0,Venmo,Annually,4
2095,2096,36.0,Male,Hoodie,Clothing,63,New Mexico,M,Gray,Fall,4.0,No,Store Pickup,No,No,1.0,Bank Transfer,Fortnightly,1
2096,2097,,Male,Dress,Clothing,52,North Carolina,L,Blue,Summer,,No,,No,No,,Debit Card,,3
2097,2098,33.0,Male,Sneakers,Footwear,43,Iowa,S,Cyan,Winter,3.9,No,Next Day Air,No,No,5.0,Credit Card,Weekly,4
2098,2099,49.0,Male,T-shirt,Clothing,28,Louisiana,M,White,Summer,3.3,No,2-Day Shipping,No,No,20.0,Venmo,Quarterly,2
2099,2100,31.0,Male,T-shirt,Clothing,78,Oklahoma,L,Green,Summer,2.9,No,Express,No,No,50.0,PayPal,Annually,3
2100,2101,68.0,Male,Sweater,Clothing,31,Michigan,M,Silver,Spring,4.4,No,Free Shipping,No,No,36.0,Cash,Fortnightly,1
2101,2102,49.0,Male,Shirt,Clothing,23,Oregon,M,Blue,Winter,3.6,No,Next Day Air,No,No,12.0,Bank Transfer,Bi-Weekly,3
2102,2103,,Male,Hat,Accessories,25,Idaho,M,Brown,Spring,4.5,No,Store Pickup,No,No,23.0,Cash,,1
2103,2104,30.0,Male,Pants,Clothing,86,Indiana,S,Red,Summer,3.7,No,Store Pickup,No,No,21.0,Venmo,Weekly,1
2104,2105,53.0,Male,Shoes,Footwear,88,New Mexico,M,Gold,Spring,2.8,No,Free Shipping,No,No,47.0,Venmo,Weekly,1
2105,2106,65.0,Male,Gloves,Accessories,35,South Carolina,M,Silver,Spring,4.5,No,Free Shipping,No,No,38.0,Venmo,Bi-Weekly,2
2106,2107,60.0,Male,Jewelry,Accessories,34,Vermont,M,Gray,Fall,4.4,No,Standard,No,No,40.0,Credit Card,Every 3 Months,4
2107,2108,46.0,Male,Pants,Clothing,75,Delaware,M,Black,Winter,3.3,No,Standard,No,No,35.0,PayPal,,1
2108,2109,54.0,Male,Hoodie,Clothing,46,North Dakota,XL,Beige,Winter,4.2,No,Express,No,No,4.0,Credit Card,Quarterly,2
2109,2110,59.0,Male,Jewelry,Accessories,31,California,L,Peach,Fall,2.7,No,Free Shipping,No,No,28.0,Venmo,Every 3 Months,2
2110,2111,52.0,Male,Socks,Clothing,93,Montana,L,Cyan,Spring,3.9,No,Store Pickup,No,No,36.0,Debit Card,Every 3 Months,2
2111,2112,41.0,Male,Sunglasses,Accessories,85,Missouri,XL,Pink,Spring,2.6,No,Free Shipping,No,No,15.0,Bank Transfer,Annually,1
2112,2113,,Male,Belt,Accessories,68,Tennessee,M,Lavender,Fall,,No,,No,No,,Cash,,4
2113,2114,63.0,Male,Dress,Clothing,40,Virginia,M,Brown,Spring,2.7,No,Store Pickup,No,No,29.0,PayPal,Every 3 Months,4
2114,2115,37.0,Male,Shirt,Clothing,51,Vermont,M,Magenta,Winter,2.9,No,Standard,No,No,12.0,Debit Card,Annually,4
2115,2116,,Male,Scarf,Accessories,85,Rhode Island,M,Violet,Winter,3.4,No,Store Pickup,No,No,16.0,Bank Transfer,,3
2116,2117,67.0,Male,Jacket,Outerwear,23,Kansas,M,Teal,Summer,2.9,No,Express,No,No,50.0,Debit Card,Bi-Weekly,2
2117,2118,27.0,Male,Dress,Clothing,28,Colorado,L,Brown,Summer,3.8,No,Free Shipping,No,No,11.0,Debit Card,Annually,3
2118,2119,,Male,Socks,Clothing,44,Georgia,M,Olive,Fall,,No,,No,No,,Debit Card,,1
2119,2120,58.0,Male,Jewelry,Accessories,57,Nebraska,M,Indigo,Spring,3.5,No,Store Pickup,No,No,36.0,Venmo,Bi-Weekly,2
2120,2121,53.0,Male,Scarf,Accessories,98,Missouri,S,Red,Fall,3.1,No,Next Day Air,No,No,38.0,PayPal,Quarterly,4
2121,2122,43.0,Male,Backpack,Accessories,68,Alaska,M,Olive,Winter,3.5,No,2-Day Shipping,No,No,32.0,Bank Transfer,Monthly,2
2122,2123,32.0,Male,Jacket,Outerwear,36,Virginia,L,Teal,Fall,4.0,No,Express,No,No,42.0,Debit Card,Weekly,4
2123,2124,54.0,Male,Coat,Outerwear,71,Nebraska,L,Cyan,Spring,3.7,No,Express,No,No,22.0,Debit Card,Bi-Weekly,1
2124,2125,,Male,Skirt,Clothing,60,Rhode Island,M,Teal,Fall,,No,,No,No,,Venmo,,3
2125,2126,57.0,Male,Coat,Outerwear,87,New Hampshire,M,Beige,Fall,4.8,No,Store Pickup,No,No,31.0,PayPal,Quarterly,4
2126,2127,63.0,Male,Shoes,Footwear,38,Alabama,XL,Magenta,Winter,4.1,No,Express,No,No,28.0,Credit Card,Monthly,2
2127,2128,70.0,Male,Boots,Footwear,45,North Carolina,M,Indigo,Spring,4.5,No,2-Day Shipping,No,No,40.0,Debit Card,Weekly,3
2128,2129,62.0,Male,Coat,Outerwear,47,New Mexico,L,Cyan,Fall,2.7,No,2-Day Shipping,No,No,21.0,PayPal,Weekly,3
2129,2130,40.0,Male,Skirt,Clothing,57,Minnesota,L,Orange,Fall,2.8,No,Store Pickup,No,No,12.0,PayPal,Every 3 Months,4
2130,2131,,Male,Backpack,Accessories,68,Arizona,L,Violet,Summer,,No,,No,No,,Credit Card,,2
2131,2132,19.0,Male,Shorts,Clothing,52,Montana,M,Red,Fall,3.6,No,Express,No,No,9.0,Bank Transfer,Fortnightly,2
2132,2133,,Male,Skirt,Clothing,87,Vermont,M,Magenta,Fall,,No,,No,No,,Debit Card,,4
2133,2134,21.0,Male,Hat,Accessories,34,Maine,M,Olive,Summer,3.8,No,Standard,No,No,13.0,Bank Transfer,Annually,3
2134,2135,55.0,Male,Sandals,Footwear,41,Virginia,XL,Maroon,Winter,2.9,No,Standard,No,No,35.0,Credit Card,Fortnightly,1
2135,2136,34.0,Male,Sunglasses,Accessories,94,California,S,Yellow,Winter,4.6,No,Next Day Air,No,No,1.0,Debit Card,Every 3 Months,3
2136,2137,47.0,Male,Sunglasses,Accessories,93,New York,M,Red,Summer,2.8,No,Standard,No,No,25.0,Bank Transfer,Fortnightly,1
2137,2138,27.0,Male,Socks,Clothing,51,Indiana,XL,Purple,Winter,4.6,No,2-Day Shipping,No,No,20.0,Credit Card,Every 3 Months,1
2138,2139,67.0,Male,Sweater,Clothing,42,Mississippi,M,Teal,Fall,2.8,No,Next Day Air,No,No,36.0,Venmo,Quarterly,4
2139,2140,40.0,Male,Boots,Footwear,95,New York,M,Red,Winter,3.0,No,Free Shipping,No,No,33.0,Cash,Weekly,4
2140,2141,53.0,Male,Handbag,Accessories,90,New Mexico,M,Brown,Fall,3.7,No,Standard,No,No,36.0,Cash,Fortnightly,1
2141,2142,24.0,Male,Dress,Clothing,98,Kentucky,M,Peach,Winter,4.1,No,2-Day Shipping,No,No,32.0,PayPal,Annually,2
2142,2143,47.0,Male,Hat,Accessories,39,North Dakota,M,Maroon,Winter,4.3,No,Next Day Air,No,No,21.0,Venmo,Quarterly,4
2143,2144,53.0,Male,Sandals,Footwear,66,Arkansas,L,Red,Fall,3.8,No,Next Day Air,No,No,48.0,Venmo,Bi-Weekly,1
2144,2145,47.0,Male,Shoes,Footwear,23,Maryland,L,Orange,Winter,3.7,No,Free Shipping,No,No,25.0,PayPal,Quarterly,1
2145,2146,38.0,Male,Skirt,Clothing,73,Connecticut,S,White,Winter,4.8,No,Standard,No,No,32.0,PayPal,Annually,1
2146,2147,48.0,Male,Sunglasses,Accessories,23,Utah,XL,White,Summer,4.6,No,Standard,No,No,45.0,PayPal,Every 3 Months,1
2147,2148,47.0,Male,Skirt,Clothing,43,Missouri,S,Charcoal,Fall,4.8,No,Standard,No,No,4.0,Cash,Fortnightly,3
2148,2149,,Male,T-shirt,Clothing,45,Nebraska,XL,Turquoise,Winter,,No,2-Day Shipping,No,No,,PayPal,,4
2149,2150,38.0,Male,Sandals,Footwear,21,Hawaii,L,Orange,Winter,4.0,No,Standard,No,No,1.0,Bank Transfer,,4
2150,2151,57.0,Male,Shirt,Clothing,40,Illinois,M,Orange,Spring,2.6,No,2-Day Shipping,No,No,12.0,Cash,Weekly,4
2151,2152,70.0,Male,Jeans,Clothing,58,Vermont,L,Brown,Fall,2.6,No,2-Day Shipping,No,No,18.0,Venmo,Monthly,2
2152,2153,38.0,Male,Shorts,Clothing,48,New Jersey,L,Magenta,Summer,4.5,No,Next Day Air,No,No,43.0,Bank Transfer,Bi-Weekly,1
2153,2154,35.0,Male,Shirt,Clothing,94,Kentucky,M,Violet,Fall,4.2,No,Free Shipping,No,No,31.0,PayPal,Annually,3
2154,2155,,Male,Scarf,Accessories,74,Wyoming,M,Violet,Spring,,No,,No,No,,Cash,,2
2155,2156,32.0,Male,Handbag,Accessories,51,Hawaii,L,Yellow,Fall,3.7,No,Store Pickup,No,No,46.0,PayPal,,1
2156,2157,38.0,Male,Skirt,Clothing,83,Missouri,M,Maroon,Winter,3.6,No,Next Day Air,No,No,41.0,Debit Card,Bi-Weekly,2
2157,2158,41.0,Male,Handbag,Accessories,68,Mississippi,L,Turquoise,Winter,4.0,No,Next Day Air,No,No,41.0,Venmo,Fortnightly,3
2158,2159,19.0,Male,Gloves,Accessories,84,Massachusetts,XL,Olive,Spring,4.6,No,Standard,No,No,9.0,Bank Transfer,Fortnightly,4
2159,2160,18.0,Male,Shirt,Clothing,58,Louisiana,M,Peach,Fall,3.0,No,Free Shipping,No,No,34.0,Cash,,3
2160,2161,45.0,Male,Blouse,Clothing,92,West Virginia,L,Charcoal,Winter,3.3,No,Express,No,No,21.0,PayPal,Annually,4
2161,2162,23.0,Male,Dress,Clothing,69,Washington,S,Peach,Summer,3.8,No,Express,No,No,5.0,Debit Card,Fortnightly,3
2162,2163,60.0,Male,Shorts,Clothing,48,Oregon,S,Black,Summer,2.7,No,Free Shipping,No,No,32.0,PayPal,Weekly,3
2163,2164,52.0,Male,Shoes,Footwear,60,New York,L,Gray,Spring,4.5,No,Express,No,No,44.0,Bank Transfer,Monthly,3
2164,2165,42.0,Male,Sandals,Footwear,20,Iowa,S,Olive,Winter,4.8,No,Next Day Air,No,No,46.0,PayPal,Bi-Weekly,3
2165,2166,29.0,Male,Pants,Clothing,55,Idaho,M,Turquoise,Summer,4.2,No,Express,No,No,42.0,Credit Card,Every 3 Months,1
2166,2167,,Male,Jacket,Outerwear,88,New Jersey,S,Purple,Spring,,No,,No,No,,Credit Card,,1
2167,2168,30.0,Male,Skirt,Clothing,48,Ohio,L,Green,Winter,4.9,No,Standard,No,No,33.0,Venmo,Fortnightly,1
2168,2169,23.0,Male,Handbag,Accessories,74,Connecticut,M,Beige,Spring,4.1,No,Next Day Air,No,No,32.0,Cash,Quarterly,1
2169,2170,31.0,Male,Coat,Outerwear,42,Florida,M,Brown,Fall,2.9,No,Next Day Air,No,No,32.0,Bank Transfer,Bi-Weekly,2
2170,2171,40.0,Male,Sweater,Clothing,32,South Carolina,M,Turquoise,Fall,4.0,No,Next Day Air,No,No,37.0,Venmo,Every 3 Months,1
2171,2172,39.0,Male,Shorts,Clothing,98,Missouri,M,Yellow,Summer,4.6,No,Store Pickup,No,No,9.0,Cash,Fortnightly,2
2172,2173,28.0,Male,Skirt,Clothing,89,Rhode Island,S,Lavender,Fall,2.8,No,Store Pickup,No,No,6.0,PayPal,Fortnightly,1
2173,2174,23.0,Male,Gloves,Accessories,97,Delaware,S,Cyan,Summer,5.0,No,2-Day Shipping,No,No,36.0,Venmo,Quarterly,1
2174,2175,42.0,Male,Backpack,Accessories,49,Colorado,S,Olive,Spring,2.9,No,Store Pickup,No,No,1.0,Cash,Annually,2
2175,2176,68.0,Male,Dress,Clothing,50,Nebraska,M,Silver,Spring,3.3,No,Free Shipping,No,No,48.0,Credit Card,Fortnightly,2
2176,2177,,Male,Belt,Accessories,91,Vermont,S,Red,Winter,,No,,No,No,,Debit Card,,4
2177,2178,24.0,Male,Gloves,Accessories,93,Montana,XL,Green,Winter,3.0,No,Express,No,No,9.0,PayPal,Bi-Weekly,1
2178,2179,21.0,Male,Jewelry,Accessories,98,Florida,M,Gold,Summer,4.7,No,Standard,No,No,32.0,Venmo,Annually,4
2179,2180,49.0,Male,Socks,Clothing,82,Delaware,L,Lavender,Fall,2.9,No,Next Day Air,No,No,14.0,PayPal,Monthly,3
2180,2181,41.0,Male,Coat,Outerwear,37,Connecticut,M,Yellow,Summer,4.1,No,Store Pickup,No,No,43.0,Cash,Quarterly,2
2181,2182,,Male,Handbag,Accessories,63,Hawaii,M,Black,Fall,,No,,No,No,,Bank Transfer,,4
2182,2183,42.0,Male,Blouse,Clothing,99,New Mexico,M,Maroon,Winter,2.7,No,Store Pickup,No,No,26.0,Venmo,Bi-Weekly,4
2183,2184,,Male,Shorts,Clothing,37,Kansas,M,Maroon,Spring,,No,,No,No,,Cash,,2
2184,2185,38.0,Male,Shoes,Footwear,34,Nevada,S,Gold,Spring,3.2,No,Free Shipping,No,No,16.0,PayPal,Every 3 Months,1
2185,2186,40.0,Male,Shorts,Clothing,32,North Carolina,M,Violet,Winter,2.5,No,Express,No,No,50.0,Debit Card,Every 3 Months,3
2186,2187,55.0,Male,Sandals,Footwear,23,New Mexico,XL,Teal,Winter,4.3,No,Next Day Air,No,No,6.0,PayPal,Every 3 Months,2
2187,2188,37.0,Male,Blouse,Clothing,78,Idaho,M,Violet,Spring,4.4,No,Free Shipping,No,No,20.0,PayPal,Annually,2
2188,2189,41.0,Male,Coat,Outerwear,54,California,M,Brown,Winter,4.7,No,Next Day Air,No,No,9.0,Credit Card,Weekly,4
2189,2190,38.0,Male,Blouse,Clothing,94,Wisconsin,XL,Brown,Fall,4.0,No,Express,No,No,47.0,Credit Card,Bi-Weekly,4
2190,2191,42.0,Male,Belt,Accessories,75,Alaska,S,Maroon,Spring,4.6,No,Express,No,No,33.0,Credit Card,Annually,4
2191,2192,26.0,Male,Blouse,Clothing,69,Pennsylvania,S,Maroon,Summer,3.8,No,Next Day Air,No,No,46.0,Cash,Bi-Weekly,2
2192,2193,41.0,Male,Scarf,Accessories,35,Virginia,L,Yellow,Winter,3.2,No,Next Day Air,No,No,9.0,Credit Card,Monthly,3
2193,2194,27.0,Male,Shirt,Clothing,78,California,L,Turquoise,Spring,5.0,No,Express,No,No,8.0,PayPal,Monthly,1
2194,2195,,Male,Socks,Clothing,29,Kentucky,M,Silver,Summer,,No,Standard,No,No,,Bank Transfer,,1
2195,2196,58.0,Male,Jeans,Clothing,62,New York,M,Brown,Fall,3.7,No,Next Day Air,No,No,2.0,Cash,,1
2196,2197,25.0,Male,Dress,Clothing,58,Vermont,M,Gray,Spring,4.8,No,Next Day Air,No,No,31.0,PayPal,Weekly,2
2197,2198,33.0,Male,Boots,Footwear,88,Pennsylvania,M,Indigo,Summer,3.7,No,2-Day Shipping,No,No,40.0,Venmo,Monthly,2
2198,2199,57.0,Male,Scarf,Accessories,80,New York,L,Turquoise,Summer,3.5,No,Free Shipping,No,No,35.0,Venmo,Monthly,2
2199,2200,39.0,Male,Scarf,Accessories,47,North Carolina,M,Maroon,Summer,4.9,No,Store Pickup,No,No,40.0,Debit Card,Monthly,1
2200,2201,60.0,Male,Gloves,Accessories,51,Wyoming,L,Charcoal,Summer,4.7,No,Next Day Air,No,No,27.0,Debit Card,Every 3 Months,1
2201,2202,39.0,Male,Pants,Clothing,25,Ohio,L,Peach,Spring,4.9,No,2-Day Shipping,No,No,10.0,Venmo,Annually,1
2202,2203,,Male,Dress,Clothing,36,Alabama,M,Red,Summer,,No,,No,No,,Credit Card,,2
2203,2204,53.0,Male,Dress,Clothing,79,Rhode Island,M,Indigo,Winter,3.1,No,Free Shipping,No,No,32.0,Cash,Quarterly,3
2204,2205,20.0,Male,Jeans,Clothing,41,Oregon,S,Lavender,Winter,3.4,No,2-Day Shipping,No,No,6.0,Debit Card,Monthly,3
2205,2206,46.0,Male,Sweater,Clothing,68,North Dakota,XL,Red,Fall,2.7,No,Express,No,No,27.0,PayPal,Weekly,1
2206,2207,46.0,Male,Sandals,Footwear,51,Illinois,L,Green,Spring,2.6,No,Store Pickup,No,No,25.0,Bank Transfer,,1
2207,2208,69.0,Male,Handbag,Accessories,38,New Mexico,M,Gray,Fall,2.9,No,Next Day Air,No,No,11.0,Credit Card,Annually,3
2208,2209,28.0,Male,Scarf,Accessories,46,Colorado,XL,Violet,Summer,2.7,No,2-Day Shipping,No,No,23.0,PayPal,Monthly,3
2209,2210,42.0,Male,Sandals,Footwear,20,Utah,XL,Beige,Summer,4.5,No,2-Day Shipping,No,No,44.0,Bank Transfer,Quarterly,4
2210,2211,30.0,Male,Sunglasses,Accessories,25,Virginia,M,Orange,Summer,3.1,No,Store Pickup,No,No,35.0,PayPal,Fortnightly,2
2211,2212,50.0,Male,Sweater,Clothing,89,Maine,L,Purple,Winter,3.2,No,Free Shipping,No,No,45.0,Debit Card,Every 3 Months,3
2212,2213,59.0,Male,Pants,Clothing,77,Nebraska,M,Brown,Winter,3.3,No,Next Day Air,No,No,22.0,Bank Transfer,Quarterly,4
2213,2214,,Male,Hat,Accessories,94,Hawaii,M,Maroon,Fall,,No,,No,No,,Debit Card,,4
2214,2215,50.0,Male,Belt,Accessories,100,Idaho,L,Gold,Fall,4.1,No,Standard,No,No,20.0,Debit Card,Weekly,4
2215,2216,,Male,Sandals,Footwear,96,West Virginia,M,Indigo,Winter,2.7,No,Express,No,No,28.0,Credit Card,,1
2216,2217,,Male,Pants,Clothing,36,Vermont,XL,Silver,Winter,,No,,No,No,,Venmo,,4
2217,2218,35.0,Male,Jewelry,Accessories,27,Indiana,XL,Red,Fall,2.6,No,Store Pickup,No,No,42.0,Bank Transfer,Fortnightly,3
2218,2219,,Male,Sunglasses,Accessories,67,Idaho,M,Magenta,Winter,,No,Store Pickup,No,No,,Debit Card,,2
2219,2220,33.0,Male,Blouse,Clothing,91,Minnesota,S,Purple,Fall,2.8,No,Store Pickup,No,No,16.0,Bank Transfer,Fortnightly,3
2220,2221,19.0,Male,Belt,Accessories,62,Wyoming,XL,Beige,Fall,4.5,No,Store Pickup,No,No,47.0,Cash,Annually,1
2221,2222,25.0,Male,Shorts,Clothing,88,Kansas,XL,White,Fall,3.0,No,Free Shipping,No,No,34.0,Credit Card,Annually,3
2222,2223,,Male,Pants,Clothing,66,Georgia,M,Teal,Summer,4.4,No,Store Pickup,No,No,30.0,Credit Card,,1
2223,2224,30.0,Male,Sandals,Footwear,65,Kansas,M,Gray,Fall,4.7,No,Next Day Air,No,No,5.0,PayPal,Quarterly,1
2224,2225,18.0,Male,Gloves,Accessories,25,Nebraska,L,Charcoal,Winter,4.3,No,Standard,No,No,38.0,Cash,Quarterly,4
2225,2226,,Male,Belt,Accessories,64,Washington,S,Olive,Spring,,No,,No,No,,Credit Card,,4
2226,2227,,Male,Shirt,Clothing,72,Missouri,L,Blue,Spring,4.8,No,Store Pickup,No,No,28.0,Cash,,3
2227,2228,40.0,Male,Scarf,Accessories,74,Washington,S,Gray,Summer,4.4,No,Next Day Air,No,No,42.0,Credit Card,Fortnightly,3
2228,2229,54.0,Male,Gloves,Accessories,50,Kansas,M,Green,Fall,3.7,No,Free Shipping,No,No,5.0,Credit Card,Weekly,4
2229,2230,,Male,Pants,Clothing,97,Minnesota,M,Silver,Fall,,No,,No,No,,Venmo,,4
2230,2231,,Male,Sneakers,Footwear,36,Colorado,S,Teal,Spring,3.8,No,Express,No,No,33.0,Venmo,,3
2231,2232,34.0,Male,Jacket,Outerwear,49,Utah,M,Beige,Fall,4.1,No,Store Pickup,No,No,1.0,Credit Card,Weekly,4
2232,2233,65.0,Male,Shoes,Footwear,64,North Carolina,L,Lavender,Spring,4.0,No,Store Pickup,No,No,14.0,Cash,Fortnightly,4
2233,2234,,Male,Blouse,Clothing,31,Florida,XL,Gray,Summer,4.5,No,Express,No,No,48.0,Credit Card,,2
2234,2235,35.0,Male,Boots,Footwear,66,New Hampshire,S,Yellow,Winter,4.0,No,Express,No,No,26.0,Cash,Weekly,3
2235,2236,40.0,Male,Socks,Clothing,82,Illinois,M,Gray,Spring,4.5,No,2-Day Shipping,No,No,44.0,Credit Card,Annually,3
2236,2237,23.0,Male,T-shirt,Clothing,88,Louisiana,M,Yellow,Winter,2.7,No,Standard,No,No,18.0,Debit Card,Fortnightly,1
2237,2238,45.0,Male,Sandals,Footwear,34,Alabama,S,Black,Summer,3.8,No,Next Day Air,No,No,31.0,Venmo,Every 3 Months,3
2238,2239,40.0,Male,Sneakers,Footwear,84,Florida,L,Beige,Winter,3.8,No,Standard,No,No,18.0,Debit Card,Weekly,2
2239,2240,42.0,Male,Jewelry,Accessories,96,Alabama,L,Indigo,Summer,3.8,No,2-Day Shipping,No,No,41.0,Credit Card,Every 3 Months,4
2240,2241,57.0,Male,Sandals,Footwear,71,California,L,Green,Winter,4.3,No,Next Day Air,No,No,18.0,Debit Card,Every 3 Months,4
2241,2242,,Male,Jacket,Outerwear,77,Maryland,M,Purple,Summer,3.5,No,Free Shipping,No,No,3.0,Bank Transfer,,2
2242,2243,18.0,Male,Skirt,Clothing,66,Nevada,M,Orange,Spring,3.8,No,Next Day Air,No,No,5.0,Credit Card,,1
2243,2244,56.0,Male,Shirt,Clothing,21,Massachusetts,M,Teal,Winter,3.7,No,2-Day Shipping,No,No,13.0,Debit Card,Annually,3
2244,2245,35.0,Male,Shorts,Clothing,37,South Carolina,M,Gold,Summer,4.8,No,2-Day Shipping,No,No,22.0,PayPal,,4
2245,2246,,Male,Socks,Clothing,90,Delaware,L,Gray,Fall,,No,,No,No,,PayPal,,3
2246,2247,,Male,Jacket,Outerwear,96,Hawaii,M,Cyan,Fall,,No,,No,No,,PayPal,,4
2247,2248,34.0,Male,Jewelry,Accessories,37,Florida,L,Teal,Summer,4.4,No,Next Day Air,No,No,18.0,Venmo,Annually,2
2248,2249,63.0,Male,T-shirt,Clothing,66,Rhode Island,M,Violet,Winter,3.4,No,Free Shipping,No,No,19.0,PayPal,Fortnightly,3
2249,2250,42.0,Male,Gloves,Accessories,45,Wyoming,XL,Indigo,Spring,4.3,No,Next Day Air,No,No,29.0,Debit Card,Weekly,3
2250,2251,,Male,Shoes,Footwear,89,Colorado,L,Pink,Summer,,No,Store Pickup,No,No,,Credit Card,,2
2251,2252,26.0,Male,Shoes,Footwear,94,Virginia,L,Gold,Fall,3.8,No,Free Shipping,No,No,22.0,Debit Card,Monthly,2
2252,2253,48.0,Male,Shoes,Footwear,96,Nebraska,S,Maroon,Summer,3.9,No,Express,No,No,21.0,Bank Transfer,Annually,2
2253,2254,62.0,Male,Hoodie,Clothing,31,Oklahoma,M,Brown,Spring,2.6,No,Store Pickup,No,No,22.0,PayPal,Monthly,3
2254,2255,24.0,Male,Belt,Accessories,79,North Dakota,M,Gold,Winter,4.2,No,Store Pickup,No,No,44.0,PayPal,Every 3 Months,4
2255,2256,48.0,Male,Coat,Outerwear,39,Michigan,L,Teal,Spring,4.6,No,Store Pickup,No,No,42.0,Bank Transfer,Quarterly,2
2256,2257,31.0,Male,Blouse,Clothing,22,California,M,Turquoise,Fall,5.0,No,Standard,No,No,33.0,Credit Card,Quarterly,3
2257,2258,41.0,Male,Skirt,Clothing,32,Tennessee,L,Olive,Fall,4.2,No,Standard,No,No,6.0,Bank Transfer,Annually,1
2258,2259,24.0,Male,T-shirt,Clothing,71,Ohio,L,Cyan,Winter,4.3,No,Store Pickup,No,No,44.0,Credit Card,,3
2259,2260,,Male,Jeans,Clothing,96,Florida,XL,Beige,Spring,3.3,No,Free Shipping,No,No,24.0,Cash,,3
2260,2261,38.0,Male,Scarf,Accessories,82,Missouri,M,Blue,Fall,4.9,No,Express,No,No,16.0,PayPal,Quarterly,4
2261,2262,58.0,Male,Backpack,Accessories,76,South Carolina,L,Gold,Spring,4.4,No,Standard,No,No,12.0,Bank Transfer,Fortnightly,1
2262,2263,53.0,Male,Backpack,Accessories,22,Arizona,M,Green,Winter,3.1,No,2-Day Shipping,No,No,50.0,PayPal,Monthly,3
2263,2264,44.0,Male,Scarf,Accessories,40,Indiana,XL,Green,Winter,3.5,No,Store Pickup,No,No,42.0,Cash,Quarterly,1
2264,2265,51.0,Male,Hat,Accessories,92,North Dakota,M,Turquoise,Summer,3.9,No,2-Day Shipping,No,No,50.0,PayPal,Monthly,2
2265,2266,36.0,Male,Coat,Outerwear,94,Montana,XL,Yellow,Fall,3.9,No,Store Pickup,No,No,10.0,PayPal,Quarterly,1
2266,2267,20.0,Male,Dress,Clothing,44,Missouri,M,Yellow,Fall,4.3,No,Store Pickup,No,No,32.0,Debit Card,Weekly,2
2267,2268,32.0,Male,Gloves,Accessories,49,Kentucky,S,Blue,Spring,3.8,No,Express,No,No,37.0,Venmo,Weekly,3
2268,2269,66.0,Male,Sweater,Clothing,26,Georgia,L,Charcoal,Spring,2.7,No,2-Day Shipping,No,No,15.0,Bank Transfer,Monthly,4
2269,2270,,Male,Skirt,Clothing,38,Kentucky,M,Yellow,Fall,,No,,No,No,,Credit Card,,1
2270,2271,27.0,Male,Blouse,Clothing,72,Georgia,L,Purple,Spring,3.5,No,Express,No,No,7.0,Venmo,Weekly,2
2271,2272,,Male,Dress,Clothing,99,Alaska,M,Green,Summer,,No,,No,No,,PayPal,,1
2272,2273,29.0,Male,Jacket,Outerwear,38,Maine,L,Charcoal,Spring,4.0,No,Standard,No,No,44.0,PayPal,Monthly,2
2273,2274,55.0,Male,Coat,Outerwear,96,New Mexico,L,Silver,Winter,4.8,No,Express,No,No,13.0,PayPal,Bi-Weekly,1
2274,2275,57.0,Male,Dress,Clothing,27,New York,L,Turquoise,Spring,4.5,No,Next Day Air,No,No,38.0,PayPal,Fortnightly,2
2275,2276,29.0,Male,Shorts,Clothing,24,Oklahoma,M,Gray,Winter,4.4,No,Standard,No,No,10.0,Debit Card,Weekly,2
2276,2277,,Male,Jeans,Clothing,82,Wyoming,L,Red,Summer,,No,,No,No,,Debit Card,,1
2277,2278,25.0,Male,Hat,Accessories,56,Alabama,M,Beige,Summer,4.6,No,Next Day Air,No,No,18.0,Credit Card,Quarterly,4
2278,2279,61.0,Male,Gloves,Accessories,25,Maryland,M,Maroon,Fall,3.8,No,Store Pickup,No,No,6.0,Cash,Every 3 Months,1
2279,2280,,Male,Sneakers,Footwear,67,West Virginia,L,Indigo,Spring,2.9,No,Free Shipping,No,No,35.0,Bank Transfer,,3
2280,2281,22.0,Male,Shoes,Footwear,21,Kentucky,M,Red,Summer,2.8,No,Standard,No,No,31.0,Credit Card,Fortnightly,3
2281,2282,,Male,Hoodie,Clothing,27,Kansas,XL,Maroon,Summer,,No,Store Pickup,No,No,,Bank Transfer,,1
2282,2283,18.0,Male,Sneakers,Footwear,97,Idaho,S,Red,Fall,4.2,No,2-Day Shipping,No,No,8.0,Credit Card,,4
2283,2284,44.0,Male,Handbag,Accessories,45,Ohio,S,Black,Winter,4.1,No,Free Shipping,No,No,34.0,Credit Card,Fortnightly,4
2284,2285,32.0,Male,Blouse,Clothing,63,Iowa,XL,Black,Fall,4.1,No,Express,No,No,20.0,Venmo,Annually,3
2285,2286,34.0,Male,Belt,Accessories,100,Michigan,L,Pink,Summer,4.6,No,2-Day Shipping,No,No,38.0,PayPal,Every 3 Months,2
2286,2287,67.0,Male,Socks,Clothing,38,South Dakota,L,Blue,Spring,2.5,No,Store Pickup,No,No,35.0,Venmo,Quarterly,3
2287,2288,,Male,Blouse,Clothing,45,Nebraska,L,Green,Summer,,No,,No,No,,Debit Card,,4
2288,2289,28.0,Male,Jewelry,Accessories,91,California,M,Orange,Fall,3.8,No,Next Day Air,No,No,50.0,PayPal,Weekly,1
2289,2290,70.0,Male,Shorts,Clothing,82,Nevada,M,Orange,Fall,4.1,No,Free Shipping,No,No,47.0,Venmo,,1
2290,2291,37.0,Male,Boots,Footwear,48,Kansas,L,Magenta,Winter,3.3,No,Standard,No,No,23.0,PayPal,Quarterly,2
2291,2292,28.0,Male,Coat,Outerwear,30,Ohio,M,Indigo,Spring,5.0,No,2-Day Shipping,No,No,13.0,Credit Card,Quarterly,3
2292,2293,,Male,T-shirt,Clothing,34,Vermont,S,Beige,Spring,,No,,No,No,,Debit Card,,4
2293,2294,37.0,Male,Sweater,Clothing,68,Georgia,L,Green,Fall,3.3,No,Express,No,No,16.0,Debit Card,,4
2294,2295,54.0,Male,Sunglasses,Accessories,95,Maryland,M,Red,Winter,5.0,No,Express,No,No,40.0,Debit Card,Annually,4
2295,2296,,Male,Hat,Accessories,22,Connecticut,L,Beige,Spring,2.9,No,2-Day Shipping,No,No,45.0,PayPal,,3
2296,2297,46.0,Male,Gloves,Accessories,88,Washington,M,Green,Fall,2.5,No,Next Day Air,No,No,50.0,Venmo,Every 3 Months,3
2297,2298,60.0,Male,Socks,Clothing,83,California,M,Orange,Summer,4.7,No,Standard,No,No,1.0,Bank Transfer,Quarterly,4
2298,2299,40.0,Male,Handbag,Accessories,87,Montana,L,Cyan,Spring,2.9,No,2-Day Shipping,No,No,10.0,Cash,Every 3 Months,1
2299,2300,,Male,Coat,Outerwear,57,Idaho,M,Violet,Summer,,No,,No,No,,Credit Card,,4
2300,2301,18.0,Male,Coat,Outerwear,88,Pennsylvania,XL,Lavender,Summer,4.4,No,2-Day Shipping,No,No,38.0,Credit Card,Monthly,1
2301,2302,37.0,Male,Pants,Clothing,20,Maine,L,Turquoise,Winter,2.9,No,Next Day Air,No,No,21.0,Debit Card,Annually,4
2302,2303,,Male,Belt,Accessories,39,Montana,L,Pink,Summer,3.6,No,Store Pickup,No,No,38.0,Venmo,,3
2303,2304,,Male,Sunglasses,Accessories,71,New Jersey,S,Beige,Spring,,No,,No,No,,Credit Card,,4
2304,2305,26.0,Male,Hoodie,Clothing,73,Louisiana,L,Silver,Winter,4.7,No,Free Shipping,No,No,9.0,Debit Card,,3
2305,2306,68.0,Male,Handbag,Accessories,63,Maine,M,Gold,Summer,2.6,No,Free Shipping,No,No,47.0,Cash,Weekly,1
2306,2307,27.0,Male,Gloves,Accessories,78,Florida,L,Silver,Winter,3.4,No,Standard,No,No,8.0,Cash,Bi-Weekly,1
2307,2308,28.0,Male,Skirt,Clothing,96,Missouri,L,Green,Fall,3.5,No,Next Day Air,No,No,30.0,Debit Card,Annually,2
2308,2309,49.0,Male,Sunglasses,Accessories,81,North Dakota,M,Teal,Winter,3.4,No,2-Day Shipping,No,No,22.0,Bank Transfer,Quarterly,1
2309,2310,,Male,Dress,Clothing,95,Connecticut,S,Gold,Fall,,No,,No,No,,Bank Transfer,,4
2310,2311,30.0,Male,Gloves,Accessories,68,Virginia,M,Cyan,Spring,4.6,No,Standard,No,No,15.0,PayPal,Monthly,1
2311,2312,27.0,Male,Sneakers,Footwear,28,Montana,L,Gold,Spring,4.8,No,2-Day Shipping,No,No,10.0,Bank Transfer,Every 3 Months,3
2312,2313,19.0,Male,T-shirt,Clothing,30,Vermont,L,Violet,Summer,3.7,No,Free Shipping,No,No,19.0,Cash,Every 3 Months,2
2313,2314,64.0,Male,Dress,Clothing,31,Georgia,M,Black,Summer,4.7,No,Next Day Air,No,No,36.0,Bank Transfer,Fortnightly,3
2314,2315,42.0,Male,Handbag,Accessories,95,Virginia,XL,Brown,Winter,4.4,No,Express,No,No,12.0,Bank Transfer,Every 3 Months,3
2315,2316,69.0,Male,Socks,Clothing,79,Vermont,M,Indigo,Winter,3.5,No,2-Day Shipping,No,No,49.0,Debit Card,Quarterly,3
2316,2317,,Male,Sneakers,Footwear,39,Montana,L,Yellow,Winter,,No,,No,No,,Debit Card,,2
2317,2318,47.0,Male,Jacket,Outerwear,34,New Jersey,M,Purple,Summer,4.7,No,Next Day Air,No,No,28.0,Bank Transfer,Monthly,4
2318,2319,69.0,Male,Hoodie,Clothing,28,Wyoming,L,White,Spring,3.1,No,Store Pickup,No,No,30.0,Credit Card,Annually,3
2319,2320,56.0,Male,Sandals,Footwear,38,Maine,XL,Turquoise,Winter,5.0,No,Free Shipping,No,No,29.0,PayPal,Monthly,3
2320,2321,28.0,Male,Shoes,Footwear,55,New Mexico,M,Olive,Spring,3.7,No,Free Shipping,No,No,9.0,Debit Card,Every 3 Months,3
2321,2322,50.0,Male,Sandals,Footwear,31,Colorado,M,Beige,Winter,3.0,No,Next Day Air,No,No,27.0,Debit Card,Fortnightly,1
2322,2323,39.0,Male,Coat,Outerwear,84,Connecticut,S,Lavender,Spring,4.5,No,Store Pickup,No,No,21.0,Venmo,Fortnightly,1
2323,2324,,Male,Gloves,Accessories,93,Maryland,L,White,Winter,4.7,No,Express,No,No,36.0,Credit Card,,3
2324,2325,59.0,Male,Coat,Outerwear,28,Oregon,L,Brown,Winter,3.5,No,Free Shipping,No,No,19.0,Debit Card,Annually,2
2325,2326,,Male,Boots,Footwear,55,New York,M,Charcoal,Summer,,No,,No,No,,Cash,,2
2326,2327,66.0,Male,Skirt,Clothing,63,Oklahoma,L,Maroon,Winter,2.6,No,Standard,No,No,38.0,Bank Transfer,Annually,3
2327,2328,20.0,Male,Skirt,Clothing,94,Alabama,M,Red,Winter,4.2,No,2-Day Shipping,No,No,22.0,Venmo,Bi-Weekly,2
2328,2329,45.0,Male,Pants,Clothing,36,North Dakota,M,Maroon,Fall,2.6,No,Express,No,No,29.0,Venmo,Bi-Weekly,1
2329,2330,49.0,Male,Hat,Accessories,97,Nebraska,S,Teal,Spring,4.8,No,Free Shipping,No,No,42.0,Bank Transfer,Annually,2
2330,2331,60.0,Male,Backpack,Accessories,63,Arizona,L,Orange,Summer,2.9,No,Store Pickup,No,No,47.0,PayPal,Every 3 Months,1
2331,2332,61.0,Male,Scarf,Accessories,77,Illinois,S,Olive,Spring,4.3,No,2-Day Shipping,No,No,10.0,Credit Card,Bi-Weekly,3
2332,2333,36.0,Male,Scarf,Accessories,53,South Carolina,XL,Olive,Fall,2.6,No,Store Pickup,No,No,10.0,Venmo,Monthly,1
2333,2334,,Male,Shirt,Clothing,77,Kansas,M,Beige,Spring,,No,,No,No,,PayPal,,4
2334,2335,,Male,Boots,Footwear,79,Kansas,L,Green,Summer,,No,,No,No,,Credit Card,,2
2335,2336,31.0,Male,Coat,Outerwear,37,Idaho,M,Black,Summer,3.9,No,Store Pickup,No,No,10.0,Venmo,Fortnightly,1
2336,2337,19.0,Male,Belt,Accessories,94,California,M,Green,Winter,3.1,No,Free Shipping,No,No,11.0,Credit Card,Weekly,2
2337,2338,39.0,Male,Boots,Footwear,76,North Dakota,S,Violet,Fall,3.6,No,Store Pickup,No,No,5.0,Cash,Annually,3
2338,2339,,Male,Sneakers,Footwear,68,Georgia,S,Silver,Fall,,No,,No,No,,PayPal,,2
2339,2340,25.0,Male,Shirt,Clothing,65,Illinois,L,Maroon,Spring,3.4,No,Next Day Air,No,No,24.0,Bank Transfer,Quarterly,2
2340,2341,63.0,Male,Blouse,Clothing,24,Delaware,M,Cyan,Summer,2.6,No,Standard,No,No,37.0,Credit Card,Fortnightly,1
2341,2342,56.0,Male,Jacket,Outerwear,31,Connecticut,L,Teal,Summer,4.5,No,Express,No,No,22.0,Venmo,Every 3 Months,2
2342,2343,20.0,Male,Skirt,Clothing,89,Tennessee,M,Olive,Fall,4.9,No,Standard,No,No,16.0,Debit Card,Fortnightly,4
2343,2344,58.0,Male,Socks,Clothing,49,Maryland,M,Red,Summer,4.4,No,2-Day Shipping,No,No,44.0,PayPal,Monthly,3
2344,2345,34.0,Male,Sandals,Footwear,92,Rhode Island,XL,Lavender,Fall,3.5,No,Express,No,No,14.0,Venmo,,4
2345,2346,28.0,Male,T-shirt,Clothing,32,New York,S,Orange,Winter,3.3,No,Express,No,No,23.0,Bank Transfer,Every 3 Months,4
2346,2347,22.0,Male,Jacket,Outerwear,67,New Mexico,L,Brown,Winter,3.1,No,Standard,No,No,46.0,Debit Card,Fortnightly,3
2347,2348,37.0,Male,Belt,Accessories,64,California,S,Gray,Fall,4.2,No,Express,No,No,46.0,Cash,Every 3 Months,4
2348,2349,,Male,Shoes,Footwear,84,Maine,M,Orange,Spring,,No,,No,No,,PayPal,,1
2349,2350,65.0,Male,Blouse,Clothing,34,New York,M,Orange,Fall,3.9,No,Standard,No,No,40.0,Credit Card,Every 3 Months,1
2350,2351,57.0,Male,Shoes,Footwear,26,Hawaii,M,Turquoise,Winter,4.2,No,Free Shipping,No,No,21.0,Cash,Annually,1
2351,2352,38.0,Male,Sweater,Clothing,50,New Hampshire,S,Cyan,Fall,4.9,No,Store Pickup,No,No,25.0,PayPal,Bi-Weekly,1
2352,2353,70.0,Male,Boots,Footwear,46,Nebraska,M,Yellow,Fall,2.8,No,Store Pickup,No,No,25.0,Bank Transfer,Quarterly,1
2353,2354,56.0,Male,Handbag,Accessories,71,Montana,M,White,Fall,4.1,No,Standard,No,No,25.0,Debit Card,,2
2354,2355,56.0,Male,Blouse,Clothing,78,Wisconsin,M,Blue,Summer,4.8,No,Next Day Air,No,No,27.0,Venmo,Monthly,4
2355,2356,,Male,Skirt,Clothing,35,Tennessee,S,Purple,Winter,,No,,No,No,,Cash,,2
2356,2357,57.0,Male,Backpack,Accessories,58,Montana,M,Gray,Summer,3.0,No,Free Shipping,No,No,27.0,Debit Card,Quarterly,1
2357,2358,53.0,Male,Shirt,Clothing,67,Michigan,L,Cyan,Fall,4.2,No,2-Day Shipping,No,No,40.0,Credit Card,Bi-Weekly,2
2358,2359,53.0,Male,Sweater,Clothing,93,Texas,L,Pink,Spring,3.8,No,Standard,No,No,38.0,Credit Card,Quarterly,3
2359,2360,19.0,Male,Scarf,Accessories,81,Pennsylvania,S,Gold,Spring,3.3,No,2-Day Shipping,No,No,44.0,Bank Transfer,,4
2360,2361,49.0,Male,Handbag,Accessories,80,New York,L,Silver,Fall,4.7,No,2-Day Shipping,No,No,27.0,Venmo,Every 3 Months,2
2361,2362,44.0,Male,Scarf,Accessories,64,Alabama,M,Gray,Spring,4.3,No,2-Day Shipping,No,No,30.0,Credit Card,Every 3 Months,2
2362,2363,27.0,Male,Jeans,Clothing,41,Virginia,M,Brown,Fall,2.7,No,Standard,No,No,24.0,Credit Card,Monthly,4
2363,2364,60.0,Male,Socks,Clothing,79,Pennsylvania,XL,Pink,Winter,4.2,No,Express,No,No,38.0,Cash,Bi-Weekly,1
2364,2365,62.0,Male,Sunglasses,Accessories,60,Mississippi,L,Maroon,Winter,4.2,No,Free Shipping,No,No,4.0,PayPal,Quarterly,3
2365,2366,52.0,Male,Sneakers,Footwear,91,Wyoming,S,Peach,Winter,2.5,No,Next Day Air,No,No,32.0,Venmo,Monthly,3
2366,2367,,Male,Shoes,Footwear,66,New Mexico,L,Brown,Winter,,No,,No,No,,Credit Card,,4
2367,2368,,Male,Socks,Clothing,85,North Dakota,L,Green,Winter,,No,,No,No,,Bank Transfer,,4
2368,2369,29.0,Male,Sunglasses,Accessories,38,New Jersey,M,Lavender,Summer,3.3,No,Standard,No,No,6.0,Debit Card,Every 3 Months,3
2369,2370,24.0,Male,Sweater,Clothing,23,Vermont,M,Cyan,Winter,4.6,No,Standard,No,No,24.0,PayPal,,1
2370,2371,51.0,Male,Shoes,Footwear,71,Alaska,M,Black,Spring,3.9,No,Store Pickup,No,No,38.0,Venmo,Weekly,1
2371,2372,67.0,Male,Socks,Clothing,25,Indiana,M,Charcoal,Winter,3.7,No,Next Day Air,No,No,28.0,Debit Card,Annually,1
2372,2373,,Male,Boots,Footwear,39,Alabama,XL,Silver,Spring,3.1,No,Express,No,No,9.0,PayPal,,4
2373,2374,37.0,Male,Hoodie,Clothing,20,Michigan,M,Gray,Spring,4.9,No,Express,No,No,21.0,Debit Card,Every 3 Months,1
2374,2375,69.0,Male,Gloves,Accessories,73,Washington,L,Peach,Winter,4.7,No,Standard,No,No,31.0,Debit Card,Monthly,4
2375,2376,60.0,Male,Backpack,Accessories,63,Virginia,L,Peach,Fall,2.9,No,Next Day Air,No,No,18.0,Credit Card,Quarterly,4
2376,2377,21.0,Male,Gloves,Accessories,94,Tennessee,XL,Cyan,Spring,4.1,No,Express,No,No,5.0,Cash,Weekly,3
2377,2378,44.0,Male,Blouse,Clothing,94,South Dakota,L,Magenta,Fall,4.0,No,Next Day Air,No,No,22.0,Cash,,4
2378,2379,26.0,Male,Scarf,Accessories,71,New Hampshire,L,Teal,Summer,2.7,No,Store Pickup,No,No,37.0,PayPal,Bi-Weekly,2
2379,2380,,Male,Hat,Accessories,77,South Dakota,M,Peach,Spring,4.0,No,2-Day Shipping,No,No,22.0,Debit Card,,1
2380,2381,41.0,Male,Scarf,Accessories,66,Pennsylvania,M,Black,Fall,2.5,No,Next Day Air,No,No,36.0,PayPal,Fortnightly,1
2381,2382,62.0,Male,Sandals,Footwear,23,Wisconsin,M,Teal,Summer,4.5,No,Free Shipping,No,No,23.0,PayPal,Annually,4
2382,2383,,Male,Sweater,Clothing,60,California,M,Turquoise,Spring,3.9,No,Express,No,No,44.0,Debit Card,,2
2383,2384,53.0,Male,Backpack,Accessories,72,Rhode Island,L,Gold,Spring,4.9,No,2-Day Shipping,No,No,25.0,Bank Transfer,Annually,3
2384,2385,,Male,Blouse,Clothing,35,Alabama,L,Green,Winter,3.3,No,2-Day Shipping,No,No,40.0,PayPal,,2
2385,2386,41.0,Male,Scarf,Accessories,31,Oklahoma,M,Brown,Fall,3.8,No,Express,No,No,12.0,PayPal,Weekly,2
2386,2387,19.0,Male,Socks,Clothing,33,Illinois,L,Blue,Summer,2.9,No,Standard,No,No,14.0,Venmo,Monthly,1
2387,2388,36.0,Male,Hat,Accessories,95,Tennessee,M,Gold,Summer,4.0,No,2-Day Shipping,No,No,14.0,Debit Card,Monthly,3
2388,2389,21.0,Male,Dress,Clothing,68,Alabama,M,Peach,Fall,4.1,No,Store Pickup,No,No,10.0,Debit Card,Annually,2
2389,2390,25.0,Male,Coat,Outerwear,87,Kansas,M,Violet,Spring,3.1,No,Store Pickup,No,No,17.0,Bank Transfer,Every 3 Months,2
2390,2391,65.0,Male,Shirt,Clothing,64,Arizona,XL,Yellow,Winter,4.6,No,Express,No,No,24.0,Debit Card,Fortnightly,4
2391,2392,42.0,Male,Shirt,Clothing,74,Michigan,M,Black,Winter,4.6,No,Next Day Air,No,No,31.0,Bank Transfer,Quarterly,4
2392,2393,,Male,Jeans,Clothing,62,Missouri,L,Silver,Spring,,No,,No,No,,Cash,,3
2393,2394,58.0,Male,Socks,Clothing,97,Louisiana,M,Brown,Winter,5.0,No,2-Day Shipping,No,No,38.0,PayPal,Every 3 Months,3
2394,2395,40.0,Male,Sandals,Footwear,47,Connecticut,L,Peach,Fall,2.9,No,2-Day Shipping,No,No,23.0,Debit Card,Fortnightly,1
2395,2396,62.0,Male,Blouse,Clothing,83,Connecticut,M,Cyan,Winter,3.5,No,2-Day Shipping,No,No,47.0,PayPal,Bi-Weekly,4
2396,2397,38.0,Male,Shirt,Clothing,82,Oregon,M,Olive,Spring,3.7,No,2-Day Shipping,No,No,20.0,Venmo,Weekly,1
2397,2398,37.0,Male,Sunglasses,Accessories,26,West Virginia,L,Black,Fall,2.9,No,Store Pickup,No,No,41.0,Venmo,Monthly,1
2398,2399,65.0,Male,Jacket,Outerwear,81,Florida,M,Orange,Winter,4.3,No,Free Shipping,No,No,44.0,Bank Transfer,Fortnightly,1
2399,2400,,Male,Dress,Clothing,44,New Hampshire,L,Beige,Spring,,No,,No,No,,Cash,,2
2400,2401,43.0,Male,Sunglasses,Accessories,88,Oregon,M,Peach,Winter,4.2,No,Next Day Air,No,No,11.0,Credit Card,Bi-Weekly,3
2401,2402,,Male,Boots,Footwear,76,Oregon,M,Pink,Winter,,No,,No,No,,PayPal,,2
2402,2403,45.0,Male,Scarf,Accessories,89,Utah,M,Brown,Winter,3.8,No,Free Shipping,No,No,31.0,Cash,,4
2403,2404,64.0,Male,Shorts,Clothing,22,Missouri,M,Magenta,Fall,4.4,No,Standard,No,No,40.0,Debit Card,Weekly,1
2404,2405,,Male,Shorts,Clothing,33,West Virginia,L,Cyan,Winter,,No,,No,No,,Credit Card,,2
2405,2406,,Male,Jeans,Clothing,97,California,XL,Silver,Fall,,No,,No,No,,Debit Card,,4
2406,2407,54.0,Male,Scarf,Accessories,57,California,M,Indigo,Winter,4.7,No,Standard,No,No,26.0,PayPal,Weekly,3
2407,2408,52.0,Male,Shorts,Clothing,38,Illinois,M,Beige,Summer,3.0,No,Express,No,No,11.0,Credit Card,Bi-Weekly,2
2408,2409,23.0,Male,Sneakers,Footwear,55,Hawaii,XL,Black,Fall,4.2,No,Next Day Air,No,No,44.0,Debit Card,Every 3 Months,2
2409,2410,26.0,Male,Jewelry,Accessories,37,Washington,L,Yellow,Spring,3.0,No,Store Pickup,No,No,47.0,Cash,Every 3 Months,4
2410,2411,48.0,Male,Shoes,Footwear,43,Wisconsin,M,Maroon,Summer,3.7,No,Free Shipping,No,No,46.0,PayPal,Monthly,2
2411,2412,49.0,Male,Hoodie,Clothing,96,Virginia,M,Cyan,Summer,2.7,No,Free Shipping,No,No,35.0,Cash,Every 3 Months,2
2412,2413,53.0,Male,Jacket,Outerwear,51,Oregon,M,Pink,Winter,4.3,No,2-Day Shipping,No,No,8.0,Bank Transfer,Bi-Weekly,1
2413,2414,69.0,Male,Shorts,Clothing,95,Pennsylvania,XL,Violet,Fall,2.7,No,2-Day Shipping,No,No,30.0,Bank Transfer,Weekly,1
2414,2415,,Male,Socks,Clothing,26,Virginia,M,Lavender,Summer,,No,,No,No,,Credit Card,,2
2415,2416,,Male,Coat,Outerwear,34,Hawaii,XL,Lavender,Fall,,No,,No,No,,Bank Transfer,,3
2416,2417,59.0,Male,Sandals,Footwear,83,Nebraska,S,Black,Summer,4.0,No,Next Day Air,No,No,26.0,Credit Card,Every 3 Months,2
2417,2418,21.0,Male,Backpack,Accessories,24,Alaska,M,Olive,Fall,3.3,No,Standard,No,No,32.0,Venmo,Fortnightly,1
2418,2419,22.0,Male,Pants,Clothing,69,Michigan,S,Indigo,Fall,4.0,No,Next Day Air,No,No,47.0,Cash,Every 3 Months,1
2419,2420,,Male,Sweater,Clothing,40,North Carolina,M,Blue,Fall,2.7,No,Next Day Air,No,No,11.0,Credit Card,,1
2420,2421,,Male,Jacket,Outerwear,87,North Carolina,S,Green,Winter,4.2,No,Free Shipping,No,No,28.0,PayPal,,1
2421,2422,37.0,Male,Sneakers,Footwear,46,Minnesota,L,Pink,Spring,4.6,No,Standard,No,No,2.0,Debit Card,,3
2422,2423,30.0,Male,Jewelry,Accessories,82,Georgia,M,Peach,Winter,4.8,No,Store Pickup,No,No,45.0,Credit Card,Weekly,1
2423,2424,49.0,Male,Backpack,Accessories,81,West Virginia,M,Purple,Summer,2.8,No,Free Shipping,No,No,7.0,Credit Card,Every 3 Months,4
2424,2425,49.0,Male,Jewelry,Accessories,57,Delaware,M,Peach,Winter,4.5,No,Next Day Air,No,No,28.0,Bank Transfer,Bi-Weekly,3
2425,2426,,Male,Shoes,Footwear,49,North Dakota,S,Olive,Summer,,No,,No,No,,Bank Transfer,,1
2426,2427,70.0,Male,Jacket,Outerwear,42,Florida,M,Olive,Fall,4.6,No,Free Shipping,No,No,26.0,Debit Card,Every 3 Months,3
2427,2428,27.0,Male,Jacket,Outerwear,26,Oregon,M,Purple,Spring,3.3,No,Standard,No,No,45.0,Cash,Quarterly,2
2428,2429,65.0,Male,T-shirt,Clothing,38,Idaho,M,Violet,Spring,4.4,No,Next Day Air,No,No,34.0,Debit Card,Annually,4
2429,2430,57.0,Male,Sneakers,Footwear,57,Virginia,XL,Maroon,Summer,4.4,No,Standard,No,No,47.0,Credit Card,Fortnightly,1
2430,2431,20.0,Male,Jacket,Outerwear,100,North Dakota,XL,White,Summer,4.3,No,Express,No,No,42.0,Cash,Quarterly,2
2431,2432,34.0,Male,Hoodie,Clothing,73,Alabama,S,Olive,Fall,3.4,No,Express,No,No,27.0,Bank Transfer,Every 3 Months,3
2432,2433,59.0,Male,Jacket,Outerwear,66,Hawaii,M,Peach,Winter,2.8,No,Store Pickup,No,No,43.0,Venmo,Monthly,3
2433,2434,54.0,Male,T-shirt,Clothing,73,Oregon,M,Blue,Spring,3.4,No,Standard,No,No,16.0,Cash,Bi-Weekly,1
2434,2435,36.0,Male,Gloves,Accessories,45,Utah,M,Brown,Spring,5.0,No,Store Pickup,No,No,40.0,Credit Card,Monthly,3
2435,2436,21.0,Male,Sneakers,Footwear,27,Hawaii,S,Black,Fall,4.5,No,Free Shipping,No,No,29.0,Cash,Bi-Weekly,1
2436,2437,52.0,Male,T-shirt,Clothing,24,Connecticut,M,Yellow,Fall,2.7,No,Store Pickup,No,No,38.0,Credit Card,Quarterly,4
2437,2438,,Male,Sneakers,Footwear,59,Wyoming,XL,Magenta,Winter,,No,,No,No,,Credit Card,,3
2438,2439,32.0,Male,Jeans,Clothing,20,Delaware,S,Cyan,Winter,3.4,No,Express,No,No,30.0,Venmo,Weekly,3
2439,2440,55.0,Male,Handbag,Accessories,44,Arkansas,M,Maroon,Summer,2.8,No,Standard,No,No,45.0,Bank Transfer,Annually,2
2440,2441,31.0,Male,Socks,Clothing,90,Indiana,M,Red,Spring,4.7,No,Standard,No,No,47.0,Bank Transfer,,3
2441,2442,45.0,Male,Jewelry,Accessories,36,California,M,Black,Fall,4.7,No,Free Shipping,No,No,5.0,Credit Card,Monthly,3
2442,2443,53.0,Male,Blouse,Clothing,95,Wyoming,L,Violet,Winter,4.7,No,Free Shipping,No,No,50.0,Debit Card,Bi-Weekly,3
2443,2444,24.0,Male,Backpack,Accessories,30,South Dakota,M,Green,Spring,3.4,No,2-Day Shipping,No,No,24.0,Bank Transfer,Bi-Weekly,1
2444,2445,47.0,Male,Scarf,Accessories,65,West Virginia,S,Gold,Fall,3.7,No,Express,No,No,15.0,Debit Card,Bi-Weekly,2
2445,2446,63.0,Male,Scarf,Accessories,96,Tennessee,M,Brown,Summer,4.1,No,Store Pickup,No,No,50.0,Cash,Weekly,1
2446,2447,,Male,Shirt,Clothing,65,Alaska,L,Peach,Spring,,No,,No,No,,Credit Card,,2
2447,2448,59.0,Male,Pants,Clothing,47,South Dakota,L,Peach,Fall,3.2,No,Store Pickup,No,No,10.0,Venmo,Fortnightly,1
2448,2449,54.0,Male,Hat,Accessories,25,Tennessee,S,Violet,Fall,3.0,No,Free Shipping,No,No,38.0,PayPal,Bi-Weekly,4
2449,2450,26.0,Male,Coat,Outerwear,56,Alabama,S,Violet,Fall,4.1,No,Express,No,No,31.0,Venmo,Fortnightly,4
2450,2451,68.0,Male,T-shirt,Clothing,76,North Carolina,M,Magenta,Fall,4.5,No,Standard,No,No,7.0,Venmo,Quarterly,4
2451,2452,41.0,Male,Socks,Clothing,60,Oklahoma,M,Purple,Fall,3.4,No,Store Pickup,No,No,27.0,Venmo,Monthly,3
2452,2453,68.0,Male,Shirt,Clothing,67,New York,L,Purple,Winter,4.1,No,Express,No,No,45.0,Bank Transfer,Every 3 Months,3
2453,2454,21.0,Male,Sweater,Clothing,95,Iowa,XL,Cyan,Spring,4.6,No,Store Pickup,No,No,13.0,Cash,Annually,4
2454,2455,32.0,Male,Gloves,Accessories,72,Alaska,M,Magenta,Winter,4.6,No,Express,No,No,33.0,Venmo,Annually,3
2455,2456,20.0,Male,Belt,Accessories,98,Alaska,L,Lavender,Spring,3.4,No,Express,No,No,25.0,Cash,Every 3 Months,2
2456,2457,59.0,Male,Jeans,Clothing,83,Nebraska,M,Green,Winter,3.3,No,2-Day Shipping,No,No,5.0,PayPal,,2
2457,2458,,Male,Handbag,Accessories,37,Delaware,M,Maroon,Fall,,No,2-Day Shipping,No,No,,Cash,,1
2458,2459,66.0,Male,T-shirt,Clothing,85,Texas,L,Turquoise,Fall,4.6,No,Free Shipping,No,No,17.0,Bank Transfer,Weekly,2
2459,2460,47.0,Male,Socks,Clothing,36,Missouri,L,Violet,Fall,4.3,No,2-Day Shipping,No,No,14.0,Cash,,3
2460,2461,,Male,Jeans,Clothing,36,Maine,S,Lavender,Winter,,No,Store Pickup,No,No,,Credit Card,,4
2461,2462,28.0,Male,Scarf,Accessories,86,Pennsylvania,L,Red,Summer,4.8,No,Next Day Air,No,No,19.0,Credit Card,Weekly,1
2462,2463,68.0,Male,Pants,Clothing,99,Missouri,XL,Orange,Spring,4.3,No,Standard,No,No,31.0,Bank Transfer,Bi-Weekly,4
2463,2464,60.0,Male,Blouse,Clothing,21,Mississippi,XL,Indigo,Summer,3.3,No,Standard,No,No,25.0,Cash,Bi-Weekly,3
2464,2465,47.0,Male,Jacket,Outerwear,84,Hawaii,L,Teal,Winter,2.8,No,Express,No,No,4.0,Cash,Bi-Weekly,3
2465,2466,,Male,Sandals,Footwear,63,Texas,M,Brown,Spring,4.4,No,Free Shipping,No,No,20.0,Bank Transfer,,3
2466,2467,32.0,Male,Shorts,Clothing,84,South Dakota,S,Pink,Summer,3.7,No,Express,No,No,37.0,Cash,Annually,2
2467,2468,27.0,Male,Shorts,Clothing,72,New Jersey,M,Lavender,Spring,3.6,No,Express,No,No,28.0,Credit Card,Annually,2
2468,2469,65.0,Male,Skirt,Clothing,21,Connecticut,L,Cyan,Winter,3.7,No,2-Day Shipping,No,No,6.0,Venmo,Weekly,3
2469,2470,68.0,Male,Sandals,Footwear,92,Maryland,M,Yellow,Fall,5.0,No,Standard,No,No,27.0,PayPal,Annually,1
2470,2471,55.0,Male,Blouse,Clothing,72,Arizona,XL,Pink,Fall,2.7,No,Next Day Air,No,No,29.0,Credit Card,Fortnightly,4
2471,2472,30.0,Male,Sandals,Footwear,83,Oklahoma,M,Gray,Spring,4.3,No,Store Pickup,No,No,1.0,Cash,Annually,2
2472,2473,24.0,Male,Shirt,Clothing,73,Utah,M,Peach,Summer,4.1,No,Standard,No,No,31.0,Credit Card,Annually,4
2473,2474,57.0,Male,Socks,Clothing,98,Arkansas,M,Red,Winter,2.6,No,Next Day Air,No,No,28.0,Cash,,2
2474,2475,23.0,Male,T-shirt,Clothing,76,North Carolina,M,Olive,Fall,3.2,No,Store Pickup,No,No,19.0,Bank Transfer,Quarterly,3
2475,2476,69.0,Male,Dress,Clothing,43,California,S,Lavender,Summer,3.5,No,Next Day Air,No,No,36.0,Venmo,Monthly,3
2476,2477,60.0,Male,Hat,Accessories,60,Colorado,M,Turquoise,Summer,3.7,No,Next Day Air,No,No,28.0,Cash,,3
2477,2478,,Male,Gloves,Accessories,40,California,L,Turquoise,Spring,,No,,No,No,,PayPal,,3
2478,2479,18.0,Male,Socks,Clothing,93,Vermont,S,Maroon,Winter,4.8,No,2-Day Shipping,No,No,9.0,Bank Transfer,Every 3 Months,2
2479,2480,37.0,Male,Dress,Clothing,98,Kansas,S,Olive,Fall,4.2,No,Standard,No,No,26.0,Credit Card,Every 3 Months,3
2480,2481,61.0,Male,Socks,Clothing,91,Ohio,XL,Maroon,Summer,2.9,No,Next Day Air,No,No,7.0,Credit Card,Fortnightly,1
2481,2482,41.0,Male,Belt,Accessories,92,New Jersey,XL,Cyan,Fall,2.9,No,Free Shipping,No,No,35.0,Debit Card,Weekly,3
2482,2483,69.0,Male,Handbag,Accessories,87,Arizona,S,Peach,Winter,4.8,No,Next Day Air,No,No,46.0,Credit Card,Every 3 Months,1
2483,2484,,Male,Skirt,Clothing,96,Arizona,S,Teal,Fall,,No,,No,No,,Debit Card,,2
2484,2485,60.0,Male,Hoodie,Clothing,97,New Hampshire,M,Green,Summer,4.8,No,2-Day Shipping,No,No,50.0,Cash,Every 3 Months,2
2485,2486,43.0,Male,Blouse,Clothing,55,Louisiana,M,Beige,Spring,4.6,No,2-Day Shipping,No,No,37.0,Bank Transfer,Annually,4
2486,2487,61.0,Male,Jeans,Clothing,58,Texas,L,Magenta,Spring,4.4,No,Store Pickup,No,No,6.0,Credit Card,Fortnightly,2
2487,2488,57.0,Male,Boots,Footwear,21,Montana,L,Violet,Spring,3.0,No,Next Day Air,No,No,16.0,PayPal,Bi-Weekly,2
2488,2489,,Male,Handbag,Accessories,82,New Hampshire,XL,Charcoal,Summer,,No,,No,No,,PayPal,,3
2489,2490,66.0,Male,Coat,Outerwear,34,South Dakota,M,Green,Winter,3.9,No,Express,No,No,50.0,Venmo,Quarterly,2
2490,2491,52.0,Male,Blouse,Clothing,78,Montana,M,Gray,Spring,4.0,No,Free Shipping,No,No,5.0,Cash,Every 3 Months,3
2491,2492,63.0,Male,Handbag,Accessories,47,North Carolina,M,Magenta,Spring,2.5,No,Express,No,No,15.0,Bank Transfer,Monthly,3
2492,2493,50.0,Male,Sunglasses,Accessories,96,South Dakota,S,Silver,Summer,4.1,No,Next Day Air,No,No,34.0,Bank Transfer,Bi-Weekly,1
2493,2494,21.0,Male,Socks,Clothing,23,Maine,S,Beige,Fall,4.8,No,2-Day Shipping,No,No,6.0,Venmo,Every 3 Months,2
2494,2495,42.0,Male,Shoes,Footwear,27,Oklahoma,S,Peach,Winter,2.6,No,Store Pickup,No,No,26.0,Debit Card,Annually,1
2495,2496,,Male,Backpack,Accessories,37,Nebraska,XL,Orange,Spring,,No,,No,No,,Credit Card,,4
2496,2497,67.0,Male,Scarf,Accessories,79,Illinois,S,Yellow,Summer,3.2,No,Store Pickup,No,No,37.0,Credit Card,Weekly,4
2497,2498,35.0,Male,Backpack,Accessories,40,Colorado,M,Violet,Summer,4.2,No,Standard,No,No,28.0,Bank Transfer,Annually,4
2498,2499,,Male,Coat,Outerwear,39,Massachusetts,S,Green,Fall,,No,,No,No,,Cash,,2
2499,2500,,Male,Hoodie,Clothing,73,Louisiana,L,Pink,Summer,,No,,No,No,,Cash,,3
2500,2501,,Male,Gloves,Accessories,84,Massachusetts,M,Violet,Fall,,No,,No,No,,Cash,,3
2501,2502,49.0,Male,Shorts,Clothing,94,West Virginia,M,Violet,Fall,4.6,No,Free Shipping,No,No,30.0,Venmo,Bi-Weekly,3
2502,2503,46.0,Male,Skirt,Clothing,47,Idaho,L,Pink,Spring,4.1,No,Standard,No,No,17.0,PayPal,Every 3 Months,2
2503,2504,69.0,Male,Boots,Footwear,77,Ohio,M,Violet,Summer,2.5,No,Store Pickup,No,No,5.0,Debit Card,,3
2504,2505,56.0,Male,Shorts,Clothing,94,Rhode Island,M,Turquoise,Winter,4.0,No,Store Pickup,No,No,31.0,Cash,Bi-Weekly,1
2505,2506,27.0,Male,Handbag,Accessories,75,Illinois,M,Cyan,Summer,3.5,No,Express,No,No,43.0,PayPal,Quarterly,1
2506,2507,,Male,Dress,Clothing,82,New York,XL,Orange,Spring,,No,,No,No,,Venmo,,1
2507,2508,,Male,Shoes,Footwear,36,Louisiana,M,Cyan,Fall,,No,,No,No,,Credit Card,,2
2508,2509,23.0,Male,Sneakers,Footwear,90,California,XL,Indigo,Spring,3.1,No,2-Day Shipping,No,No,5.0,Debit Card,Bi-Weekly,1
2509,2510,,Male,Socks,Clothing,48,Washington,M,Black,Spring,,No,,No,No,,Bank Transfer,,3
2510,2511,40.0,Male,Jacket,Outerwear,42,South Dakota,L,Purple,Winter,4.4,No,Standard,No,No,48.0,Credit Card,,3
2511,2512,54.0,Male,Backpack,Accessories,33,Idaho,M,Cyan,Summer,2.7,No,Store Pickup,No,No,1.0,PayPal,Quarterly,2
2512,2513,50.0,Male,Socks,Clothing,63,North Dakota,M,Green,Summer,4.9,No,Free Shipping,No,No,20.0,Credit Card,Monthly,3
2513,2514,69.0,Male,Handbag,Accessories,53,Washington,L,Teal,Winter,3.5,No,2-Day Shipping,No,No,42.0,Cash,Annually,2
2514,2515,,Male,Hat,Accessories,37,Alaska,L,Teal,Spring,,No,,No,No,,PayPal,,2
2515,2516,37.0,Male,Blouse,Clothing,92,Kansas,M,Magenta,Summer,4.2,No,2-Day Shipping,No,No,41.0,Cash,Monthly,2
2516,2517,46.0,Male,Shorts,Clothing,73,Utah,XL,Brown,Spring,4.6,No,Standard,No,No,36.0,Debit Card,Quarterly,2
2517,2518,,Male,Shirt,Clothing,38,Wyoming,L,Orange,Spring,,No,Standard,No,No,,Venmo,,1
2518,2519,20.0,Male,Boots,Footwear,51,Maine,XL,Blue,Fall,4.0,No,Store Pickup,No,No,31.0,Venmo,Annually,2
2519,2520,,Male,Jacket,Outerwear,90,Michigan,L,Magenta,Spring,,No,,No,No,,Credit Card,,1
2520,2521,64.0,Male,Jacket,Outerwear,56,Illinois,L,Magenta,Summer,3.1,No,Next Day Air,No,No,16.0,Cash,Every 3 Months,3
2521,2522,29.0,Male,Handbag,Accessories,33,Minnesota,M,Magenta,Fall,4.4,No,Standard,No,No,18.0,PayPal,Every 3 Months,1
2522,2523,,Male,Belt,Accessories,53,Massachusetts,S,Olive,Winter,,No,,No,No,,Debit Card,,4
2523,2524,43.0,Male,Handbag,Accessories,24,New Jersey,S,Cyan,Spring,3.4,No,Express,No,No,21.0,Bank Transfer,Annually,3
2524,2525,60.0,Male,Coat,Outerwear,59,Kansas,M,Purple,Spring,3.7,No,Express,No,No,23.0,Credit Card,Quarterly,4
2525,2526,,Male,Sweater,Clothing,72,Kentucky,M,Purple,Winter,,No,Standard,No,No,,PayPal,,4
2526,2527,47.0,Male,Shorts,Clothing,28,Rhode Island,S,Peach,Spring,3.4,No,Express,No,No,30.0,PayPal,Bi-Weekly,1
2527,2528,19.0,Male,Pants,Clothing,36,Illinois,M,Gold,Fall,3.6,No,Express,No,No,33.0,Bank Transfer,Every 3 Months,3
2528,2529,52.0,Male,Jewelry,Accessories,47,Alabama,S,Peach,Fall,4.7,No,2-Day Shipping,No,No,31.0,Debit Card,,2
2529,2530,,Male,Gloves,Accessories,62,Tennessee,M,Magenta,Spring,,No,,No,No,,Bank Transfer,,4
2530,2531,25.0,Male,Skirt,Clothing,98,Massachusetts,S,Cyan,Spring,3.6,No,Free Shipping,No,No,28.0,Debit Card,Weekly,3
2531,2532,,Male,Sandals,Footwear,28,Texas,M,Violet,Summer,4.6,No,Free Shipping,No,No,,Cash,,2
2532,2533,55.0,Male,Socks,Clothing,86,Nebraska,S,Charcoal,Summer,2.6,No,Next Day Air,No,No,4.0,Debit Card,Weekly,1
2533,2534,66.0,Male,Jewelry,Accessories,46,Pennsylvania,S,Blue,Summer,3.1,No,Standard,No,No,49.0,Cash,Bi-Weekly,4
2534,2535,41.0,Male,Sunglasses,Accessories,42,Virginia,XL,Red,Fall,3.2,No,Free Shipping,No,No,22.0,Cash,Weekly,2
2535,2536,47.0,Male,Coat,Outerwear,80,Vermont,S,Purple,Winter,3.9,No,Express,No,No,39.0,Bank Transfer,Fortnightly,1
2536,2537,51.0,Male,Belt,Accessories,39,Oklahoma,L,Gray,Spring,4.9,No,Express,No,No,45.0,PayPal,Every 3 Months,3
2537,2538,44.0,Male,Coat,Outerwear,49,Maine,M,Purple,Summer,4.1,No,2-Day Shipping,No,No,30.0,PayPal,Fortnightly,2
2538,2539,18.0,Male,Scarf,Accessories,32,New Jersey,M,Silver,Summer,4.2,No,Next Day Air,No,No,33.0,Credit Card,Bi-Weekly,2
2539,2540,33.0,Male,Sandals,Footwear,73,Massachusetts,M,Purple,Fall,4.1,No,Next Day Air,No,No,24.0,Cash,Bi-Weekly,2
2540,2541,24.0,Male,Belt,Accessories,42,New Jersey,M,Charcoal,Summer,3.9,No,Free Shipping,No,No,11.0,Debit Card,Quarterly,1
2541,2542,,Male,Scarf,Accessories,58,Washington,M,Silver,Spring,,No,Next Day Air,No,No,,Venmo,,1
2542,2543,61.0,Male,Jewelry,Accessories,22,Arkansas,M,White,Winter,3.7,No,Express,No,No,27.0,PayPal,Annually,1
2543,2544,27.0,Male,Scarf,Accessories,56,West Virginia,L,Peach,Spring,2.7,No,Next Day Air,No,No,30.0,PayPal,Bi-Weekly,2
2544,2545,46.0,Male,Pants,Clothing,70,Delaware,M,Red,Spring,2.5,No,Next Day Air,No,No,39.0,Venmo,Quarterly,2
2545,2546,38.0,Male,Shoes,Footwear,50,Texas,L,Olive,Spring,3.9,No,Free Shipping,No,No,10.0,Debit Card,Annually,3
2546,2547,63.0,Male,Boots,Footwear,21,Texas,L,Gray,Summer,3.0,No,Express,No,No,4.0,Credit Card,Quarterly,4
2547,2548,47.0,Male,Jacket,Outerwear,97,Mississippi,M,Beige,Summer,3.2,No,2-Day Shipping,No,No,16.0,Cash,Weekly,4
2548,2549,42.0,Male,Backpack,Accessories,63,Texas,L,Pink,Winter,3.8,No,Standard,No,No,34.0,Credit Card,Monthly,4
2549,2550,41.0,Male,Jacket,Outerwear,60,Virginia,M,Red,Fall,2.7,No,Standard,No,No,11.0,Debit Card,Every 3 Months,1
2550,2551,53.0,Male,Boots,Footwear,52,New Hampshire,XL,Peach,Fall,3.0,No,Store Pickup,No,No,30.0,Debit Card,Fortnightly,2
2551,2552,29.0,Male,Shoes,Footwear,32,Minnesota,M,Maroon,Winter,4.1,No,Next Day Air,No,No,40.0,Debit Card,Annually,2
2552,2553,61.0,Male,Belt,Accessories,48,Maryland,XL,Purple,Spring,3.2,No,2-Day Shipping,No,No,13.0,Credit Card,Annually,3
2553,2554,,Male,Jewelry,Accessories,25,Vermont,M,Maroon,Summer,4.5,No,Store Pickup,No,No,28.0,Venmo,,4
2554,2555,51.0,Male,Jewelry,Accessories,68,Kansas,M,Gray,Summer,4.3,No,Store Pickup,No,No,49.0,Debit Card,Bi-Weekly,3
2555,2556,,Male,Pants,Clothing,74,Idaho,M,Gray,Fall,,No,,No,No,,Credit Card,,1
2556,2557,24.0,Male,T-shirt,Clothing,88,Montana,XL,Magenta,Fall,3.1,No,Standard,No,No,4.0,Bank Transfer,Quarterly,3
2557,2558,70.0,Male,Shorts,Clothing,23,Oklahoma,L,Cyan,Spring,3.9,No,Standard,No,No,17.0,PayPal,Fortnightly,2
2558,2559,49.0,Male,Hoodie,Clothing,32,California,M,Silver,Fall,2.7,No,Express,No,No,24.0,PayPal,Fortnightly,3
2559,2560,48.0,Male,Belt,Accessories,71,Mississippi,S,Green,Winter,4.0,No,Free Shipping,No,No,21.0,Debit Card,Every 3 Months,1
2560,2561,58.0,Male,Boots,Footwear,62,California,M,Violet,Spring,2.7,No,Next Day Air,No,No,17.0,Debit Card,Bi-Weekly,2
2561,2562,32.0,Male,Hoodie,Clothing,20,New York,L,Magenta,Spring,2.7,No,Free Shipping,No,No,22.0,Debit Card,Quarterly,4
2562,2563,,Male,Shorts,Clothing,62,Arizona,XL,Yellow,Spring,,No,,No,No,,Cash,,4
2563,2564,69.0,Male,Backpack,Accessories,81,Massachusetts,XL,Gray,Winter,4.5,No,Standard,No,No,1.0,Venmo,Every 3 Months,4
2564,2565,42.0,Male,Scarf,Accessories,90,Kentucky,L,Indigo,Winter,3.0,No,2-Day Shipping,No,No,27.0,Bank Transfer,Weekly,2
2565,2566,30.0,Male,Socks,Clothing,43,Vermont,S,Indigo,Fall,3.6,No,Store Pickup,No,No,8.0,Venmo,Quarterly,3
2566,2567,35.0,Male,Handbag,Accessories,38,Missouri,S,Yellow,Fall,3.3,No,Standard,No,No,43.0,PayPal,Quarterly,3
2567,2568,19.0,Male,Sunglasses,Accessories,25,Michigan,XL,Gold,Spring,4.3,No,Store Pickup,No,No,24.0,Cash,Fortnightly,3
2568,2569,52.0,Male,T-shirt,Clothing,98,Texas,XL,Green,Winter,4.3,No,Express,No,No,29.0,PayPal,Fortnightly,2
2569,2570,42.0,Male,Dress,Clothing,75,New York,M,Charcoal,Spring,4.8,No,Free Shipping,No,No,10.0,Bank Transfer,Bi-Weekly,4
2570,2571,,Male,Sneakers,Footwear,27,New Mexico,XL,Olive,Spring,,No,,No,No,,PayPal,,3
2571,2572,,Male,Sunglasses,Accessories,27,Mississippi,L,Black,Winter,,No,,No,No,,Cash,,4
2572,2573,54.0,Male,Blouse,Clothing,42,Washington,M,Silver,Fall,3.9,No,Next Day Air,No,No,40.0,Bank Transfer,Quarterly,3
2573,2574,,Male,T-shirt,Clothing,90,New Mexico,M,Red,Summer,,No,Store Pickup,No,No,,Bank Transfer,,1
2574,2575,27.0,Male,Hat,Accessories,63,Florida,M,Brown,Summer,4.6,No,2-Day Shipping,No,No,26.0,Credit Card,Fortnightly,2
2575,2576,53.0,Male,Shorts,Clothing,96,Minnesota,M,Silver,Fall,4.0,No,Express,No,No,9.0,PayPal,Annually,3
2576,2577,,Male,Hoodie,Clothing,40,New Hampshire,M,Silver,Winter,,No,Free Shipping,No,No,,Debit Card,,1
2577,2578,52.0,Male,Socks,Clothing,39,Minnesota,L,Black,Fall,4.5,No,Next Day Air,No,No,37.0,Bank Transfer,Monthly,3
2578,2579,,Male,Sunglasses,Accessories,48,Vermont,M,Purple,Fall,,No,,No,No,,Cash,,3
2579,2580,,Male,Blouse,Clothing,20,Minnesota,M,Purple,Summer,,No,,No,No,,Venmo,,4
2580,2581,,Male,Jeans,Clothing,29,Massachusetts,S,Turquoise,Summer,,No,,No,No,,Bank Transfer,,3
2581,2582,57.0,Male,Dress,Clothing,81,Wyoming,M,Gold,Winter,4.7,No,Express,No,No,48.0,Credit Card,Monthly,2
2582,2583,19.0,Male,Dress,Clothing,98,South Dakota,S,Indigo,Fall,3.6,No,2-Day Shipping,No,No,4.0,Venmo,Every 3 Months,2
2583,2584,,Male,Jeans,Clothing,93,Oklahoma,M,Lavender,Fall,2.5,No,Next Day Air,No,No,9.0,Cash,,4
2584,2585,,Male,Socks,Clothing,30,Florida,L,Blue,Summer,2.9,No,Store Pickup,No,No,26.0,Bank Transfer,,3
2585,2586,57.0,Male,Sunglasses,Accessories,37,Wisconsin,L,Maroon,Fall,4.4,No,Free Shipping,No,No,19.0,Debit Card,Weekly,1
2586,2587,,Male,Coat,Outerwear,28,Maine,L,Yellow,Winter,,No,Express,No,No,,Credit Card,,4
2587,2588,55.0,Male,Scarf,Accessories,29,Connecticut,M,Purple,Winter,3.7,No,Express,No,No,29.0,PayPal,Every 3 Months,2
2588,2589,,Male,Backpack,Accessories,49,Delaware,M,Peach,Summer,3.2,No,Free Shipping,No,No,38.0,Venmo,,1
2589,2590,52.0,Male,Pants,Clothing,53,North Dakota,M,Silver,Winter,4.9,No,2-Day Shipping,No,No,31.0,PayPal,Annually,1
2590,2591,57.0,Male,Gloves,Accessories,66,California,M,Turquoise,Summer,5.0,No,Free Shipping,No,No,35.0,Venmo,Annually,1
2591,2592,40.0,Male,Jacket,Outerwear,61,New Mexico,S,Olive,Spring,3.3,No,Express,No,No,40.0,Cash,,2
2592,2593,23.0,Male,Shorts,Clothing,23,Iowa,XL,Peach,Summer,4.4,No,Store Pickup,No,No,13.0,Venmo,Quarterly,4
2593,2594,36.0,Male,Pants,Clothing,36,Colorado,S,Indigo,Fall,4.7,No,Store Pickup,No,No,9.0,Bank Transfer,Every 3 Months,1
2594,2595,,Male,Skirt,Clothing,81,Montana,L,Indigo,Fall,,No,,No,No,,Cash,,2
2595,2596,29.0,Male,Blouse,Clothing,56,Iowa,XL,Maroon,Summer,3.2,No,Free Shipping,No,No,3.0,Bank Transfer,Bi-Weekly,4
2596,2597,63.0,Male,Shirt,Clothing,78,Louisiana,L,Black,Spring,3.0,No,Next Day Air,No,No,35.0,Credit Card,Monthly,4
2597,2598,60.0,Male,Jewelry,Accessories,25,Alabama,XL,Teal,Summer,4.4,No,Store Pickup,No,No,13.0,Venmo,Bi-Weekly,2
2598,2599,64.0,Male,Backpack,Accessories,86,Nevada,XL,Olive,Fall,3.3,No,Express,No,No,31.0,Debit Card,Annually,3
2599,2600,63.0,Male,Jewelry,Accessories,99,Vermont,M,Gold,Winter,3.4,No,Express,No,No,48.0,Credit Card,Monthly,4
2600,2601,,Male,Belt,Accessories,83,New York,M,Gray,Fall,,No,,No,No,,Bank Transfer,,2
2601,2602,61.0,Male,Dress,Clothing,33,Mississippi,L,Orange,Winter,2.9,No,Store Pickup,No,No,43.0,Cash,Monthly,3
2602,2603,,Male,Coat,Outerwear,44,South Carolina,M,Black,Fall,,No,,No,No,,Venmo,,4
2603,2604,69.0,Male,Dress,Clothing,58,Washington,M,Teal,Spring,2.7,No,2-Day Shipping,No,No,8.0,Cash,Annually,1
2604,2605,47.0,Male,Sweater,Clothing,54,Colorado,M,Beige,Spring,3.4,No,Store Pickup,No,No,6.0,Debit Card,Weekly,4
2605,2606,41.0,Male,Hoodie,Clothing,93,Nevada,M,White,Spring,3.7,No,2-Day Shipping,No,No,32.0,Venmo,Fortnightly,2
2606,2607,68.0,Male,Shoes,Footwear,98,Nevada,L,Turquoise,Spring,4.7,No,Standard,No,No,46.0,Bank Transfer,Bi-Weekly,4
2607,2608,41.0,Male,Shoes,Footwear,36,Oklahoma,XL,Teal,Spring,3.1,No,Express,No,No,38.0,PayPal,Every 3 Months,3
2608,2609,42.0,Male,Jacket,Outerwear,68,Mississippi,L,Orange,Fall,4.2,No,2-Day Shipping,No,No,48.0,Credit Card,Fortnightly,4
2609,2610,66.0,Male,Backpack,Accessories,95,Arkansas,M,Black,Summer,3.0,No,Store Pickup,No,No,18.0,Debit Card,Bi-Weekly,2
2610,2611,66.0,Male,Jeans,Clothing,93,West Virginia,M,Violet,Spring,3.1,No,Express,No,No,25.0,Cash,Quarterly,4
2611,2612,33.0,Male,Jacket,Outerwear,99,Michigan,L,Maroon,Fall,4.2,No,2-Day Shipping,No,No,4.0,Cash,Fortnightly,4
2612,2613,55.0,Male,Sunglasses,Accessories,22,Louisiana,M,Turquoise,Winter,3.8,No,Next Day Air,No,No,27.0,Venmo,Quarterly,2
2613,2614,58.0,Male,Gloves,Accessories,88,South Dakota,M,Gold,Fall,2.9,No,Express,No,No,14.0,Bank Transfer,Monthly,2
2614,2615,18.0,Male,Jacket,Outerwear,65,North Dakota,M,Turquoise,Spring,4.2,No,Express,No,No,36.0,Bank Transfer,Fortnightly,1
2615,2616,49.0,Male,T-shirt,Clothing,62,Arizona,M,Maroon,Fall,3.1,No,2-Day Shipping,No,No,6.0,Debit Card,Quarterly,3
2616,2617,61.0,Male,Sandals,Footwear,55,Georgia,XL,Purple,Spring,3.6,No,Express,No,No,46.0,Cash,Annually,2
2617,2618,31.0,Male,Shorts,Clothing,97,Idaho,S,Maroon,Spring,4.8,No,Standard,No,No,29.0,Bank Transfer,Annually,3
2618,2619,,Male,Handbag,Accessories,77,Louisiana,L,Brown,Fall,,No,,No,No,,Venmo,,1
2619,2620,68.0,Male,Pants,Clothing,40,Connecticut,L,Indigo,Winter,3.9,No,Free Shipping,No,No,47.0,Credit Card,Weekly,1
2620,2621,27.0,Male,Blouse,Clothing,23,Ohio,S,Lavender,Winter,3.0,No,Standard,No,No,28.0,Debit Card,,3
2621,2622,48.0,Male,Shoes,Footwear,46,Maine,M,Beige,Winter,3.0,No,Express,No,No,21.0,Bank Transfer,Annually,3
2622,2623,63.0,Male,Backpack,Accessories,75,New Hampshire,M,Yellow,Spring,4.9,No,2-Day Shipping,No,No,15.0,Credit Card,Annually,4
2623,2624,49.0,Male,Shoes,Footwear,76,Massachusetts,M,Gold,Fall,4.8,No,Next Day Air,No,No,38.0,Cash,Annually,4
2624,2625,19.0,Male,Dress,Clothing,59,South Dakota,M,Indigo,Summer,3.3,No,Standard,No,No,19.0,Credit Card,Annually,4
2625,2626,30.0,Male,Skirt,Clothing,51,Colorado,L,Cyan,Summer,2.7,No,Standard,No,No,31.0,Credit Card,Weekly,2
2626,2627,50.0,Male,Jacket,Outerwear,46,Rhode Island,XL,Silver,Fall,4.2,No,Express,No,No,30.0,Credit Card,Every 3 Months,2
2627,2628,66.0,Male,Shirt,Clothing,26,Missouri,L,Silver,Fall,3.6,No,Next Day Air,No,No,40.0,Bank Transfer,Quarterly,1
2628,2629,25.0,Male,Hoodie,Clothing,51,Wyoming,M,Silver,Summer,3.8,No,Next Day Air,No,No,42.0,Credit Card,,2
2629,2630,,Male,Scarf,Accessories,44,New Hampshire,M,Peach,Winter,3.8,No,Free Shipping,No,No,25.0,Venmo,,2
2630,2631,29.0,Male,Skirt,Clothing,82,Maine,S,Pink,Spring,4.2,No,Free Shipping,No,No,20.0,Cash,,3
2631,2632,53.0,Male,Skirt,Clothing,44,Connecticut,S,Violet,Summer,2.7,No,Express,No,No,3.0,Cash,Weekly,1
2632,2633,24.0,Male,Scarf,Accessories,27,Alaska,M,Black,Fall,5.0,No,Next Day Air,No,No,14.0,Cash,Annually,2
2633,2634,51.0,Male,Sunglasses,Accessories,90,Alaska,M,Purple,Fall,4.7,No,Next Day Air,No,No,32.0,Credit Card,Fortnightly,4
2634,2635,26.0,Male,Sandals,Footwear,58,North Carolina,S,Black,Summer,3.2,No,Store Pickup,No,No,20.0,PayPal,Every 3 Months,3
2635,2636,59.0,Male,Hoodie,Clothing,80,Colorado,XL,Peach,Spring,2.9,No,2-Day Shipping,No,No,34.0,PayPal,Fortnightly,1
2636,2637,,Male,Jacket,Outerwear,40,Utah,S,Magenta,Winter,,No,Store Pickup,No,No,,Venmo,,4
2637,2638,20.0,Male,Pants,Clothing,23,Alabama,M,Magenta,Spring,3.7,No,Store Pickup,No,No,2.0,PayPal,Annually,1
2638,2639,22.0,Male,Shirt,Clothing,34,Hawaii,S,Black,Spring,4.2,No,Store Pickup,No,No,35.0,Credit Card,Annually,4
2639,2640,18.0,Male,Blouse,Clothing,35,New Hampshire,XL,Pink,Winter,2.6,No,Free Shipping,No,No,33.0,Debit Card,Quarterly,2
2640,2641,30.0,Male,Skirt,Clothing,75,Indiana,L,Olive,Summer,4.0,No,Store Pickup,No,No,45.0,Venmo,Bi-Weekly,2
2641,2642,,Male,Sunglasses,Accessories,60,Vermont,XL,Olive,Winter,,No,,No,No,,Bank Transfer,,2
2642,2643,39.0,Male,Belt,Accessories,87,Iowa,L,Peach,Summer,4.0,No,Store Pickup,No,No,48.0,Bank Transfer,Annually,4
2643,2644,49.0,Male,Gloves,Accessories,41,Maryland,S,Silver,Spring,2.9,No,Next Day Air,No,No,37.0,Cash,Monthly,1
2644,2645,,Male,Pants,Clothing,83,New Mexico,M,Turquoise,Spring,,No,,No,No,,Bank Transfer,,3
2645,2646,23.0,Male,Scarf,Accessories,81,Louisiana,L,Olive,Spring,4.0,No,Store Pickup,No,No,24.0,Bank Transfer,Bi-Weekly,1
2646,2647,,Male,T-shirt,Clothing,56,New Mexico,S,Lavender,Summer,,No,,No,No,,Debit Card,,3
2647,2648,60.0,Male,Shoes,Footwear,58,South Carolina,M,Red,Summer,3.3,No,2-Day Shipping,No,No,25.0,Debit Card,Annually,3
2648,2649,51.0,Male,Pants,Clothing,84,Illinois,M,Gray,Spring,3.9,No,Next Day Air,No,No,14.0,PayPal,Bi-Weekly,3
2649,2650,23.0,Male,Gloves,Accessories,21,Minnesota,M,Magenta,Fall,3.9,No,Store Pickup,No,No,14.0,Bank Transfer,Fortnightly,1
2650,2651,,Male,Socks,Clothing,35,Oregon,L,Maroon,Summer,4.2,No,Standard,No,No,46.0,Credit Card,,2
2651,2652,51.0,Male,Sneakers,Footwear,43,Tennessee,M,Cyan,Summer,4.6,No,Store Pickup,No,No,27.0,PayPal,Quarterly,1
2652,2653,23.0,Female,Shorts,Clothing,20,Maryland,L,Cyan,Summer,3.3,No,2-Day Shipping,No,No,46.0,Credit Card,Monthly,1
2653,2654,67.0,Female,Blouse,Clothing,36,Wisconsin,L,Lavender,Fall,4.8,No,Express,No,No,24.0,Venmo,Every 3 Months,2
2654,2655,23.0,Female,Coat,Outerwear,70,Idaho,S,Pink,Fall,4.1,No,Next Day Air,No,No,4.0,PayPal,Annually,2
2655,2656,26.0,Female,Sunglasses,Accessories,83,Wyoming,M,Gray,Summer,3.4,No,Standard,No,No,2.0,Credit Card,Fortnightly,1
2656,2657,52.0,Female,Shorts,Clothing,76,Indiana,L,Yellow,Winter,3.6,No,Express,No,No,29.0,Bank Transfer,Fortnightly,2
2657,2658,52.0,Female,Dress,Clothing,81,Texas,M,Pink,Summer,2.7,No,Express,No,No,7.0,Credit Card,Fortnightly,1
2658,2659,52.0,Female,Handbag,Accessories,47,Ohio,XL,Indigo,Summer,3.2,No,Next Day Air,No,No,39.0,PayPal,Monthly,1
2659,2660,35.0,Female,Boots,Footwear,35,Kansas,L,Gray,Summer,4.4,No,2-Day Shipping,No,No,46.0,Credit Card,Fortnightly,4
2660,2661,24.0,Female,Pants,Clothing,85,South Carolina,L,Yellow,Spring,4.9,No,Express,No,No,44.0,Venmo,Annually,3
2661,2662,43.0,Female,Boots,Footwear,96,Michigan,XL,Olive,Fall,4.8,No,Express,No,No,20.0,Bank Transfer,Annually,4
2662,2663,25.0,Female,Skirt,Clothing,98,Nebraska,M,Cyan,Summer,2.8,No,2-Day Shipping,No,No,44.0,PayPal,Fortnightly,1
2663,2664,46.0,Female,Sneakers,Footwear,52,Wisconsin,L,Silver,Fall,2.9,No,Free Shipping,No,No,23.0,Bank Transfer,Annually,1
2664,2665,22.0,Female,Jewelry,Accessories,84,Illinois,L,Silver,Winter,3.2,No,Store Pickup,No,No,37.0,PayPal,Weekly,3
2665,2666,,Female,T-shirt,Clothing,71,Louisiana,L,Red,Winter,,No,Store Pickup,No,No,,Venmo,,1
2666,2667,49.0,Female,Sandals,Footwear,95,Ohio,S,Brown,Winter,4.1,No,Store Pickup,No,No,14.0,Venmo,Fortnightly,3
2667,2668,,Female,Boots,Footwear,47,Maryland,M,Orange,Summer,,No,,No,No,,Cash,,2
2668,2669,59.0,Female,Coat,Outerwear,75,Texas,M,Black,Summer,4.8,No,Next Day Air,No,No,9.0,PayPal,Quarterly,1
2669,2670,39.0,Female,Belt,Accessories,28,Illinois,L,Teal,Spring,2.8,No,Free Shipping,No,No,31.0,Credit Card,Weekly,3
2670,2671,30.0,Female,Sunglasses,Accessories,44,Pennsylvania,M,Yellow,Fall,4.7,No,Express,No,No,26.0,Bank Transfer,Bi-Weekly,4
2671,2672,37.0,Female,Sandals,Footwear,64,Alabama,XL,Gray,Winter,4.8,No,2-Day Shipping,No,No,41.0,PayPal,Every 3 Months,2
2672,2673,,Female,Boots,Footwear,28,West Virginia,M,Maroon,Spring,,No,,No,No,,Cash,,4
2673,2674,67.0,Female,Hoodie,Clothing,21,Nevada,M,Olive,Summer,2.6,No,2-Day Shipping,No,No,4.0,Cash,Monthly,2
2674,2675,40.0,Female,Hat,Accessories,41,Florida,S,Charcoal,Fall,3.3,No,Express,No,No,15.0,Cash,Every 3 Months,3
2675,2676,24.0,Female,Shorts,Clothing,38,Virginia,M,Peach,Winter,3.4,No,Free Shipping,No,No,38.0,Cash,Bi-Weekly,2
2676,2677,43.0,Female,Backpack,Accessories,77,Kentucky,M,Maroon,Spring,3.6,No,Free Shipping,No,No,3.0,Cash,Fortnightly,2
2677,2678,45.0,Female,Shorts,Clothing,43,Connecticut,L,Olive,Spring,3.8,No,Next Day Air,No,No,6.0,PayPal,Every 3 Months,1
2678,2679,33.0,Female,Belt,Accessories,91,Montana,M,Magenta,Spring,3.4,No,2-Day Shipping,No,No,34.0,Credit Card,Bi-Weekly,4
2679,2680,53.0,Female,Shorts,Clothing,68,Montana,S,Yellow,Spring,3.8,No,Express,No,No,7.0,Debit Card,Quarterly,1
2680,2681,44.0,Female,Socks,Clothing,37,Nebraska,L,Indigo,Fall,3.3,No,Next Day Air,No,No,21.0,Venmo,Annually,2
2681,2682,23.0,Female,Shoes,Footwear,23,Massachusetts,L,Olive,Summer,4.8,No,Standard,No,No,17.0,Debit Card,Monthly,2
2682,2683,59.0,Female,Sneakers,Footwear,65,North Carolina,L,Maroon,Winter,3.9,No,2-Day Shipping,No,No,5.0,Venmo,Every 3 Months,3
2683,2684,68.0,Female,Backpack,Accessories,30,Montana,M,Indigo,Summer,4.2,No,Next Day Air,No,No,21.0,Cash,Fortnightly,2
2684,2685,,Female,Dress,Clothing,45,Washington,M,Gray,Summer,,No,,No,No,,Credit Card,,1
2685,2686,,Female,Boots,Footwear,25,Virginia,M,Gray,Winter,,No,,No,No,,Credit Card,,4
2686,2687,40.0,Female,Socks,Clothing,72,Georgia,M,Black,Winter,3.8,No,2-Day Shipping,No,No,33.0,Cash,Fortnightly,2
2687,2688,61.0,Female,Dress,Clothing,75,Delaware,M,White,Fall,3.6,No,2-Day Shipping,No,No,12.0,Debit Card,Bi-Weekly,1
2688,2689,53.0,Female,Handbag,Accessories,63,West Virginia,XL,Turquoise,Spring,2.9,No,2-Day Shipping,No,No,18.0,Credit Card,Every 3 Months,1
2689,2690,29.0,Female,Blouse,Clothing,35,Wyoming,M,Orange,Fall,3.9,No,Standard,No,No,47.0,PayPal,Quarterly,3
2690,2691,44.0,Female,Belt,Accessories,32,New Mexico,L,Yellow,Summer,4.7,No,Free Shipping,No,No,18.0,Bank Transfer,Weekly,4
2691,2692,,Female,Pants,Clothing,25,Nebraska,L,Blue,Winter,,No,,No,No,,Cash,,1
2692,2693,40.0,Female,Sneakers,Footwear,90,Washington,XL,Violet,Spring,4.2,No,Free Shipping,No,No,18.0,Debit Card,Every 3 Months,3
2693,2694,55.0,Female,Boots,Footwear,70,Hawaii,L,Lavender,Summer,2.6,No,Standard,No,No,46.0,Cash,Quarterly,3
2694,2695,66.0,Female,Sunglasses,Accessories,27,Louisiana,M,Olive,Spring,4.9,No,Express,No,No,34.0,Credit Card,Every 3 Months,1
2695,2696,50.0,Female,Hat,Accessories,92,Tennessee,M,Orange,Fall,3.6,No,Standard,No,No,10.0,PayPal,Bi-Weekly,3
2696,2697,,Female,Coat,Outerwear,20,South Dakota,M,White,Spring,4.7,No,Free Shipping,No,No,12.0,Debit Card,,4
2697,2698,42.0,Female,Jacket,Outerwear,52,Delaware,L,Red,Winter,3.2,No,Standard,No,No,36.0,Bank Transfer,Quarterly,4
2698,2699,55.0,Female,Hoodie,Clothing,57,Virginia,M,Magenta,Summer,3.6,No,Store Pickup,No,No,34.0,Venmo,Quarterly,4
2699,2700,25.0,Female,Boots,Footwear,96,Utah,M,Violet,Fall,3.6,No,2-Day Shipping,No,No,49.0,Debit Card,Annually,2
2700,2701,22.0,Female,T-shirt,Clothing,68,California,XL,Olive,Winter,3.2,No,Standard,No,No,36.0,Cash,Weekly,4
2701,2702,49.0,Female,Sweater,Clothing,30,Idaho,L,Silver,Summer,2.8,No,Store Pickup,No,No,18.0,Bank Transfer,Fortnightly,1
2702,2703,70.0,Female,Shoes,Footwear,37,Texas,L,Gray,Fall,4.0,No,Next Day Air,No,No,39.0,Debit Card,Fortnightly,2
2703,2704,56.0,Female,Scarf,Accessories,42,Tennessee,XL,Olive,Winter,4.4,No,Free Shipping,No,No,34.0,PayPal,Weekly,2
2704,2705,,Female,Dress,Clothing,54,Tennessee,L,Beige,Spring,,No,Next Day Air,No,No,,Debit Card,,1
2705,2706,65.0,Female,Jacket,Outerwear,81,Washington,S,Turquoise,Spring,5.0,No,Store Pickup,No,No,1.0,Credit Card,Bi-Weekly,1
2706,2707,24.0,Female,Shoes,Footwear,40,Alabama,S,Blue,Spring,3.1,No,Express,No,No,48.0,Debit Card,Quarterly,1
2707,2708,32.0,Female,Backpack,Accessories,88,Nebraska,M,Pink,Fall,4.2,No,Standard,No,No,19.0,Cash,Weekly,4
2708,2709,,Female,Dress,Clothing,94,Alabama,M,Teal,Summer,,No,,No,No,,Debit Card,,4
2709,2710,35.0,Female,Shirt,Clothing,54,Illinois,S,Cyan,Winter,2.9,No,Standard,No,No,9.0,Credit Card,Bi-Weekly,3
2710,2711,69.0,Female,Jacket,Outerwear,51,Wisconsin,L,Purple,Summer,4.7,No,Standard,No,No,3.0,Bank Transfer,Fortnightly,3
2711,2712,30.0,Female,Sunglasses,Accessories,22,Nebraska,L,Red,Spring,4.0,No,Standard,No,No,50.0,Venmo,Monthly,3
2712,2713,37.0,Female,Jacket,Outerwear,95,North Dakota,L,Brown,Fall,4.6,No,Standard,No,No,7.0,Debit Card,,1
2713,2714,19.0,Female,Coat,Outerwear,57,Mississippi,M,Magenta,Fall,3.8,No,2-Day Shipping,No,No,20.0,Debit Card,Annually,2
2714,2715,53.0,Female,Sweater,Clothing,45,Iowa,S,Olive,Winter,3.6,No,Store Pickup,No,No,16.0,Credit Card,Bi-Weekly,4
2715,2716,25.0,Female,Sneakers,Footwear,92,Mississippi,XL,Pink,Winter,4.1,No,Express,No,No,29.0,PayPal,Fortnightly,2
2716,2717,,Female,Shoes,Footwear,40,Colorado,L,Black,Spring,2.7,No,Store Pickup,No,No,21.0,Debit Card,,2
2717,2718,18.0,Female,Sunglasses,Accessories,62,Nebraska,XL,Beige,Winter,4.3,No,Free Shipping,No,No,19.0,Credit Card,Every 3 Months,4
2718,2719,22.0,Female,Shorts,Clothing,90,Virginia,M,Peach,Winter,4.9,No,Next Day Air,No,No,10.0,Venmo,Bi-Weekly,1
2719,2720,69.0,Female,Hoodie,Clothing,82,Louisiana,S,Peach,Fall,4.2,No,Free Shipping,No,No,4.0,Bank Transfer,Monthly,2
2720,2721,55.0,Female,Scarf,Accessories,52,Maryland,M,Peach,Spring,2.8,No,Store Pickup,No,No,45.0,Bank Transfer,Quarterly,2
2721,2722,19.0,Female,Sandals,Footwear,70,Minnesota,S,Teal,Spring,4.9,No,Free Shipping,No,No,17.0,PayPal,Fortnightly,1
2722,2723,23.0,Female,Hat,Accessories,83,Maine,M,Green,Spring,2.8,No,2-Day Shipping,No,No,22.0,PayPal,Fortnightly,3
2723,2724,54.0,Female,Shoes,Footwear,49,Texas,XL,Brown,Summer,2.9,No,Store Pickup,No,No,3.0,PayPal,Every 3 Months,2
2724,2725,52.0,Female,Sneakers,Footwear,91,Missouri,M,Brown,Spring,2.5,No,Next Day Air,No,No,11.0,Debit Card,Fortnightly,3
2725,2726,64.0,Female,Backpack,Accessories,99,Mississippi,S,Violet,Summer,2.7,No,Free Shipping,No,No,4.0,Debit Card,Annually,1
2726,2727,,Female,Belt,Accessories,92,Michigan,L,Blue,Winter,,No,,No,No,,PayPal,,2
2727,2728,40.0,Female,Shirt,Clothing,87,Colorado,L,Charcoal,Winter,3.7,No,2-Day Shipping,No,No,47.0,Credit Card,Fortnightly,1
2728,2729,26.0,Female,Skirt,Clothing,28,Florida,M,Pink,Winter,4.0,No,Express,No,No,17.0,Debit Card,Weekly,2
2729,2730,31.0,Female,Gloves,Accessories,71,Montana,S,Violet,Summer,4.1,No,Free Shipping,No,No,32.0,Credit Card,Monthly,1
2730,2731,23.0,Female,Gloves,Accessories,32,Wisconsin,M,Teal,Winter,4.1,No,Store Pickup,No,No,37.0,Bank Transfer,Annually,4
2731,2732,52.0,Female,Handbag,Accessories,33,Wisconsin,M,Red,Summer,2.5,No,2-Day Shipping,No,No,44.0,Bank Transfer,Quarterly,3
2732,2733,21.0,Female,Socks,Clothing,75,Delaware,L,Orange,Winter,4.2,No,Store Pickup,No,No,27.0,Debit Card,Every 3 Months,3
2733,2734,31.0,Female,Backpack,Accessories,83,North Carolina,M,Magenta,Summer,4.7,No,Express,No,No,46.0,PayPal,Annually,3
2734,2735,63.0,Female,Jeans,Clothing,93,New York,XL,Yellow,Summer,2.7,No,2-Day Shipping,No,No,13.0,Cash,Bi-Weekly,4
2735,2736,46.0,Female,Skirt,Clothing,29,California,M,Yellow,Spring,3.0,No,Express,No,No,2.0,PayPal,Bi-Weekly,3
2736,2737,,Female,Hoodie,Clothing,25,Montana,M,Pink,Spring,,No,,No,No,,Credit Card,,1
2737,2738,57.0,Female,Jewelry,Accessories,76,North Carolina,S,Indigo,Spring,4.4,No,Free Shipping,No,No,35.0,Cash,Every 3 Months,4
2738,2739,50.0,Female,Sneakers,Footwear,81,Ohio,M,Charcoal,Summer,4.3,No,2-Day Shipping,No,No,39.0,Venmo,Every 3 Months,4
2739,2740,33.0,Female,Shirt,Clothing,80,Alaska,XL,Blue,Winter,2.5,No,Store Pickup,No,No,39.0,Credit Card,Every 3 Months,4
2740,2741,19.0,Female,Sunglasses,Accessories,70,Pennsylvania,M,Lavender,Summer,4.9,No,Free Shipping,No,No,34.0,Bank Transfer,Fortnightly,4
2741,2742,68.0,Female,Dress,Clothing,81,Maine,L,Yellow,Fall,4.9,No,2-Day Shipping,No,No,41.0,Venmo,Monthly,1
2742,2743,27.0,Female,Shoes,Footwear,86,Texas,M,Black,Spring,3.9,No,Free Shipping,No,No,47.0,Debit Card,Annually,2
2743,2744,61.0,Female,Belt,Accessories,94,New Jersey,S,Beige,Fall,4.1,No,2-Day Shipping,No,No,17.0,Venmo,Quarterly,2
2744,2745,38.0,Female,Shirt,Clothing,66,Wyoming,M,Silver,Winter,3.3,No,Store Pickup,No,No,40.0,Credit Card,Monthly,3
2745,2746,28.0,Female,Boots,Footwear,98,Michigan,M,Magenta,Summer,4.1,No,Standard,No,No,44.0,PayPal,Bi-Weekly,3
2746,2747,39.0,Female,Hoodie,Clothing,25,Ohio,M,Orange,Fall,3.7,No,Standard,No,No,21.0,PayPal,Every 3 Months,4
2747,2748,18.0,Female,Jeans,Clothing,62,West Virginia,M,Teal,Winter,3.1,No,Free Shipping,No,No,21.0,Credit Card,Every 3 Months,4
2748,2749,24.0,Female,Jacket,Outerwear,98,Virginia,L,Turquoise,Spring,3.0,No,Free Shipping,No,No,16.0,Venmo,Annually,2
2749,2750,64.0,Female,Jacket,Outerwear,53,Vermont,M,Cyan,Spring,3.4,No,Standard,No,No,15.0,Bank Transfer,Annually,1
2750,2751,,Female,Sandals,Footwear,66,Alaska,L,Pink,Spring,,No,,No,No,,PayPal,,4
2751,2752,27.0,Female,Dress,Clothing,52,Minnesota,S,Indigo,Fall,3.1,No,Free Shipping,No,No,50.0,Venmo,Monthly,3
2752,2753,48.0,Female,Sweater,Clothing,64,Colorado,S,Peach,Winter,4.0,No,Free Shipping,No,No,30.0,Venmo,Bi-Weekly,2
2753,2754,69.0,Female,Gloves,Accessories,59,Rhode Island,M,Beige,Spring,3.6,No,Next Day Air,No,No,48.0,PayPal,Quarterly,2
2754,2755,59.0,Female,Sunglasses,Accessories,61,New Jersey,L,Gold,Summer,3.6,No,Free Shipping,No,No,21.0,Venmo,Bi-Weekly,1
2755,2756,59.0,Female,Belt,Accessories,97,Nevada,M,Indigo,Winter,3.3,No,Store Pickup,No,No,18.0,Credit Card,Annually,1
2756,2757,42.0,Female,Hat,Accessories,23,Minnesota,L,Violet,Winter,4.1,No,Free Shipping,No,No,41.0,PayPal,Monthly,3
2757,2758,39.0,Female,Hat,Accessories,98,Delaware,XL,Brown,Fall,4.3,No,Next Day Air,No,No,11.0,Venmo,Monthly,4
2758,2759,,Female,Blouse,Clothing,98,Illinois,M,Purple,Summer,,No,,No,No,,Bank Transfer,,1
2759,2760,68.0,Female,Shoes,Footwear,59,Washington,M,Turquoise,Summer,3.9,No,Free Shipping,No,No,42.0,Cash,Every 3 Months,4
2760,2761,41.0,Female,Skirt,Clothing,82,Alaska,S,Violet,Fall,5.0,No,Next Day Air,No,No,41.0,Credit Card,Bi-Weekly,2
2761,2762,31.0,Female,Sneakers,Footwear,82,Michigan,M,Purple,Fall,3.4,No,Next Day Air,No,No,3.0,Credit Card,Every 3 Months,3
2762,2763,58.0,Female,T-shirt,Clothing,41,Georgia,M,Charcoal,Fall,3.8,No,Store Pickup,No,No,10.0,Debit Card,Every 3 Months,1
2763,2764,,Female,Handbag,Accessories,52,West Virginia,M,Green,Fall,2.9,No,2-Day Shipping,No,No,35.0,Venmo,,4
2764,2765,63.0,Female,Sweater,Clothing,41,Arizona,XL,White,Spring,2.6,No,Next Day Air,No,No,2.0,Debit Card,Weekly,4
2765,2766,64.0,Female,Gloves,Accessories,70,Colorado,M,Purple,Summer,4.3,No,2-Day Shipping,No,No,24.0,Credit Card,Quarterly,3
2766,2767,66.0,Female,Dress,Clothing,91,Tennessee,M,Cyan,Winter,2.8,No,Standard,No,No,47.0,Credit Card,Monthly,1
2767,2768,31.0,Female,Dress,Clothing,95,Iowa,M,Green,Spring,4.5,No,Free Shipping,No,No,31.0,Cash,Monthly,1
2768,2769,55.0,Female,Blouse,Clothing,25,Kansas,M,Beige,Spring,3.8,No,2-Day Shipping,No,No,28.0,PayPal,Bi-Weekly,4
2769,2770,32.0,Female,Shirt,Clothing,89,Oklahoma,L,Lavender,Fall,3.0,No,Standard,No,No,13.0,Cash,Weekly,1
2770,2771,,Female,Boots,Footwear,44,Nebraska,S,Blue,Fall,,No,,No,No,,Bank Transfer,,2
2771,2772,58.0,Female,Jacket,Outerwear,52,Maryland,S,Beige,Summer,3.1,No,2-Day Shipping,No,No,12.0,Bank Transfer,,2
2772,2773,18.0,Female,Backpack,Accessories,94,Pennsylvania,L,Blue,Spring,3.5,No,Store Pickup,No,No,10.0,Bank Transfer,Every 3 Months,2
2773,2774,39.0,Female,Pants,Clothing,98,Arizona,S,Maroon,Spring,4.6,No,Express,No,No,45.0,Bank Transfer,Quarterly,4
2774,2775,56.0,Female,Boots,Footwear,40,Oklahoma,L,Yellow,Fall,4.1,No,Standard,No,No,42.0,Credit Card,Quarterly,1
2775,2776,,Female,Socks,Clothing,25,Montana,L,Red,Fall,3.6,No,Free Shipping,No,No,16.0,Debit Card,,3
2776,2777,,Female,Scarf,Accessories,62,Wyoming,L,Green,Fall,,No,,No,No,,Bank Transfer,,4
2777,2778,52.0,Female,Blouse,Clothing,24,Idaho,M,Magenta,Fall,4.8,No,Standard,No,No,28.0,Credit Card,Every 3 Months,1
2778,2779,70.0,Female,Belt,Accessories,57,Pennsylvania,L,Yellow,Spring,3.2,No,Standard,No,No,24.0,Credit Card,Bi-Weekly,3
2779,2780,61.0,Female,Sunglasses,Accessories,66,Montana,L,Blue,Winter,4.3,No,Express,No,No,14.0,Credit Card,Fortnightly,4
2780,2781,,Female,Boots,Footwear,70,Ohio,M,Charcoal,Winter,4.1,No,Next Day Air,No,No,29.0,PayPal,,2
2781,2782,,Female,Sandals,Footwear,39,Mississippi,M,Blue,Spring,,No,,No,No,,PayPal,,4
2782,2783,41.0,Female,Gloves,Accessories,34,Idaho,S,Cyan,Spring,3.8,No,Free Shipping,No,No,30.0,PayPal,Annually,2
2783,2784,19.0,Female,Skirt,Clothing,38,Virginia,M,Silver,Spring,4.5,No,Next Day Air,No,No,26.0,Credit Card,Quarterly,1
2784,2785,33.0,Female,Skirt,Clothing,70,Idaho,M,Black,Winter,3.1,No,Express,No,No,12.0,PayPal,Every 3 Months,1
2785,2786,53.0,Female,Blouse,Clothing,80,Louisiana,S,Green,Summer,2.9,No,Next Day Air,No,No,13.0,Bank Transfer,Monthly,3
2786,2787,54.0,Female,Handbag,Accessories,51,Colorado,M,Violet,Spring,3.8,No,Next Day Air,No,No,41.0,Debit Card,Every 3 Months,1
2787,2788,36.0,Female,Boots,Footwear,79,West Virginia,XL,Pink,Spring,4.1,No,Next Day Air,No,No,4.0,Venmo,Fortnightly,1
2788,2789,56.0,Female,Boots,Footwear,92,Rhode Island,M,Olive,Summer,3.1,No,Free Shipping,No,No,2.0,Credit Card,,3
2789,2790,,Female,Sweater,Clothing,85,North Carolina,L,Orange,Fall,,No,Express,No,No,,Credit Card,,3
2790,2791,34.0,Female,Socks,Clothing,63,Maine,M,Black,Spring,4.5,No,Free Shipping,No,No,24.0,Debit Card,Annually,1
2791,2792,43.0,Female,Gloves,Accessories,60,Iowa,M,Yellow,Fall,2.8,No,Express,No,No,14.0,Venmo,Fortnightly,1
2792,2793,,Female,Shorts,Clothing,44,Kentucky,L,Violet,Winter,,No,,No,No,,Credit Card,,4
2793,2794,37.0,Female,Boots,Footwear,57,Massachusetts,M,Silver,Spring,3.1,No,Standard,No,No,27.0,Debit Card,Bi-Weekly,1
2794,2795,33.0,Female,Jacket,Outerwear,24,New York,M,Gold,Fall,3.3,No,Standard,No,No,7.0,Cash,Fortnightly,3
2795,2796,33.0,Female,Scarf,Accessories,35,Nebraska,M,Magenta,Winter,3.4,No,Store Pickup,No,No,49.0,PayPal,Annually,2
2796,2797,55.0,Female,Jacket,Outerwear,73,Oklahoma,M,Red,Winter,3.8,No,Store Pickup,No,No,21.0,Cash,Annually,2
2797,2798,63.0,Female,Jewelry,Accessories,42,Oklahoma,M,Green,Winter,3.5,No,Express,No,No,10.0,Venmo,Every 3 Months,1
2798,2799,,Female,Hoodie,Clothing,20,Rhode Island,XL,Red,Winter,,No,,No,No,,PayPal,,1
2799,2800,23.0,Female,T-shirt,Clothing,89,Maine,L,Pink,Spring,3.9,No,Free Shipping,No,No,9.0,Bank Transfer,Every 3 Months,1
2800,2801,,Female,Shirt,Clothing,76,Arkansas,L,Violet,Fall,,No,,No,No,,Cash,,1
2801,2802,,Female,Shirt,Clothing,56,New Mexico,M,Indigo,Winter,2.6,No,Express,No,No,30.0,PayPal,,4
2802,2803,22.0,Female,Coat,Outerwear,100,Hawaii,L,Red,Fall,3.1,No,Store Pickup,No,No,42.0,Credit Card,Fortnightly,3
2803,2804,46.0,Female,T-shirt,Clothing,44,Idaho,M,Violet,Winter,3.3,No,Free Shipping,No,No,31.0,Bank Transfer,,3
2804,2805,65.0,Female,Hoodie,Clothing,76,South Carolina,M,Cyan,Spring,2.8,No,Standard,No,No,48.0,Bank Transfer,Every 3 Months,1
2805,2806,18.0,Female,Sunglasses,Accessories,97,Nevada,S,Black,Fall,4.3,No,Standard,No,No,48.0,Cash,Quarterly,4
2806,2807,45.0,Female,Blouse,Clothing,39,South Carolina,L,Purple,Spring,2.7,No,Standard,No,No,50.0,Credit Card,Annually,1
2807,2808,56.0,Female,Hoodie,Clothing,100,Maryland,M,Charcoal,Spring,4.4,No,2-Day Shipping,No,No,10.0,Debit Card,Fortnightly,3
2808,2809,49.0,Female,Skirt,Clothing,62,Tennessee,M,Beige,Spring,3.9,No,Free Shipping,No,No,45.0,PayPal,Every 3 Months,1
2809,2810,66.0,Female,Shorts,Clothing,98,Arkansas,XL,Teal,Summer,3.0,No,Standard,No,No,27.0,Debit Card,Quarterly,1
2810,2811,27.0,Female,Jeans,Clothing,31,Arizona,M,Purple,Summer,4.0,No,Standard,No,No,10.0,Debit Card,Fortnightly,4
2811,2812,69.0,Female,Jacket,Outerwear,89,Ohio,M,Blue,Fall,3.7,No,Store Pickup,No,No,19.0,Credit Card,Quarterly,3
2812,2813,66.0,Female,Hoodie,Clothing,91,North Dakota,XL,Magenta,Fall,3.8,No,Store Pickup,No,No,1.0,Credit Card,Every 3 Months,2
2813,2814,45.0,Female,Shirt,Clothing,50,Vermont,S,Maroon,Summer,3.3,No,2-Day Shipping,No,No,39.0,Debit Card,Quarterly,1
2814,2815,31.0,Female,T-shirt,Clothing,32,Minnesota,L,Gold,Winter,3.6,No,Standard,No,No,14.0,Bank Transfer,Monthly,3
2815,2816,,Female,Blouse,Clothing,67,Idaho,L,Black,Fall,,No,Free Shipping,No,No,,Venmo,,2
2816,2817,43.0,Female,Skirt,Clothing,28,Maryland,M,Black,Spring,3.5,No,Free Shipping,No,No,45.0,Venmo,Weekly,2
2817,2818,25.0,Female,Backpack,Accessories,65,South Carolina,XL,Yellow,Winter,3.4,No,Standard,No,No,6.0,Venmo,Weekly,1
2818,2819,46.0,Female,Shorts,Clothing,73,California,M,Turquoise,Fall,4.7,No,Next Day Air,No,No,12.0,Debit Card,Annually,3
2819,2820,,Female,Shirt,Clothing,27,Georgia,L,Lavender,Spring,,No,,No,No,,Cash,,2
2820,2821,26.0,Female,Backpack,Accessories,89,Vermont,L,Yellow,Summer,3.9,No,Free Shipping,No,No,5.0,Cash,Bi-Weekly,2
2821,2822,,Female,Shoes,Footwear,72,Georgia,L,Olive,Summer,,No,,No,No,,Venmo,,3
2822,2823,,Female,Skirt,Clothing,37,New Jersey,S,Brown,Fall,4.1,No,Standard,No,No,33.0,PayPal,,2
2823,2824,26.0,Female,Dress,Clothing,63,Utah,M,Olive,Summer,4.5,No,Standard,No,No,47.0,Debit Card,Bi-Weekly,2
2824,2825,39.0,Female,Hat,Accessories,90,Utah,M,Purple,Fall,4.0,No,Free Shipping,No,No,49.0,Debit Card,Quarterly,4
2825,2826,69.0,Female,Handbag,Accessories,62,North Carolina,M,Yellow,Winter,4.3,No,2-Day Shipping,No,No,28.0,Bank Transfer,Annually,1
2826,2827,32.0,Female,Handbag,Accessories,43,Florida,L,Brown,Fall,3.6,No,Express,No,No,23.0,Venmo,Annually,1
2827,2828,,Female,Blouse,Clothing,96,Wisconsin,M,Magenta,Fall,,No,,No,No,,Bank Transfer,,1
2828,2829,25.0,Female,Scarf,Accessories,83,Tennessee,L,Lavender,Fall,2.6,No,Standard,No,No,33.0,PayPal,,2
2829,2830,,Female,Jewelry,Accessories,67,Arizona,XL,Teal,Fall,,No,,No,No,,Cash,,1
2830,2831,63.0,Female,Skirt,Clothing,90,Oregon,L,Cyan,Spring,2.9,No,Store Pickup,No,No,13.0,Venmo,Every 3 Months,3
2831,2832,34.0,Female,Hoodie,Clothing,53,Virginia,L,Pink,Winter,5.0,No,Express,No,No,4.0,Credit Card,Weekly,4
2832,2833,29.0,Female,Scarf,Accessories,37,Maryland,M,Magenta,Summer,4.6,No,Standard,No,No,40.0,PayPal,Quarterly,2
2833,2834,43.0,Female,Jeans,Clothing,56,Arkansas,M,Teal,Fall,3.3,No,Free Shipping,No,No,19.0,Cash,Monthly,2
2834,2835,39.0,Female,Jacket,Outerwear,43,Texas,M,Indigo,Fall,2.9,No,2-Day Shipping,No,No,17.0,Credit Card,Weekly,3
2835,2836,,Female,T-shirt,Clothing,84,Vermont,S,Pink,Winter,4.9,No,Free Shipping,No,No,7.0,Venmo,,4
2836,2837,,Female,Pants,Clothing,50,Wyoming,M,Charcoal,Winter,,No,2-Day Shipping,No,No,,Cash,,2
2837,2838,65.0,Female,Shoes,Footwear,88,Alabama,M,Brown,Summer,4.5,No,Express,No,No,44.0,PayPal,Weekly,4
2838,2839,51.0,Female,Jacket,Outerwear,50,Maine,M,Blue,Fall,3.7,No,Free Shipping,No,No,2.0,Bank Transfer,Weekly,1
2839,2840,70.0,Female,Scarf,Accessories,80,South Dakota,L,Teal,Summer,2.8,No,Store Pickup,No,No,30.0,Bank Transfer,Monthly,1
2840,2841,40.0,Female,T-shirt,Clothing,47,West Virginia,L,Pink,Spring,3.5,No,Store Pickup,No,No,41.0,Cash,Annually,2
2841,2842,19.0,Female,Dress,Clothing,33,Ohio,XL,Magenta,Winter,3.0,No,2-Day Shipping,No,No,31.0,Cash,Weekly,4
2842,2843,28.0,Female,Coat,Outerwear,100,Arizona,L,Green,Fall,4.3,No,Standard,No,No,48.0,Debit Card,Quarterly,3
2843,2844,51.0,Female,Sweater,Clothing,26,Ohio,M,White,Summer,3.6,No,Store Pickup,No,No,41.0,Venmo,Weekly,4
2844,2845,32.0,Female,Hat,Accessories,79,New Mexico,M,Indigo,Summer,4.4,No,Standard,No,No,42.0,Venmo,Annually,1
2845,2846,26.0,Female,Backpack,Accessories,77,South Dakota,L,Lavender,Summer,4.1,No,Express,No,No,39.0,Debit Card,Every 3 Months,4
2846,2847,50.0,Female,Socks,Clothing,36,Oklahoma,XL,Black,Fall,2.8,No,Next Day Air,No,No,15.0,PayPal,Bi-Weekly,3
2847,2848,68.0,Female,Jewelry,Accessories,21,Connecticut,L,Charcoal,Winter,2.8,No,Free Shipping,No,No,3.0,PayPal,Every 3 Months,4
2848,2849,33.0,Female,Boots,Footwear,72,Wisconsin,L,Gray,Fall,4.9,No,Store Pickup,No,No,28.0,Bank Transfer,Quarterly,2
2849,2850,56.0,Female,Coat,Outerwear,25,New Hampshire,M,Gold,Spring,4.1,No,Express,No,No,27.0,PayPal,Bi-Weekly,4
2850,2851,57.0,Female,Sweater,Clothing,79,Nebraska,M,Silver,Spring,3.0,No,Store Pickup,No,No,36.0,Debit Card,Annually,4
2851,2852,58.0,Female,Blouse,Clothing,73,Nevada,L,Teal,Summer,3.0,No,Store Pickup,No,No,42.0,Debit Card,Monthly,3
2852,2853,40.0,Female,Belt,Accessories,71,New York,M,Magenta,Spring,3.0,No,Store Pickup,No,No,30.0,Venmo,Weekly,4
2853,2854,37.0,Female,Hat,Accessories,48,Pennsylvania,M,Magenta,Winter,3.2,No,Next Day Air,No,No,9.0,PayPal,Weekly,2
2854,2855,,Female,Sandals,Footwear,28,Delaware,M,Beige,Fall,,No,,No,No,,Venmo,,1
2855,2856,,Female,Boots,Footwear,95,Mississippi,S,Maroon,Winter,,No,,No,No,,PayPal,,3
2856,2857,65.0,Female,Jacket,Outerwear,48,Iowa,M,Indigo,Winter,3.5,No,2-Day Shipping,No,No,31.0,Credit Card,Monthly,4
2857,2858,,Female,Dress,Clothing,93,Utah,S,Maroon,Spring,,No,,No,No,,Debit Card,,2
2858,2859,,Female,Jeans,Clothing,87,Maryland,L,Teal,Summer,,No,,No,No,,Bank Transfer,,3
2859,2860,,Female,Shorts,Clothing,32,Utah,L,Yellow,Fall,,No,,No,No,,Bank Transfer,,3
2860,2861,28.0,Female,Shirt,Clothing,38,Rhode Island,M,Gold,Spring,2.9,No,Next Day Air,No,No,49.0,Bank Transfer,Weekly,2
2861,2862,66.0,Female,Coat,Outerwear,54,Maryland,M,Teal,Fall,3.4,No,Free Shipping,No,No,27.0,Credit Card,Monthly,3
2862,2863,68.0,Female,Coat,Outerwear,75,Hawaii,S,Violet,Summer,4.7,No,Store Pickup,No,No,5.0,Bank Transfer,Every 3 Months,4
2863,2864,37.0,Female,T-shirt,Clothing,56,Connecticut,M,Yellow,Fall,3.9,No,2-Day Shipping,No,No,18.0,Venmo,Monthly,3
2864,2865,58.0,Female,Sweater,Clothing,43,Illinois,S,Maroon,Fall,3.6,No,Store Pickup,No,No,31.0,Venmo,Weekly,1
2865,2866,28.0,Female,Skirt,Clothing,97,California,M,Silver,Fall,3.7,No,Free Shipping,No,No,27.0,Cash,Fortnightly,1
2866,2867,,Female,Blouse,Clothing,75,Connecticut,S,Violet,Summer,,No,,No,No,,Cash,,4
2867,2868,,Female,Sneakers,Footwear,55,Colorado,L,White,Summer,,No,,No,No,,Cash,,1
2868,2869,45.0,Female,Backpack,Accessories,49,Colorado,M,Black,Winter,2.6,No,Next Day Air,No,No,42.0,PayPal,Every 3 Months,1
2869,2870,57.0,Female,Socks,Clothing,58,Georgia,M,White,Summer,4.2,No,Standard,No,No,16.0,Bank Transfer,Weekly,1
2870,2871,47.0,Female,Jewelry,Accessories,34,North Dakota,M,Blue,Winter,4.8,No,Free Shipping,No,No,49.0,Debit Card,Every 3 Months,3
2871,2872,46.0,Female,Shorts,Clothing,43,Idaho,S,Black,Summer,2.7,No,2-Day Shipping,No,No,40.0,Venmo,Bi-Weekly,1
2872,2873,63.0,Female,Jewelry,Accessories,48,Connecticut,L,Olive,Fall,2.6,No,Next Day Air,No,No,5.0,Cash,Annually,3
2873,2874,44.0,Female,Sweater,Clothing,40,Montana,M,Teal,Spring,2.6,No,Free Shipping,No,No,8.0,Bank Transfer,Monthly,3
2874,2875,36.0,Female,Shirt,Clothing,29,Colorado,L,Silver,Summer,3.1,No,Standard,No,No,2.0,Debit Card,Annually,2
2875,2876,24.0,Female,Pants,Clothing,81,Kentucky,M,Pink,Fall,2.6,No,Free Shipping,No,No,14.0,Debit Card,Weekly,4
2876,2877,,Female,Hoodie,Clothing,84,New Mexico,M,Charcoal,Spring,,No,,No,No,,Bank Transfer,,1
2877,2878,32.0,Female,Socks,Clothing,46,New Jersey,M,Silver,Summer,3.6,No,Standard,No,No,34.0,Venmo,Monthly,1
2878,2879,63.0,Female,Dress,Clothing,86,California,L,Turquoise,Summer,4.3,No,Next Day Air,No,No,13.0,Bank Transfer,Annually,1
2879,2880,62.0,Female,Blouse,Clothing,57,North Dakota,XL,Turquoise,Winter,4.9,No,Free Shipping,No,No,31.0,Venmo,Annually,1
2880,2881,19.0,Female,Skirt,Clothing,61,Florida,L,Beige,Winter,4.8,No,Store Pickup,No,No,43.0,PayPal,,3
2881,2882,38.0,Female,Backpack,Accessories,90,Texas,M,Cyan,Winter,4.2,No,Free Shipping,No,No,6.0,Bank Transfer,Annually,3
2882,2883,59.0,Female,Blouse,Clothing,51,Oklahoma,L,Gold,Winter,2.6,No,Store Pickup,No,No,23.0,Credit Card,Bi-Weekly,3
2883,2884,22.0,Female,Socks,Clothing,48,Rhode Island,XL,Silver,Spring,3.2,No,Standard,No,No,10.0,PayPal,Weekly,2
2884,2885,55.0,Female,Boots,Footwear,50,Arkansas,M,Purple,Summer,3.4,No,2-Day Shipping,No,No,47.0,Credit Card,Every 3 Months,4
2885,2886,29.0,Female,Backpack,Accessories,82,Nevada,M,Yellow,Summer,3.5,No,Next Day Air,No,No,14.0,Credit Card,Bi-Weekly,1
2886,2887,42.0,Female,Hat,Accessories,33,Utah,L,Blue,Spring,4.2,No,Free Shipping,No,No,29.0,PayPal,Weekly,1
2887,2888,23.0,Female,Sandals,Footwear,28,Kentucky,L,Blue,Winter,2.8,No,Express,No,No,12.0,Cash,Bi-Weekly,4
2888,2889,70.0,Female,Hoodie,Clothing,42,Wisconsin,L,Green,Spring,5.0,No,2-Day Shipping,No,No,25.0,Debit Card,Quarterly,4
2889,2890,,Female,Sunglasses,Accessories,43,Minnesota,M,Charcoal,Fall,,No,,No,No,,Venmo,,3
2890,2891,39.0,Female,Jeans,Clothing,55,North Dakota,M,Violet,Winter,3.7,No,Free Shipping,No,No,23.0,Credit Card,Monthly,3
2891,2892,,Female,T-shirt,Clothing,73,Ohio,XL,Black,Winter,,No,Free Shipping,No,No,,PayPal,,3
2892,2893,22.0,Female,Dress,Clothing,39,Nevada,M,Teal,Spring,3.2,No,Standard,No,No,47.0,Credit Card,Monthly,3
2893,2894,69.0,Female,Belt,Accessories,20,Kentucky,S,Orange,Spring,3.1,No,Free Shipping,No,No,44.0,Debit Card,Every 3 Months,1
2894,2895,35.0,Female,Jewelry,Accessories,32,Kentucky,S,Brown,Spring,3.5,No,Standard,No,No,41.0,Venmo,Annually,4
2895,2896,56.0,Female,Hoodie,Clothing,86,Montana,L,Green,Summer,4.6,No,Standard,No,No,29.0,Bank Transfer,Monthly,1
2896,2897,30.0,Female,Blouse,Clothing,91,Delaware,M,Silver,Summer,3.3,No,Free Shipping,No,No,2.0,Venmo,Every 3 Months,4
2897,2898,43.0,Female,Jacket,Outerwear,59,Montana,L,Violet,Fall,2.5,No,Free Shipping,No,No,2.0,Cash,Fortnightly,2
2898,2899,23.0,Female,Sneakers,Footwear,33,New Jersey,XL,Peach,Summer,4.6,No,Express,No,No,29.0,Credit Card,Annually,2
2899,2900,50.0,Female,Boots,Footwear,64,Nebraska,M,Gold,Spring,4.2,No,2-Day Shipping,No,No,22.0,Bank Transfer,Fortnightly,4
2900,2901,41.0,Female,Blouse,Clothing,67,Maryland,XL,Violet,Winter,4.0,No,Standard,No,No,23.0,Cash,Bi-Weekly,3
2901,2902,41.0,Female,Blouse,Clothing,43,Alabama,L,Olive,Winter,2.6,No,Free Shipping,No,No,46.0,Credit Card,Quarterly,1
2902,2903,,Female,Boots,Footwear,32,North Carolina,S,Orange,Spring,4.6,No,Standard,No,No,19.0,PayPal,,2
2903,2904,38.0,Female,Scarf,Accessories,39,Delaware,S,Teal,Spring,3.5,No,2-Day Shipping,No,No,24.0,Credit Card,Every 3 Months,3
2904,2905,41.0,Female,Sandals,Footwear,41,Iowa,M,Gray,Spring,4.0,No,2-Day Shipping,No,No,43.0,Venmo,Monthly,2
2905,2906,58.0,Female,Sunglasses,Accessories,53,New York,L,Black,Winter,4.8,No,Standard,No,No,14.0,Debit Card,Fortnightly,4
2906,2907,58.0,Female,Coat,Outerwear,27,Virginia,M,Indigo,Spring,3.9,No,Standard,No,No,7.0,Venmo,Annually,1
2907,2908,19.0,Female,Sunglasses,Accessories,82,Maryland,XL,Lavender,Summer,3.7,No,Next Day Air,No,No,50.0,PayPal,Bi-Weekly,4
2908,2909,43.0,Female,Blouse,Clothing,87,Texas,M,Beige,Winter,3.1,No,Store Pickup,No,No,15.0,Debit Card,Every 3 Months,2
2909,2910,27.0,Female,Backpack,Accessories,78,Louisiana,M,Indigo,Winter,3.0,No,Next Day Air,No,No,40.0,Credit Card,Every 3 Months,2
2910,2911,32.0,Female,Belt,Accessories,32,Mississippi,M,Blue,Summer,2.9,No,Store Pickup,No,No,41.0,Credit Card,Monthly,2
2911,2912,28.0,Female,Socks,Clothing,38,Ohio,XL,Orange,Fall,2.9,No,Next Day Air,No,No,34.0,Venmo,Quarterly,3
2912,2913,48.0,Female,Shoes,Footwear,37,Oregon,M,Yellow,Winter,4.0,No,Standard,No,No,27.0,Cash,Bi-Weekly,1
2913,2914,43.0,Female,Coat,Outerwear,83,Wyoming,L,Cyan,Winter,3.5,No,Express,No,No,12.0,Cash,Every 3 Months,2
2914,2915,45.0,Female,Sweater,Clothing,72,Pennsylvania,M,Yellow,Fall,3.8,No,Express,No,No,1.0,Debit Card,Bi-Weekly,1
2915,2916,,Female,Shirt,Clothing,30,Oregon,M,Cyan,Fall,,No,,No,No,,Debit Card,,1
2916,2917,62.0,Female,Shorts,Clothing,66,Oklahoma,M,Green,Winter,2.7,No,Express,No,No,13.0,Credit Card,Bi-Weekly,3
2917,2918,58.0,Female,Shirt,Clothing,45,Colorado,XL,White,Winter,2.9,No,Store Pickup,No,No,50.0,Venmo,Annually,4
2918,2919,19.0,Female,Sunglasses,Accessories,73,New York,S,Black,Fall,4.9,No,Free Shipping,No,No,36.0,Cash,Weekly,1
2919,2920,64.0,Female,Shoes,Footwear,67,Minnesota,L,Charcoal,Winter,3.8,No,Standard,No,No,31.0,Debit Card,Monthly,4
2920,2921,33.0,Female,Sunglasses,Accessories,72,Texas,XL,Brown,Spring,4.9,No,Free Shipping,No,No,3.0,Debit Card,Bi-Weekly,3
2921,2922,,Female,Handbag,Accessories,24,Wisconsin,M,Cyan,Fall,,No,,No,No,,Cash,,1
2922,2923,45.0,Female,Sunglasses,Accessories,68,Kentucky,L,Beige,Winter,3.5,No,Express,No,No,16.0,PayPal,Quarterly,2
2923,2924,28.0,Female,Shirt,Clothing,70,Pennsylvania,M,Magenta,Spring,4.2,No,2-Day Shipping,No,No,12.0,Cash,Quarterly,1
2924,2925,47.0,Female,Shirt,Clothing,64,Rhode Island,L,Indigo,Winter,3.7,No,Free Shipping,No,No,37.0,Debit Card,,3
2925,2926,54.0,Female,Sweater,Clothing,91,Illinois,M,Maroon,Spring,2.8,No,Store Pickup,No,No,43.0,Credit Card,Every 3 Months,3
2926,2927,64.0,Female,Handbag,Accessories,82,Maryland,M,Gray,Winter,4.8,No,2-Day Shipping,No,No,9.0,Cash,Weekly,3
2927,2928,45.0,Female,Shirt,Clothing,24,Missouri,M,Black,Summer,2.7,No,Express,No,No,15.0,Venmo,Bi-Weekly,3
2928,2929,40.0,Female,Jewelry,Accessories,80,Alabama,L,Yellow,Spring,3.6,No,Store Pickup,No,No,17.0,Credit Card,Weekly,3
2929,2930,,Female,Socks,Clothing,53,Maine,XL,White,Winter,,No,Next Day Air,No,No,,Venmo,,1
2930,2931,38.0,Female,T-shirt,Clothing,50,Mississippi,M,Orange,Spring,4.0,No,Free Shipping,No,No,14.0,Venmo,Monthly,3
2931,2932,36.0,Female,Jewelry,Accessories,31,Alabama,M,Magenta,Fall,4.5,No,2-Day Shipping,No,No,49.0,Credit Card,Bi-Weekly,3
2932,2933,65.0,Female,Backpack,Accessories,88,Alaska,L,Black,Spring,3.9,No,Express,No,No,3.0,PayPal,Quarterly,4
2933,2934,27.0,Female,Hat,Accessories,52,Illinois,M,Brown,Summer,3.8,No,Standard,No,No,28.0,Venmo,Monthly,3
2934,2935,38.0,Female,Gloves,Accessories,22,Idaho,M,Orange,Fall,4.7,No,Next Day Air,No,No,41.0,Bank Transfer,Quarterly,3
2935,2936,,Female,Sneakers,Footwear,27,North Carolina,XL,Gray,Spring,,No,,No,No,,Venmo,,3
2936,2937,31.0,Female,Skirt,Clothing,34,Washington,M,White,Spring,3.6,No,Express,No,No,46.0,PayPal,Weekly,2
2937,2938,28.0,Female,Handbag,Accessories,39,West Virginia,M,White,Spring,4.3,No,2-Day Shipping,No,No,15.0,Credit Card,Weekly,1
2938,2939,28.0,Female,Sunglasses,Accessories,53,Maine,M,Violet,Fall,3.0,No,Standard,No,No,15.0,Cash,Monthly,1
2939,2940,32.0,Female,Sweater,Clothing,46,Kentucky,M,Beige,Winter,4.3,No,Express,No,No,34.0,Venmo,Weekly,3
2940,2941,,Female,Handbag,Accessories,85,Massachusetts,L,Beige,Summer,,No,,No,No,,Cash,,3
2941,2942,38.0,Female,Skirt,Clothing,86,Pennsylvania,L,Purple,Spring,3.7,No,Free Shipping,No,No,27.0,PayPal,Monthly,3
2942,2943,54.0,Female,Socks,Clothing,63,Hawaii,M,Brown,Summer,2.6,No,Free Shipping,No,No,37.0,Bank Transfer,Weekly,1
2943,2944,,Female,Shirt,Clothing,44,Virginia,M,Orange,Spring,,No,,No,No,,Credit Card,,4
2944,2945,50.0,Female,Sneakers,Footwear,95,New York,XL,Cyan,Summer,3.9,No,Free Shipping,No,No,4.0,Venmo,Every 3 Months,4
2945,2946,32.0,Female,Belt,Accessories,49,Delaware,M,Charcoal,Summer,4.8,No,Free Shipping,No,No,1.0,Credit Card,Every 3 Months,3
2946,2947,38.0,Female,Pants,Clothing,77,Hawaii,L,Purple,Spring,2.8,No,Free Shipping,No,No,29.0,Bank Transfer,Quarterly,4
2947,2948,52.0,Female,Jewelry,Accessories,63,Nebraska,L,Peach,Spring,4.4,No,Standard,No,No,50.0,Venmo,Annually,2
2948,2949,61.0,Female,Pants,Clothing,83,Vermont,M,Violet,Winter,3.1,No,Standard,No,No,38.0,Debit Card,Bi-Weekly,2
2949,2950,25.0,Female,Jewelry,Accessories,93,Iowa,M,Peach,Spring,3.8,No,Store Pickup,No,No,15.0,PayPal,Annually,1
2950,2951,22.0,Female,Jeans,Clothing,91,Iowa,S,Maroon,Winter,4.1,No,2-Day Shipping,No,No,44.0,Debit Card,Every 3 Months,3
2951,2952,47.0,Female,Scarf,Accessories,99,Arkansas,L,Maroon,Fall,4.6,No,Free Shipping,No,No,14.0,Cash,Weekly,2
2952,2953,50.0,Female,Belt,Accessories,24,Alabama,M,Peach,Spring,4.9,No,Next Day Air,No,No,5.0,Debit Card,Monthly,2
2953,2954,45.0,Female,Dress,Clothing,82,Maryland,M,Silver,Summer,4.8,No,Next Day Air,No,No,11.0,Credit Card,Annually,1
2954,2955,,Female,T-shirt,Clothing,28,South Dakota,M,Indigo,Winter,,No,,No,No,,Credit Card,,1
2955,2956,42.0,Female,Boots,Footwear,67,Vermont,M,Silver,Winter,2.6,No,Free Shipping,No,No,46.0,Credit Card,Annually,1
2956,2957,52.0,Female,Dress,Clothing,88,Montana,M,Olive,Fall,3.7,No,Standard,No,No,30.0,Venmo,Monthly,4
2957,2958,69.0,Female,Jewelry,Accessories,70,South Dakota,S,Gray,Fall,4.7,No,Standard,No,No,2.0,Cash,Annually,4
2958,2959,55.0,Female,Skirt,Clothing,100,Ohio,M,Black,Summer,4.5,No,Standard,No,No,28.0,PayPal,Monthly,4
2959,2960,38.0,Female,Handbag,Accessories,28,Texas,L,Maroon,Summer,4.7,No,Free Shipping,No,No,9.0,PayPal,Quarterly,2
2960,2961,57.0,Female,Coat,Outerwear,48,Indiana,S,Olive,Spring,3.6,No,Standard,No,No,47.0,Credit Card,Weekly,4
2961,2962,33.0,Female,Hoodie,Clothing,43,New Hampshire,S,Gold,Fall,2.8,No,Free Shipping,No,No,21.0,Debit Card,Bi-Weekly,2
2962,2963,57.0,Female,Pants,Clothing,40,California,L,Pink,Fall,4.0,No,Express,No,No,42.0,Credit Card,,2
2963,2964,52.0,Female,Boots,Footwear,97,Maine,M,Brown,Spring,3.6,No,Free Shipping,No,No,28.0,Credit Card,Weekly,4
2964,2965,44.0,Female,Coat,Outerwear,25,Ohio,S,White,Fall,3.8,No,2-Day Shipping,No,No,13.0,Venmo,Fortnightly,4
2965,2966,48.0,Female,Scarf,Accessories,45,Delaware,M,Blue,Summer,4.4,No,Standard,No,No,25.0,PayPal,Fortnightly,2
2966,2967,52.0,Female,Boots,Footwear,49,Oklahoma,L,Orange,Fall,2.8,No,Store Pickup,No,No,38.0,Debit Card,Every 3 Months,4
2967,2968,34.0,Female,Sneakers,Footwear,36,Indiana,L,Silver,Summer,3.4,No,Free Shipping,No,No,40.0,Venmo,Annually,2
2968,2969,26.0,Female,Sweater,Clothing,48,South Carolina,S,Gray,Fall,4.9,No,Express,No,No,25.0,Cash,,1
2969,2970,36.0,Female,Belt,Accessories,62,Vermont,S,Blue,Fall,4.3,No,Next Day Air,No,No,20.0,Cash,Every 3 Months,4
2970,2971,24.0,Female,Jewelry,Accessories,74,Kansas,M,White,Winter,3.4,No,Free Shipping,No,No,44.0,Credit Card,Bi-Weekly,3
2971,2972,30.0,Female,Handbag,Accessories,100,Utah,L,Yellow,Fall,3.9,No,Next Day Air,No,No,9.0,PayPal,Every 3 Months,1
2972,2973,31.0,Female,Jacket,Outerwear,39,New York,S,Indigo,Fall,4.2,No,Free Shipping,No,No,11.0,Venmo,Every 3 Months,1
2973,2974,25.0,Female,Boots,Footwear,65,Indiana,M,Blue,Summer,2.7,No,Store Pickup,No,No,3.0,Bank Transfer,Fortnightly,1
2974,2975,,Female,Sneakers,Footwear,99,Tennessee,XL,Peach,Summer,,No,,No,No,,Credit Card,,4
2975,2976,61.0,Female,Scarf,Accessories,68,Georgia,XL,Lavender,Winter,4.5,No,2-Day Shipping,No,No,48.0,Cash,Every 3 Months,1
2976,2977,30.0,Female,Coat,Outerwear,97,Nebraska,M,Silver,Summer,2.8,No,Express,No,No,28.0,Cash,Fortnightly,2
2977,2978,38.0,Female,Shorts,Clothing,47,Washington,L,Gold,Winter,3.4,No,Standard,No,No,20.0,Venmo,Annually,3
2978,2979,53.0,Female,Shorts,Clothing,56,Idaho,S,Cyan,Spring,3.9,No,Free Shipping,No,No,49.0,Bank Transfer,Fortnightly,3
2979,2980,31.0,Female,Jeans,Clothing,91,Louisiana,L,Olive,Fall,2.6,No,Next Day Air,No,No,14.0,PayPal,Weekly,1
2980,2981,70.0,Female,Gloves,Accessories,93,New Jersey,L,Teal,Fall,4.4,No,2-Day Shipping,No,No,9.0,Bank Transfer,Monthly,2
2981,2982,,Female,Pants,Clothing,36,Delaware,L,Pink,Winter,,No,,No,No,,Venmo,,3
2982,2983,33.0,Female,Dress,Clothing,45,Wisconsin,M,Orange,Summer,3.6,No,Store Pickup,No,No,4.0,Credit Card,Weekly,3
2983,2984,60.0,Female,Pants,Clothing,44,West Virginia,M,Charcoal,Winter,2.8,No,2-Day Shipping,No,No,1.0,Credit Card,Quarterly,3
2984,2985,,Female,Gloves,Accessories,32,Texas,L,Red,Spring,4.3,No,2-Day Shipping,No,No,36.0,Debit Card,,1
2985,2986,,Female,Belt,Accessories,36,Hawaii,S,Teal,Summer,,No,,No,No,,Cash,,1
2986,2987,,Female,Belt,Accessories,85,Arizona,S,Silver,Summer,3.3,No,2-Day Shipping,No,No,16.0,Credit Card,,4
2987,2988,,Female,Skirt,Clothing,36,Louisiana,L,Black,Winter,,No,,No,No,,Cash,,3
2988,2989,69.0,Female,Socks,Clothing,55,Nevada,S,Pink,Spring,5.0,No,2-Day Shipping,No,No,31.0,Debit Card,Monthly,4
2989,2990,46.0,Female,Belt,Accessories,20,Rhode Island,XL,Teal,Summer,4.3,No,2-Day Shipping,No,No,6.0,Credit Card,Weekly,1
2990,2991,69.0,Female,Shirt,Clothing,91,Illinois,M,Teal,Fall,4.2,No,Free Shipping,No,No,24.0,Venmo,Monthly,2
2991,2992,66.0,Female,Dress,Clothing,71,Utah,L,Green,Summer,3.9,No,Standard,No,No,7.0,PayPal,Bi-Weekly,1
2992,2993,41.0,Female,Socks,Clothing,64,North Dakota,M,Charcoal,Spring,3.9,No,Store Pickup,No,No,25.0,Venmo,Weekly,1
2993,2994,32.0,Female,Jacket,Outerwear,21,Kansas,L,Indigo,Spring,4.2,No,Free Shipping,No,No,18.0,Cash,Bi-Weekly,4
2994,2995,69.0,Female,Sweater,Clothing,100,Nevada,S,White,Winter,3.5,No,Store Pickup,No,No,14.0,Bank Transfer,Quarterly,1
2995,2996,29.0,Female,Jeans,Clothing,96,Virginia,M,Orange,Summer,2.5,No,Standard,No,No,42.0,Debit Card,Bi-Weekly,3
2996,2997,70.0,Female,Jewelry,Accessories,91,Utah,M,White,Spring,2.9,No,Express,No,No,6.0,Venmo,Every 3 Months,4
2997,2998,,Female,Sweater,Clothing,40,Idaho,S,Yellow,Spring,2.7,No,Next Day Air,No,No,14.0,Venmo,,1
2998,2999,,Female,Hoodie,Clothing,53,Alaska,M,Red,Summer,,No,,No,No,,Debit Card,,1
2999,3000,31.0,Female,Sunglasses,Accessories,48,New Hampshire,S,Charcoal,Winter,3.8,No,Standard,No,No,10.0,Cash,Monthly,1
3000,3001,57.0,Female,Sandals,Footwear,70,Ohio,M,Lavender,Winter,3.7,No,Express,No,No,7.0,PayPal,Weekly,3
3001,3002,29.0,Female,Coat,Outerwear,29,Montana,L,Charcoal,Summer,4.7,No,Express,No,No,28.0,Credit Card,Quarterly,2
3002,3003,70.0,Female,Belt,Accessories,29,Louisiana,M,Maroon,Fall,3.6,No,Next Day Air,No,No,19.0,Bank Transfer,Quarterly,2
3003,3004,51.0,Female,Blouse,Clothing,53,Oregon,M,Brown,Fall,2.8,No,Express,No,No,13.0,Credit Card,Every 3 Months,2
3004,3005,45.0,Female,Skirt,Clothing,79,Arizona,M,Lavender,Winter,3.7,No,Store Pickup,No,No,23.0,Venmo,Fortnightly,1
3005,3006,18.0,Female,Shorts,Clothing,65,Alaska,XL,Brown,Spring,3.5,No,Express,No,No,5.0,Venmo,Weekly,3
3006,3007,37.0,Female,Dress,Clothing,99,Utah,M,Olive,Summer,3.7,No,Store Pickup,No,No,17.0,Venmo,Bi-Weekly,3
3007,3008,23.0,Female,Sunglasses,Accessories,60,New York,L,Lavender,Winter,3.0,No,Next Day Air,No,No,31.0,Venmo,Weekly,4
3008,3009,39.0,Female,Shoes,Footwear,86,New Mexico,M,Gold,Winter,4.9,No,Free Shipping,No,No,19.0,PayPal,Weekly,3
3009,3010,62.0,Female,Belt,Accessories,73,Louisiana,M,Silver,Winter,4.6,No,Free Shipping,No,No,8.0,Venmo,Fortnightly,1
3010,3011,,Female,Belt,Accessories,45,Ohio,M,Violet,Winter,,No,,No,No,,Credit Card,,3
3011,3012,20.0,Female,Belt,Accessories,70,Nevada,S,Brown,Summer,3.0,No,Next Day Air,No,No,18.0,Credit Card,Every 3 Months,3
3012,3013,,Female,Belt,Accessories,65,Idaho,M,Teal,Fall,,No,Standard,No,No,,PayPal,,4
3013,3014,41.0,Female,Skirt,Clothing,55,Arizona,L,Peach,Summer,4.2,No,Store Pickup,No,No,13.0,Cash,Monthly,4
3014,3015,24.0,Female,T-shirt,Clothing,65,Utah,M,Maroon,Spring,4.5,No,Express,No,No,38.0,PayPal,Every 3 Months,3
3015,3016,,Female,Scarf,Accessories,21,Wyoming,XL,Lavender,Spring,,No,,No,No,,Bank Transfer,,4
3016,3017,30.0,Female,Blouse,Clothing,26,Indiana,L,Lavender,Summer,4.9,No,Store Pickup,No,No,31.0,Bank Transfer,Quarterly,3
3017,3018,58.0,Female,Sunglasses,Accessories,71,Wisconsin,S,Purple,Summer,3.3,No,Next Day Air,No,No,24.0,Cash,Bi-Weekly,1
3018,3019,43.0,Female,Boots,Footwear,41,Texas,M,Green,Summer,3.0,No,Free Shipping,No,No,21.0,Debit Card,Bi-Weekly,1
3019,3020,19.0,Female,Jacket,Outerwear,44,Utah,M,Yellow,Winter,3.9,No,2-Day Shipping,No,No,15.0,PayPal,Annually,1
3020,3021,23.0,Female,Jeans,Clothing,81,Arkansas,S,Charcoal,Fall,2.8,No,Store Pickup,No,No,48.0,Venmo,Every 3 Months,1
3021,3022,65.0,Female,Sunglasses,Accessories,77,Pennsylvania,S,Blue,Summer,4.5,No,2-Day Shipping,No,No,47.0,Cash,Quarterly,4
3022,3023,58.0,Female,Sandals,Footwear,26,Georgia,M,Lavender,Fall,4.0,No,Free Shipping,No,No,23.0,PayPal,Weekly,2
3023,3024,50.0,Female,Backpack,Accessories,31,Indiana,M,Brown,Summer,2.9,No,Express,No,No,4.0,PayPal,Quarterly,1
3024,3025,67.0,Female,Blouse,Clothing,82,Idaho,S,White,Spring,4.0,No,Free Shipping,No,No,47.0,Credit Card,Every 3 Months,4
3025,3026,40.0,Female,Shoes,Footwear,60,Montana,XL,Green,Summer,3.4,No,Store Pickup,No,No,7.0,PayPal,Monthly,4
3026,3027,55.0,Female,Shirt,Clothing,70,Tennessee,L,Magenta,Fall,2.5,No,Free Shipping,No,No,6.0,Credit Card,Annually,4
3027,3028,52.0,Female,Hoodie,Clothing,26,West Virginia,XL,Peach,Winter,2.8,No,2-Day Shipping,No,No,47.0,Credit Card,Quarterly,2
3028,3029,62.0,Female,Dress,Clothing,100,California,L,Charcoal,Summer,3.0,No,Free Shipping,No,No,7.0,PayPal,Every 3 Months,2
3029,3030,64.0,Female,Dress,Clothing,82,Georgia,M,Gold,Summer,3.1,No,Free Shipping,No,No,1.0,Debit Card,Quarterly,2
3030,3031,43.0,Female,Sneakers,Footwear,24,Maryland,XL,Purple,Spring,2.6,No,2-Day Shipping,No,No,23.0,Credit Card,Weekly,4
3031,3032,61.0,Female,Blouse,Clothing,74,Idaho,L,Teal,Summer,4.9,No,2-Day Shipping,No,No,30.0,Credit Card,Monthly,2
3032,3033,,Female,Backpack,Accessories,58,California,XL,Green,Summer,,No,,No,No,,Credit Card,,3
3033,3034,,Female,Sweater,Clothing,56,Alabama,L,Orange,Spring,,No,,No,No,,PayPal,,1
3034,3035,51.0,Female,Boots,Footwear,37,Utah,L,Peach,Spring,3.5,No,2-Day Shipping,No,No,25.0,Credit Card,Quarterly,3
3035,3036,69.0,Female,Handbag,Accessories,64,Kentucky,M,Gold,Spring,4.5,No,Free Shipping,No,No,18.0,Cash,Bi-Weekly,2
3036,3037,,Female,Hoodie,Clothing,58,Vermont,S,Violet,Spring,,No,,No,No,,Venmo,,1
3037,3038,51.0,Female,Belt,Accessories,44,Iowa,L,Charcoal,Summer,4.8,No,Next Day Air,No,No,2.0,Cash,Annually,2
3038,3039,56.0,Female,Jewelry,Accessories,39,Georgia,M,Brown,Summer,4.2,No,Free Shipping,No,No,36.0,Debit Card,Annually,1
3039,3040,59.0,Female,Blouse,Clothing,48,Alabama,L,Blue,Spring,3.2,No,Next Day Air,No,No,31.0,PayPal,,4
3040,3041,18.0,Female,Handbag,Accessories,32,Nebraska,M,Gold,Fall,4.1,No,Express,No,No,10.0,Cash,Fortnightly,1
3041,3042,48.0,Female,Handbag,Accessories,79,Rhode Island,M,Orange,Winter,4.0,No,Express,No,No,27.0,PayPal,Monthly,2
3042,3043,,Female,Coat,Outerwear,27,South Dakota,L,Turquoise,Winter,,No,,No,No,,PayPal,,1
3043,3044,,Female,Belt,Accessories,98,Illinois,S,Peach,Fall,,No,,No,No,,Credit Card,,1
3044,3045,,Female,Boots,Footwear,67,North Carolina,M,Magenta,Winter,2.7,No,Free Shipping,No,No,10.0,Bank Transfer,,1
3045,3046,42.0,Female,Socks,Clothing,37,Florida,L,Black,Winter,4.6,No,2-Day Shipping,No,No,4.0,PayPal,,1
3046,3047,60.0,Female,Shoes,Footwear,49,Pennsylvania,M,White,Spring,3.2,No,Store Pickup,No,No,25.0,Cash,Every 3 Months,4
3047,3048,,Female,Sneakers,Footwear,74,Vermont,M,Violet,Fall,,No,,No,No,,PayPal,,1
3048,3049,69.0,Female,Jewelry,Accessories,93,Colorado,M,Olive,Summer,3.9,No,Standard,No,No,47.0,Venmo,Fortnightly,1
3049,3050,40.0,Female,Handbag,Accessories,60,Utah,L,Red,Summer,3.0,No,Next Day Air,No,No,41.0,Bank Transfer,Bi-Weekly,4
3050,3051,31.0,Female,Coat,Outerwear,76,Kentucky,S,Green,Spring,3.6,No,Standard,No,No,28.0,Venmo,Every 3 Months,2
3051,3052,44.0,Female,Sunglasses,Accessories,64,Wyoming,L,Gold,Summer,4.6,No,Express,No,No,49.0,Debit Card,Every 3 Months,3
3052,3053,,Female,Shoes,Footwear,38,Maine,XL,Olive,Spring,,No,,No,No,,Bank Transfer,,1
3053,3054,32.0,Female,Shoes,Footwear,91,Maine,L,Brown,Winter,3.2,No,Next Day Air,No,No,22.0,Bank Transfer,Monthly,1
3054,3055,42.0,Female,Boots,Footwear,70,New Hampshire,S,Magenta,Summer,4.9,No,2-Day Shipping,No,No,34.0,Venmo,Monthly,1
3055,3056,27.0,Female,Sandals,Footwear,22,Kansas,M,Violet,Fall,5.0,No,Standard,No,No,5.0,Debit Card,Bi-Weekly,4
3056,3057,69.0,Female,Gloves,Accessories,59,New Jersey,M,Beige,Spring,3.8,No,Standard,No,No,15.0,Cash,Bi-Weekly,1
3057,3058,,Female,Backpack,Accessories,22,North Carolina,M,Blue,Spring,,No,,No,No,,Bank Transfer,,3
3058,3059,41.0,Female,Handbag,Accessories,74,West Virginia,S,Orange,Winter,3.8,No,Store Pickup,No,No,3.0,Bank Transfer,,4
3059,3060,46.0,Female,Sweater,Clothing,71,Kentucky,L,Maroon,Spring,3.2,No,Express,No,No,42.0,Credit Card,Quarterly,4
3060,3061,47.0,Female,Coat,Outerwear,80,California,S,Charcoal,Summer,4.7,No,Store Pickup,No,No,1.0,Venmo,Monthly,1
3061,3062,33.0,Female,T-shirt,Clothing,59,South Dakota,L,Olive,Fall,4.5,No,Express,No,No,20.0,PayPal,Every 3 Months,1
3062,3063,51.0,Female,Backpack,Accessories,96,California,L,Green,Fall,3.3,No,Standard,No,No,39.0,PayPal,Monthly,3
3063,3064,26.0,Female,Sunglasses,Accessories,43,Connecticut,L,Brown,Winter,3.9,No,Store Pickup,No,No,24.0,Credit Card,Fortnightly,2
3064,3065,22.0,Female,Belt,Accessories,76,Idaho,S,Cyan,Winter,3.6,No,Express,No,No,49.0,Bank Transfer,Quarterly,3
3065,3066,49.0,Female,Jacket,Outerwear,59,North Dakota,M,Beige,Fall,2.8,No,Store Pickup,No,No,7.0,Venmo,Bi-Weekly,2
3066,3067,58.0,Female,Skirt,Clothing,48,Michigan,L,Teal,Summer,4.3,No,Free Shipping,No,No,13.0,Venmo,Every 3 Months,2
3067,3068,70.0,Female,Belt,Accessories,22,Missouri,S,Gray,Spring,3.5,No,Free Shipping,No,No,2.0,Cash,Weekly,4
3068,3069,32.0,Female,Boots,Footwear,40,California,M,Indigo,Winter,4.2,No,Express,No,No,4.0,Debit Card,Weekly,1
3069,3070,62.0,Female,Jeans,Clothing,73,Delaware,L,Magenta,Spring,4.6,No,Express,No,No,17.0,Debit Card,Quarterly,3
3070,3071,,Female,Shoes,Footwear,26,Alabama,XL,Red,Fall,,No,Free Shipping,No,No,,PayPal,,3
3071,3072,,Female,Sweater,Clothing,41,New Hampshire,L,Turquoise,Spring,,No,,No,No,,PayPal,,1
3072,3073,26.0,Female,Jewelry,Accessories,98,New York,L,Peach,Spring,3.1,No,Standard,No,No,46.0,PayPal,Quarterly,1
3073,3074,58.0,Female,Shirt,Clothing,63,Oregon,L,White,Winter,3.6,No,Free Shipping,No,No,7.0,Debit Card,Bi-Weekly,4
3074,3075,,Female,Boots,Footwear,55,Massachusetts,L,Maroon,Winter,,No,,No,No,,Debit Card,,1
3075,3076,54.0,Female,Shorts,Clothing,90,Utah,XL,Beige,Winter,3.6,No,Standard,No,No,21.0,PayPal,Every 3 Months,4
3076,3077,,Female,Handbag,Accessories,46,New Hampshire,M,Blue,Summer,,No,,No,No,,Venmo,,1
3077,3078,60.0,Female,Sweater,Clothing,88,Illinois,S,Red,Spring,3.0,No,Store Pickup,No,No,33.0,Debit Card,Bi-Weekly,4
3078,3079,,Female,Belt,Accessories,95,Alaska,M,Blue,Spring,2.5,No,2-Day Shipping,No,No,24.0,Bank Transfer,,1
3079,3080,,Female,Belt,Accessories,31,Wyoming,M,Maroon,Fall,,No,,No,No,,Bank Transfer,,3
3080,3081,69.0,Female,Hoodie,Clothing,42,Colorado,L,Yellow,Spring,4.1,No,Next Day Air,No,No,5.0,Cash,Bi-Weekly,2
3081,3082,64.0,Female,Sneakers,Footwear,44,Vermont,L,Pink,Winter,4.9,No,Next Day Air,No,No,11.0,Credit Card,Weekly,4
3082,3083,,Female,T-shirt,Clothing,99,Utah,M,Maroon,Spring,,No,,No,No,,Bank Transfer,,4
3083,3084,22.0,Female,Pants,Clothing,20,Illinois,S,Purple,Summer,3.5,No,Store Pickup,No,No,28.0,PayPal,Quarterly,4
3084,3085,46.0,Female,Scarf,Accessories,37,Idaho,S,Indigo,Spring,3.2,No,Store Pickup,No,No,43.0,PayPal,Monthly,3
3085,3086,24.0,Female,Sweater,Clothing,50,Nevada,L,Gray,Winter,2.8,No,Store Pickup,No,No,10.0,Venmo,Every 3 Months,2
3086,3087,,Female,Handbag,Accessories,73,Utah,M,Lavender,Summer,,No,,No,No,,Venmo,,3
3087,3088,62.0,Female,Shirt,Clothing,84,North Carolina,M,Charcoal,Spring,3.1,No,Free Shipping,No,No,29.0,Bank Transfer,Monthly,4
3088,3089,34.0,Female,Dress,Clothing,64,Arkansas,M,Teal,Spring,3.3,No,Store Pickup,No,No,35.0,Bank Transfer,Quarterly,4
3089,3090,50.0,Female,Sandals,Footwear,21,North Carolina,L,Blue,Fall,4.6,No,Free Shipping,No,No,23.0,Cash,Bi-Weekly,1
3090,3091,29.0,Female,Shirt,Clothing,36,Texas,M,Peach,Summer,4.9,No,Store Pickup,No,No,15.0,Bank Transfer,Quarterly,2
3091,3092,68.0,Female,Dress,Clothing,81,Nevada,L,Orange,Winter,3.4,No,2-Day Shipping,No,No,46.0,Credit Card,Annually,1
3092,3093,52.0,Female,Sunglasses,Accessories,54,Utah,L,Silver,Fall,3.5,No,Next Day Air,No,No,14.0,Bank Transfer,Bi-Weekly,3
3093,3094,29.0,Female,Socks,Clothing,63,Pennsylvania,L,Red,Summer,4.8,No,Store Pickup,No,No,17.0,Cash,Every 3 Months,2
3094,3095,22.0,Female,Sandals,Footwear,59,Georgia,M,Gray,Summer,2.7,No,Store Pickup,No,No,9.0,Cash,Weekly,2
3095,3096,62.0,Female,Hat,Accessories,53,Minnesota,S,Beige,Fall,3.4,No,Standard,No,No,13.0,Venmo,Fortnightly,4
3096,3097,69.0,Female,Shirt,Clothing,63,Kansas,L,White,Winter,3.5,No,Next Day Air,No,No,20.0,Bank Transfer,Monthly,3
3097,3098,48.0,Female,Shoes,Footwear,33,Delaware,M,Silver,Fall,3.7,No,Free Shipping,No,No,39.0,Bank Transfer,Quarterly,4
3098,3099,,Female,Pants,Clothing,64,New Mexico,L,Cyan,Summer,,No,,No,No,,Bank Transfer,,1
3099,3100,42.0,Female,Shirt,Clothing,98,Michigan,S,Maroon,Fall,2.9,No,Free Shipping,No,No,21.0,Bank Transfer,Bi-Weekly,1
3100,3101,50.0,Female,Hat,Accessories,85,Vermont,L,Purple,Winter,3.9,No,Express,No,No,3.0,Bank Transfer,Weekly,1
3101,3102,32.0,Female,Jewelry,Accessories,82,Idaho,S,Brown,Summer,2.7,No,Express,No,No,9.0,PayPal,Fortnightly,1
3102,3103,51.0,Female,Jacket,Outerwear,85,South Dakota,M,Green,Summer,4.3,No,Standard,No,No,29.0,Cash,Bi-Weekly,1
3103,3104,27.0,Female,Shirt,Clothing,37,Illinois,S,Peach,Winter,3.0,No,2-Day Shipping,No,No,42.0,Bank Transfer,Weekly,4
3104,3105,43.0,Female,Pants,Clothing,56,Georgia,S,Turquoise,Summer,5.0,No,2-Day Shipping,No,No,41.0,Debit Card,Fortnightly,2
3105,3106,48.0,Female,Skirt,Clothing,33,Oregon,M,Olive,Fall,2.7,No,Express,No,No,17.0,Debit Card,Monthly,2
3106,3107,62.0,Female,Sandals,Footwear,57,Alabama,M,Yellow,Winter,4.7,No,Next Day Air,No,No,20.0,PayPal,Annually,2
3107,3108,65.0,Female,Blouse,Clothing,31,Hawaii,L,Gray,Winter,4.6,No,Standard,No,No,18.0,Credit Card,Bi-Weekly,1
3108,3109,50.0,Female,Socks,Clothing,69,Oregon,M,Purple,Fall,3.2,No,2-Day Shipping,No,No,7.0,PayPal,Monthly,4
3109,3110,60.0,Female,Jacket,Outerwear,92,Illinois,M,Gray,Winter,4.3,No,Free Shipping,No,No,47.0,Bank Transfer,Fortnightly,3
3110,3111,19.0,Female,Handbag,Accessories,46,Texas,L,Lavender,Fall,4.6,No,Next Day Air,No,No,2.0,Bank Transfer,Bi-Weekly,1
3111,3112,21.0,Female,Belt,Accessories,81,Kansas,XL,Indigo,Spring,4.9,No,Free Shipping,No,No,25.0,Debit Card,Quarterly,1
3112,3113,19.0,Female,Blouse,Clothing,97,Texas,S,Green,Fall,3.8,No,Express,No,No,26.0,Venmo,Annually,4
3113,3114,,Female,Shirt,Clothing,93,Nebraska,L,Green,Summer,2.6,No,Express,No,No,2.0,Debit Card,,4
3114,3115,21.0,Female,Handbag,Accessories,56,Arkansas,M,Olive,Spring,4.7,No,Store Pickup,No,No,45.0,Venmo,Bi-Weekly,1
3115,3116,26.0,Female,Scarf,Accessories,53,South Dakota,M,Charcoal,Fall,4.1,No,Free Shipping,No,No,9.0,Bank Transfer,Bi-Weekly,2
3116,3117,50.0,Female,Coat,Outerwear,66,Montana,L,Gray,Spring,3.7,No,Store Pickup,No,No,1.0,Venmo,Weekly,4
3117,3118,43.0,Female,Hoodie,Clothing,50,Florida,M,Olive,Fall,3.0,No,Free Shipping,No,No,4.0,PayPal,,3
3118,3119,61.0,Female,Shorts,Clothing,97,Virginia,L,Blue,Summer,4.7,No,Standard,No,No,31.0,Debit Card,Quarterly,1
3119,3120,63.0,Female,Sandals,Footwear,79,Louisiana,XL,Silver,Winter,4.7,No,2-Day Shipping,No,No,21.0,Credit Card,Every 3 Months,3
3120,3121,46.0,Female,Shirt,Clothing,76,Louisiana,M,Magenta,Fall,4.0,No,Store Pickup,No,No,32.0,Debit Card,Fortnightly,3
3121,3122,63.0,Female,Hoodie,Clothing,38,Louisiana,L,Black,Fall,2.6,No,Standard,No,No,16.0,Venmo,Weekly,3
3122,3123,,Female,Socks,Clothing,45,Georgia,M,Pink,Fall,,No,,No,No,,Credit Card,,4
3123,3124,57.0,Female,Handbag,Accessories,77,Iowa,XL,Red,Fall,3.3,No,Next Day Air,No,No,40.0,Venmo,Bi-Weekly,1
3124,3125,57.0,Female,Jewelry,Accessories,51,California,M,Peach,Summer,3.4,No,Standard,No,No,4.0,Cash,Every 3 Months,2
3125,3126,33.0,Female,Coat,Outerwear,26,Oregon,L,Lavender,Spring,4.0,No,Standard,No,No,3.0,Cash,Quarterly,4
3126,3127,,Female,Sunglasses,Accessories,76,Maine,L,Lavender,Winter,,No,,No,No,,Bank Transfer,,2
3127,3128,55.0,Female,Gloves,Accessories,94,Louisiana,M,Beige,Winter,3.4,No,Free Shipping,No,No,43.0,Credit Card,Every 3 Months,2
3128,3129,,Female,Jacket,Outerwear,32,Arkansas,S,Indigo,Fall,,No,Standard,No,No,,Cash,,4
3129,3130,,Female,Sandals,Footwear,20,Maryland,S,Cyan,Summer,,No,,No,No,,Venmo,,2
3130,3131,52.0,Female,Pants,Clothing,20,Vermont,M,Yellow,Summer,4.5,No,Store Pickup,No,No,34.0,Venmo,Every 3 Months,3
3131,3132,34.0,Female,Jacket,Outerwear,59,North Dakota,M,Peach,Fall,2.9,No,Store Pickup,No,No,11.0,Bank Transfer,Every 3 Months,4
3132,3133,,Female,Sweater,Clothing,97,Michigan,M,Yellow,Summer,,No,,No,No,,Cash,,1
3133,3134,58.0,Female,T-shirt,Clothing,68,Arkansas,M,Orange,Spring,4.1,No,Next Day Air,No,No,29.0,Cash,Bi-Weekly,4
3134,3135,35.0,Female,Boots,Footwear,66,Kentucky,L,Gray,Spring,4.4,No,Store Pickup,No,No,47.0,Bank Transfer,Weekly,3
3135,3136,,Female,Shoes,Footwear,85,Indiana,L,Yellow,Spring,,No,,No,No,,Venmo,,3
3136,3137,58.0,Female,Skirt,Clothing,32,Minnesota,M,Gray,Fall,3.1,No,Next Day Air,No,No,29.0,Cash,Bi-Weekly,3
3137,3138,,Female,Coat,Outerwear,44,Louisiana,M,Turquoise,Spring,2.7,No,2-Day Shipping,No,No,14.0,Bank Transfer,,4
3138,3139,47.0,Female,Blouse,Clothing,95,Kentucky,L,Gray,Fall,4.6,No,Next Day Air,No,No,40.0,Cash,Every 3 Months,2
3139,3140,35.0,Female,Sunglasses,Accessories,85,Georgia,M,Olive,Winter,4.4,No,Next Day Air,No,No,4.0,Venmo,Weekly,3
3140,3141,34.0,Female,Gloves,Accessories,44,Alaska,XL,Peach,Summer,4.6,No,Free Shipping,No,No,37.0,Bank Transfer,Weekly,3
3141,3142,36.0,Female,Sunglasses,Accessories,30,Mississippi,S,Peach,Winter,4.9,No,Express,No,No,47.0,Credit Card,,4
3142,3143,23.0,Female,Sneakers,Footwear,21,Kansas,L,Magenta,Winter,4.0,No,2-Day Shipping,No,No,1.0,Venmo,Quarterly,4
3143,3144,68.0,Female,Hoodie,Clothing,22,Arizona,M,Purple,Summer,2.9,No,Store Pickup,No,No,26.0,Cash,Quarterly,4
3144,3145,23.0,Female,Boots,Footwear,70,Maine,L,Beige,Spring,2.6,No,Free Shipping,No,No,12.0,Debit Card,Quarterly,3
3145,3146,57.0,Female,Handbag,Accessories,29,Texas,XL,Purple,Spring,4.6,No,Standard,No,No,16.0,PayPal,Fortnightly,1
3146,3147,21.0,Female,Shirt,Clothing,83,Virginia,S,Yellow,Winter,4.9,No,Free Shipping,No,No,19.0,PayPal,Annually,2
3147,3148,45.0,Female,Sweater,Clothing,99,North Dakota,M,Pink,Winter,4.3,No,Express,No,No,21.0,Credit Card,Weekly,4
3148,3149,37.0,Female,Shorts,Clothing,35,West Virginia,L,Purple,Fall,4.3,No,Free Shipping,No,No,15.0,Venmo,Weekly,1
3149,3150,18.0,Female,Belt,Accessories,40,North Carolina,M,Lavender,Winter,4.6,No,Free Shipping,No,No,9.0,Venmo,Annually,3
3150,3151,55.0,Female,Blouse,Clothing,25,Georgia,M,Peach,Spring,2.6,No,Express,No,No,7.0,Bank Transfer,,2
3151,3152,52.0,Female,T-shirt,Clothing,64,New Mexico,L,Orange,Fall,3.1,No,2-Day Shipping,No,No,47.0,Bank Transfer,Quarterly,3
3152,3153,49.0,Female,Belt,Accessories,90,North Carolina,M,Red,Fall,3.1,No,Store Pickup,No,No,17.0,PayPal,Monthly,2
3153,3154,56.0,Female,Socks,Clothing,88,Alabama,L,Red,Fall,3.1,No,Next Day Air,No,No,46.0,Venmo,Fortnightly,4
3154,3155,27.0,Female,Belt,Accessories,55,Connecticut,M,Gold,Winter,4.4,No,Standard,No,No,32.0,Cash,Quarterly,1
3155,3156,22.0,Female,Handbag,Accessories,90,Montana,M,Brown,Fall,4.3,No,Free Shipping,No,No,34.0,Cash,Annually,1
3156,3157,18.0,Female,Shirt,Clothing,50,Montana,M,Black,Winter,3.1,No,2-Day Shipping,No,No,18.0,Cash,Monthly,2
3157,3158,21.0,Female,Belt,Accessories,34,Maine,L,Red,Fall,3.1,No,Store Pickup,No,No,5.0,Debit Card,Fortnightly,1
3158,3159,30.0,Female,Jewelry,Accessories,77,Mississippi,M,Gray,Winter,4.9,No,2-Day Shipping,No,No,44.0,Credit Card,Monthly,3
3159,3160,62.0,Female,Hat,Accessories,89,Louisiana,L,Pink,Winter,2.9,No,Store Pickup,No,No,4.0,Bank Transfer,Quarterly,1
3160,3161,,Female,Backpack,Accessories,87,Nebraska,XL,Turquoise,Fall,3.8,No,Next Day Air,No,No,37.0,Cash,,1
3161,3162,66.0,Female,Dress,Clothing,77,Massachusetts,S,Charcoal,Winter,4.2,No,2-Day Shipping,No,No,43.0,Cash,Monthly,1
3162,3163,,Female,Shoes,Footwear,85,Wisconsin,L,Blue,Winter,,No,,No,No,,Bank Transfer,,1
3163,3164,,Female,Pants,Clothing,66,Nebraska,XL,Turquoise,Summer,2.8,No,Express,No,No,36.0,Cash,,1
3164,3165,,Female,Dress,Clothing,32,Arizona,L,Silver,Winter,2.6,No,Standard,No,No,16.0,Credit Card,,4
3165,3166,49.0,Female,Jacket,Outerwear,92,Hawaii,M,Lavender,Spring,3.0,No,Store Pickup,No,No,38.0,Bank Transfer,Every 3 Months,2
3166,3167,19.0,Female,Shirt,Clothing,80,Georgia,M,Gold,Winter,2.7,No,Next Day Air,No,No,37.0,Bank Transfer,Fortnightly,2
3167,3168,24.0,Female,Dress,Clothing,78,Oregon,M,Blue,Fall,2.8,No,2-Day Shipping,No,No,9.0,Cash,,4
3168,3169,31.0,Female,Jeans,Clothing,24,Montana,M,Orange,Spring,2.9,No,2-Day Shipping,No,No,14.0,PayPal,Fortnightly,2
3169,3170,35.0,Female,T-shirt,Clothing,59,Georgia,M,White,Fall,3.8,No,Free Shipping,No,No,3.0,Venmo,Weekly,4
3170,3171,65.0,Female,Sunglasses,Accessories,41,Rhode Island,XL,Charcoal,Spring,4.4,No,Express,No,No,10.0,Credit Card,Fortnightly,1
3171,3172,68.0,Female,Jewelry,Accessories,26,Tennessee,M,Maroon,Spring,3.1,No,Express,No,No,26.0,Bank Transfer,Bi-Weekly,3
3172,3173,,Female,Socks,Clothing,52,Missouri,M,Olive,Fall,,No,,No,No,,Debit Card,,3
3173,3174,69.0,Female,Skirt,Clothing,46,Washington,L,Teal,Summer,4.9,No,Next Day Air,No,No,32.0,PayPal,Fortnightly,2
3174,3175,45.0,Female,Pants,Clothing,52,Oklahoma,L,Orange,Winter,3.8,No,Store Pickup,No,No,35.0,PayPal,Monthly,3
3175,3176,35.0,Female,Socks,Clothing,42,Connecticut,M,Maroon,Fall,3.4,No,Store Pickup,No,No,26.0,Debit Card,Every 3 Months,2
3176,3177,36.0,Female,Sandals,Footwear,37,Arkansas,XL,Turquoise,Spring,4.6,No,2-Day Shipping,No,No,39.0,Credit Card,Monthly,1
3177,3178,,Female,Belt,Accessories,52,Missouri,L,Beige,Fall,,No,Standard,No,No,,Credit Card,,3
3178,3179,66.0,Female,Sandals,Footwear,34,Washington,L,Beige,Spring,2.7,No,Free Shipping,No,No,28.0,Credit Card,Annually,3
3179,3180,57.0,Female,Shorts,Clothing,88,Idaho,M,Olive,Spring,4.3,No,Free Shipping,No,No,12.0,Debit Card,Bi-Weekly,4
3180,3181,,Female,Handbag,Accessories,88,Montana,L,Turquoise,Fall,,No,,No,No,,PayPal,,4
3181,3182,31.0,Female,Jacket,Outerwear,51,Montana,M,Charcoal,Summer,4.4,No,Free Shipping,No,No,27.0,PayPal,Every 3 Months,2
3182,3183,50.0,Female,Sunglasses,Accessories,97,Georgia,L,Green,Fall,3.6,No,Free Shipping,No,No,4.0,Credit Card,Annually,2
3183,3184,50.0,Female,Sneakers,Footwear,56,Mississippi,M,Green,Winter,3.5,No,Standard,No,No,14.0,Cash,Every 3 Months,4
3184,3185,61.0,Female,Sweater,Clothing,53,Hawaii,L,Green,Spring,4.2,No,2-Day Shipping,No,No,30.0,Venmo,Quarterly,3
3185,3186,52.0,Female,Skirt,Clothing,71,Ohio,L,Gold,Fall,4.7,No,Express,No,No,6.0,PayPal,Annually,2
3186,3187,38.0,Female,Jewelry,Accessories,93,Virginia,S,Cyan,Winter,4.8,No,Store Pickup,No,No,43.0,Venmo,Annually,1
3187,3188,,Female,Blouse,Clothing,72,Texas,L,Indigo,Winter,,No,,No,No,,Debit Card,,2
3188,3189,42.0,Female,Blouse,Clothing,59,Vermont,M,Lavender,Winter,3.5,No,Standard,No,No,39.0,Bank Transfer,,2
3189,3190,25.0,Female,Boots,Footwear,87,Kansas,M,Beige,Summer,4.2,No,Store Pickup,No,No,30.0,PayPal,Bi-Weekly,2
3190,3191,41.0,Female,Jeans,Clothing,78,California,S,Purple,Fall,3.4,No,Free Shipping,No,No,5.0,Credit Card,Fortnightly,1
3191,3192,62.0,Female,Hoodie,Clothing,68,Mississippi,XL,Maroon,Winter,4.7,No,Store Pickup,No,No,42.0,Credit Card,Every 3 Months,1
3192,3193,19.0,Female,Sweater,Clothing,76,Iowa,S,Maroon,Fall,3.0,No,Free Shipping,No,No,20.0,Cash,Fortnightly,3
3193,3194,63.0,Female,Gloves,Accessories,99,Virginia,L,Teal,Winter,4.0,No,Express,No,No,35.0,Credit Card,Fortnightly,1
3194,3195,43.0,Female,Sneakers,Footwear,52,Maryland,L,Gold,Summer,4.6,No,Standard,No,No,10.0,Credit Card,,4
3195,3196,68.0,Female,Sunglasses,Accessories,58,Missouri,S,Red,Spring,4.9,No,Next Day Air,No,No,36.0,Credit Card,Quarterly,1
3196,3197,24.0,Female,Belt,Accessories,59,Wisconsin,L,Maroon,Winter,2.8,No,Express,No,No,21.0,Debit Card,Fortnightly,2
3197,3198,27.0,Female,Sweater,Clothing,71,Maine,M,Teal,Spring,3.2,No,Free Shipping,No,No,29.0,Credit Card,Every 3 Months,2
3198,3199,,Female,Gloves,Accessories,94,Pennsylvania,L,Peach,Winter,2.8,No,Free Shipping,No,No,39.0,Debit Card,,3
3199,3200,,Female,Handbag,Accessories,40,Maine,XL,Pink,Winter,,No,,No,No,,PayPal,,4
3200,3201,,Female,Socks,Clothing,24,Missouri,L,Black,Spring,,No,Free Shipping,No,No,,Credit Card,,4
3201,3202,46.0,Female,Pants,Clothing,38,Vermont,S,Indigo,Fall,2.8,No,2-Day Shipping,No,No,34.0,Cash,,2
3202,3203,65.0,Female,Scarf,Accessories,37,Wisconsin,L,Green,Fall,4.5,No,Standard,No,No,38.0,Venmo,Annually,3
3203,3204,63.0,Female,Coat,Outerwear,29,New Jersey,L,Teal,Spring,4.1,No,Express,No,No,14.0,Venmo,Annually,4
3204,3205,57.0,Female,Jacket,Outerwear,92,New Mexico,XL,Lavender,Fall,4.3,No,Free Shipping,No,No,23.0,Debit Card,Bi-Weekly,4
3205,3206,40.0,Female,Hoodie,Clothing,24,Colorado,XL,Magenta,Fall,4.4,No,2-Day Shipping,No,No,50.0,Bank Transfer,Every 3 Months,2
3206,3207,36.0,Female,Boots,Footwear,52,California,M,Brown,Winter,3.0,No,Free Shipping,No,No,49.0,PayPal,Monthly,4
3207,3208,67.0,Female,Socks,Clothing,29,Arizona,XL,Beige,Summer,2.7,No,Next Day Air,No,No,14.0,PayPal,Annually,4
3208,3209,,Female,Jewelry,Accessories,30,Indiana,L,Indigo,Winter,,No,,No,No,,PayPal,,1
3209,3210,64.0,Female,Shoes,Footwear,31,Arkansas,L,Peach,Fall,4.3,No,Standard,No,No,39.0,Debit Card,Annually,1
3210,3211,30.0,Female,Socks,Clothing,67,Nevada,M,Magenta,Summer,2.9,No,Express,No,No,43.0,Venmo,Bi-Weekly,1
3211,3212,53.0,Female,Pants,Clothing,65,Rhode Island,L,Turquoise,Winter,4.9,No,Standard,No,No,12.0,Cash,Monthly,3
3212,3213,27.0,Female,Sneakers,Footwear,22,Wyoming,M,Indigo,Winter,3.6,No,2-Day Shipping,No,No,21.0,Debit Card,Weekly,4
3213,3214,27.0,Female,Sunglasses,Accessories,56,Texas,M,Brown,Winter,3.3,No,Standard,No,No,33.0,Credit Card,Monthly,3
3214,3215,53.0,Female,Skirt,Clothing,78,Washington,M,Yellow,Spring,3.1,No,Free Shipping,No,No,6.0,Debit Card,Annually,2
3215,3216,34.0,Female,Coat,Outerwear,90,Rhode Island,M,Magenta,Summer,2.7,No,Free Shipping,No,No,10.0,PayPal,Every 3 Months,1
3216,3217,39.0,Female,Hoodie,Clothing,85,Illinois,S,Olive,Winter,3.4,No,Next Day Air,No,No,18.0,Cash,Weekly,3
3217,3218,44.0,Female,Sunglasses,Accessories,58,Oregon,M,Silver,Fall,3.4,No,Express,No,No,46.0,Venmo,Weekly,1
3218,3219,37.0,Female,Skirt,Clothing,34,Florida,M,Teal,Fall,3.9,No,Express,No,No,49.0,PayPal,Monthly,4
3219,3220,57.0,Female,Coat,Outerwear,40,Kansas,L,White,Summer,3.5,No,2-Day Shipping,No,No,39.0,Credit Card,Weekly,3
3220,3221,,Female,Handbag,Accessories,29,North Dakota,M,Blue,Fall,,No,,No,No,,Cash,,2
3221,3222,21.0,Female,T-shirt,Clothing,76,New Hampshire,M,Yellow,Winter,3.2,No,Standard,No,No,28.0,Cash,Annually,1
3222,3223,45.0,Female,Sunglasses,Accessories,84,Texas,S,Maroon,Fall,4.6,No,Store Pickup,No,No,22.0,PayPal,Quarterly,3
3223,3224,,Female,Shirt,Clothing,65,Montana,S,Gray,Spring,3.9,No,Standard,No,No,36.0,Venmo,,3
3224,3225,,Female,Hoodie,Clothing,80,Delaware,L,Indigo,Winter,,No,,No,No,,PayPal,,1
3225,3226,53.0,Female,Blouse,Clothing,98,New Hampshire,M,Pink,Fall,3.0,No,Store Pickup,No,No,31.0,Credit Card,Weekly,1
3226,3227,57.0,Female,Sneakers,Footwear,71,Minnesota,XL,Beige,Spring,3.3,No,Next Day Air,No,No,38.0,Bank Transfer,Fortnightly,4
3227,3228,28.0,Female,Scarf,Accessories,69,Alaska,XL,White,Fall,2.7,No,Free Shipping,No,No,42.0,Debit Card,Quarterly,4
3228,3229,37.0,Female,Jewelry,Accessories,95,Connecticut,M,Yellow,Spring,4.6,No,2-Day Shipping,No,No,27.0,PayPal,Annually,2
3229,3230,54.0,Female,Pants,Clothing,67,Connecticut,M,Teal,Fall,2.7,No,Express,No,No,24.0,Cash,Monthly,2
3230,3231,49.0,Female,Sneakers,Footwear,49,Kansas,M,Olive,Summer,2.5,No,Next Day Air,No,No,38.0,Debit Card,Annually,1
3231,3232,62.0,Female,Shoes,Footwear,97,Nevada,M,Maroon,Winter,4.4,No,Free Shipping,No,No,9.0,Credit Card,Annually,4
3232,3233,45.0,Female,T-shirt,Clothing,34,Massachusetts,M,White,Spring,4.0,No,Next Day Air,No,No,19.0,Bank Transfer,Monthly,4
3233,3234,45.0,Female,Belt,Accessories,74,Indiana,M,Lavender,Fall,3.8,No,Express,No,No,11.0,Debit Card,Bi-Weekly,2
3234,3235,49.0,Female,Jewelry,Accessories,96,Washington,M,Black,Winter,2.5,No,2-Day Shipping,No,No,16.0,Debit Card,Quarterly,4
3235,3236,,Female,Belt,Accessories,68,Kansas,M,Green,Summer,4.0,No,Free Shipping,No,No,18.0,Venmo,,4
3236,3237,63.0,Female,Belt,Accessories,84,South Carolina,L,Olive,Fall,4.1,No,Next Day Air,No,No,8.0,Cash,Monthly,2
3237,3238,61.0,Female,T-shirt,Clothing,57,Vermont,M,Gray,Summer,2.8,No,Express,No,No,4.0,Cash,Weekly,4
3238,3239,25.0,Female,Sneakers,Footwear,84,Wyoming,XL,Teal,Fall,3.4,No,2-Day Shipping,No,No,37.0,Cash,Quarterly,3
3239,3240,33.0,Female,Sunglasses,Accessories,32,Colorado,M,Charcoal,Fall,2.7,No,2-Day Shipping,No,No,30.0,Cash,Monthly,1
3240,3241,56.0,Female,Sandals,Footwear,37,West Virginia,M,Violet,Fall,3.8,No,2-Day Shipping,No,No,37.0,Bank Transfer,Monthly,1
3241,3242,50.0,Female,Handbag,Accessories,58,Connecticut,M,Lavender,Summer,4.4,No,Store Pickup,No,No,30.0,PayPal,,1
3242,3243,45.0,Female,Socks,Clothing,74,Oregon,S,Beige,Fall,2.8,No,Express,No,No,17.0,Venmo,Weekly,3
3243,3244,45.0,Female,Hoodie,Clothing,99,Idaho,L,Black,Summer,5.0,No,Store Pickup,No,No,11.0,Bank Transfer,Every 3 Months,3
3244,3245,,Female,Sweater,Clothing,81,Arkansas,M,Black,Fall,,No,,No,No,,Credit Card,,1
3245,3246,,Female,Pants,Clothing,76,Kansas,M,Purple,Fall,3.2,No,Next Day Air,No,No,20.0,Cash,,3
3246,3247,70.0,Female,Sneakers,Footwear,98,Michigan,M,Magenta,Summer,2.9,No,Store Pickup,No,No,37.0,Cash,Monthly,3
3247,3248,53.0,Female,Gloves,Accessories,91,Arkansas,M,Teal,Summer,3.7,No,Express,No,No,12.0,PayPal,Fortnightly,2
3248,3249,22.0,Female,T-shirt,Clothing,79,Pennsylvania,S,Teal,Summer,4.2,No,Free Shipping,No,No,41.0,Bank Transfer,Quarterly,2
3249,3250,26.0,Female,Backpack,Accessories,83,Virginia,M,Pink,Summer,3.4,No,Express,No,No,32.0,Credit Card,Quarterly,1
3250,3251,23.0,Female,Coat,Outerwear,90,Minnesota,M,Teal,Spring,2.9,No,2-Day Shipping,No,No,15.0,Venmo,Weekly,3
3251,3252,25.0,Female,Coat,Outerwear,20,Nevada,M,Gold,Winter,3.7,No,Standard,No,No,39.0,Venmo,Quarterly,4
3252,3253,69.0,Female,Sandals,Footwear,21,Montana,L,Brown,Spring,2.7,No,Store Pickup,No,No,48.0,Credit Card,Fortnightly,1
3253,3254,36.0,Female,Backpack,Accessories,60,Nebraska,M,Brown,Fall,3.2,No,2-Day Shipping,No,No,8.0,Venmo,Fortnightly,3
3254,3255,,Female,Sweater,Clothing,31,Indiana,S,Magenta,Winter,,No,,No,No,,Bank Transfer,,2
3255,3256,57.0,Female,Shorts,Clothing,40,New Jersey,M,Black,Fall,2.8,No,Next Day Air,No,No,36.0,Bank Transfer,Monthly,4
3256,3257,60.0,Female,Sunglasses,Accessories,26,Wisconsin,L,Teal,Winter,4.7,No,Free Shipping,No,No,50.0,Venmo,Every 3 Months,4
3257,3258,44.0,Female,Shirt,Clothing,98,Minnesota,M,Brown,Fall,3.3,No,Express,No,No,39.0,Venmo,Every 3 Months,1
3258,3259,31.0,Female,Shoes,Footwear,51,New Jersey,M,Magenta,Spring,4.3,No,Express,No,No,11.0,Credit Card,Bi-Weekly,4
3259,3260,57.0,Female,Hat,Accessories,95,Oklahoma,XL,Indigo,Fall,3.7,No,2-Day Shipping,No,No,5.0,Debit Card,Every 3 Months,2
3260,3261,39.0,Female,Scarf,Accessories,36,Wisconsin,M,Violet,Summer,4.5,No,2-Day Shipping,No,No,7.0,Credit Card,Annually,2
3261,3262,48.0,Female,Belt,Accessories,52,Rhode Island,L,Cyan,Winter,3.4,No,Store Pickup,No,No,50.0,Debit Card,Weekly,3
3262,3263,,Female,T-shirt,Clothing,35,Indiana,M,Violet,Spring,2.7,No,Standard,No,No,21.0,Cash,,1
3263,3264,56.0,Female,Shorts,Clothing,68,Vermont,S,Black,Fall,4.4,No,Express,No,No,31.0,Debit Card,Fortnightly,2
3264,3265,28.0,Female,Pants,Clothing,50,Maine,S,Charcoal,Winter,4.0,No,Express,No,No,39.0,Cash,Bi-Weekly,1
3265,3266,40.0,Female,Sunglasses,Accessories,100,Alabama,M,White,Winter,3.2,No,Express,No,No,28.0,Credit Card,Fortnightly,3
3266,3267,49.0,Female,Coat,Outerwear,74,Alabama,S,Gray,Winter,4.2,No,Next Day Air,No,No,33.0,Bank Transfer,Weekly,2
3267,3268,37.0,Female,Hoodie,Clothing,45,Idaho,L,Pink,Winter,3.0,No,Store Pickup,No,No,42.0,Credit Card,Quarterly,1
3268,3269,22.0,Female,Dress,Clothing,97,Arkansas,M,Cyan,Fall,2.8,No,Free Shipping,No,No,5.0,Bank Transfer,Every 3 Months,2
3269,3270,,Female,Blouse,Clothing,60,Ohio,M,Blue,Winter,4.9,No,Express,No,No,25.0,Cash,,3
3270,3271,59.0,Female,Socks,Clothing,25,Illinois,M,Indigo,Winter,4.7,No,Express,No,No,48.0,PayPal,Annually,2
3271,3272,,Female,Socks,Clothing,55,Nevada,XL,Magenta,Spring,,No,,No,No,,Credit Card,,2
3272,3273,58.0,Female,Shoes,Footwear,99,Texas,M,Lavender,Winter,3.1,No,Next Day Air,No,No,34.0,PayPal,Quarterly,4
3273,3274,58.0,Female,Belt,Accessories,45,Nevada,S,Orange,Summer,2.6,No,Free Shipping,No,No,34.0,PayPal,Every 3 Months,1
3274,3275,,Female,Sweater,Clothing,20,Oklahoma,M,Cyan,Spring,,No,Store Pickup,No,No,,Cash,,2
3275,3276,43.0,Female,Pants,Clothing,88,Alabama,XL,Green,Summer,2.6,No,2-Day Shipping,No,No,2.0,Debit Card,Weekly,1
3276,3277,39.0,Female,Scarf,Accessories,99,South Dakota,M,White,Summer,4.0,No,Store Pickup,No,No,41.0,PayPal,Every 3 Months,2
3277,3278,59.0,Female,Skirt,Clothing,86,Texas,M,Blue,Spring,4.9,No,Store Pickup,No,No,3.0,Credit Card,Monthly,4
3278,3279,,Female,Dress,Clothing,70,Montana,M,Black,Summer,3.3,No,2-Day Shipping,No,No,18.0,Bank Transfer,,4
3279,3280,,Female,Hat,Accessories,50,Wyoming,S,Red,Fall,3.0,No,Express,No,No,1.0,Debit Card,,2
3280,3281,45.0,Female,Handbag,Accessories,57,New York,L,Red,Winter,2.7,No,Next Day Air,No,No,5.0,PayPal,Monthly,1
3281,3282,27.0,Female,Pants,Clothing,69,Oregon,L,Gold,Winter,3.1,No,Free Shipping,No,No,41.0,Bank Transfer,Annually,2
3282,3283,24.0,Female,T-shirt,Clothing,94,California,M,Red,Fall,4.8,No,Next Day Air,No,No,5.0,Credit Card,Monthly,2
3283,3284,47.0,Female,Jacket,Outerwear,24,North Carolina,L,Purple,Spring,2.9,No,Express,No,No,10.0,Debit Card,Every 3 Months,1
3284,3285,70.0,Female,Scarf,Accessories,79,Kentucky,L,White,Spring,4.5,No,2-Day Shipping,No,No,20.0,Venmo,Annually,3
3285,3286,58.0,Female,Hat,Accessories,31,Hawaii,XL,Magenta,Fall,4.6,No,Free Shipping,No,No,11.0,Cash,Weekly,3
3286,3287,45.0,Female,Jacket,Outerwear,67,Illinois,L,Pink,Winter,5.0,No,Express,No,No,4.0,Venmo,Fortnightly,4
3287,3288,24.0,Female,Skirt,Clothing,63,West Virginia,L,Black,Spring,4.3,No,2-Day Shipping,No,No,38.0,Credit Card,Weekly,3
3288,3289,67.0,Female,Handbag,Accessories,61,South Carolina,XL,White,Spring,4.9,No,Next Day Air,No,No,19.0,Credit Card,Bi-Weekly,3
3289,3290,31.0,Female,Backpack,Accessories,50,Montana,M,Maroon,Summer,4.0,No,2-Day Shipping,No,No,16.0,Venmo,Every 3 Months,2
3290,3291,52.0,Female,Coat,Outerwear,82,North Dakota,L,Black,Spring,3.1,No,Free Shipping,No,No,2.0,PayPal,Monthly,2
3291,3292,29.0,Female,Belt,Accessories,51,New Mexico,L,Olive,Fall,2.6,No,2-Day Shipping,No,No,11.0,Cash,Monthly,3
3292,3293,62.0,Female,Handbag,Accessories,23,Missouri,L,Gray,Spring,4.9,No,Standard,No,No,18.0,Bank Transfer,Fortnightly,3
3293,3294,19.0,Female,Coat,Outerwear,91,West Virginia,M,Gold,Spring,3.5,No,2-Day Shipping,No,No,47.0,Credit Card,Fortnightly,3
3294,3295,62.0,Female,Sweater,Clothing,60,South Carolina,S,Magenta,Spring,4.5,No,Store Pickup,No,No,15.0,Bank Transfer,,4
3295,3296,70.0,Female,Blouse,Clothing,34,West Virginia,S,Lavender,Summer,2.8,No,Next Day Air,No,No,15.0,Cash,Weekly,1
3296,3297,20.0,Female,Blouse,Clothing,23,Alaska,M,Green,Spring,4.2,No,Next Day Air,No,No,47.0,Venmo,Quarterly,3
3297,3298,,Female,Belt,Accessories,82,West Virginia,M,Violet,Fall,,No,Free Shipping,No,No,,PayPal,,3
3298,3299,65.0,Female,Jacket,Outerwear,73,New Mexico,M,Brown,Fall,3.5,No,Express,No,No,6.0,Bank Transfer,Every 3 Months,1
3299,3300,45.0,Female,Shorts,Clothing,32,South Dakota,L,Teal,Spring,4.0,No,2-Day Shipping,No,No,18.0,Venmo,Monthly,2
3300,3301,26.0,Female,Hat,Accessories,80,Oklahoma,M,Charcoal,Spring,4.0,No,Express,No,No,40.0,Bank Transfer,Bi-Weekly,3
3301,3302,,Female,Pants,Clothing,58,Oklahoma,XL,Charcoal,Summer,2.5,No,Free Shipping,No,No,31.0,Credit Card,,3
3302,3303,36.0,Female,Blouse,Clothing,82,Alabama,XL,Beige,Winter,4.2,No,Standard,No,No,31.0,Venmo,Bi-Weekly,4
3303,3304,20.0,Female,Belt,Accessories,60,Mississippi,S,Turquoise,Summer,3.4,No,Next Day Air,No,No,4.0,Credit Card,Fortnightly,3
3304,3305,30.0,Female,Handbag,Accessories,79,Mississippi,XL,Orange,Fall,4.8,No,Next Day Air,No,No,36.0,Bank Transfer,Every 3 Months,3
3305,3306,34.0,Female,Hoodie,Clothing,41,Nebraska,L,Cyan,Summer,4.9,No,Standard,No,No,31.0,PayPal,Bi-Weekly,2
3306,3307,63.0,Female,Jacket,Outerwear,39,Colorado,L,Orange,Summer,3.6,No,Store Pickup,No,No,6.0,Venmo,,2
3307,3308,18.0,Female,Scarf,Accessories,36,Pennsylvania,S,Green,Winter,4.0,No,Store Pickup,No,No,1.0,Cash,Monthly,1
3308,3309,55.0,Female,Jeans,Clothing,70,Utah,M,Pink,Fall,2.6,No,Express,No,No,29.0,Cash,Monthly,1
3309,3310,48.0,Female,Handbag,Accessories,47,Massachusetts,M,Blue,Summer,3.1,No,Store Pickup,No,No,19.0,PayPal,Monthly,2
3310,3311,45.0,Female,Jacket,Outerwear,27,Iowa,M,Pink,Winter,3.6,No,Free Shipping,No,No,12.0,PayPal,Fortnightly,2
3311,3312,29.0,Female,Hat,Accessories,52,Florida,L,Blue,Summer,4.0,No,Express,No,No,18.0,Bank Transfer,Annually,1
3312,3313,55.0,Female,Sneakers,Footwear,75,Louisiana,L,Black,Summer,3.9,No,Next Day Air,No,No,45.0,Cash,Quarterly,3
3313,3314,55.0,Female,Hat,Accessories,30,Kansas,XL,Black,Fall,3.9,No,Express,No,No,45.0,Credit Card,Monthly,4
3314,3315,55.0,Female,Socks,Clothing,94,Kansas,M,Violet,Spring,3.3,No,Standard,No,No,8.0,Credit Card,Quarterly,2
3315,3316,48.0,Female,Scarf,Accessories,68,Kentucky,S,Gold,Summer,2.9,No,Standard,No,No,4.0,PayPal,Every 3 Months,1
3316,3317,42.0,Female,Socks,Clothing,45,New Mexico,M,Olive,Summer,3.1,No,Free Shipping,No,No,5.0,Debit Card,Fortnightly,1
3317,3318,21.0,Female,Hat,Accessories,67,North Carolina,XL,Pink,Summer,4.7,No,Standard,No,No,30.0,Cash,Quarterly,3
3318,3319,45.0,Female,Jacket,Outerwear,46,North Dakota,M,Olive,Summer,3.9,No,Free Shipping,No,No,15.0,PayPal,Monthly,3
3319,3320,23.0,Female,Shorts,Clothing,31,North Dakota,M,Indigo,Summer,4.3,No,Next Day Air,No,No,17.0,Credit Card,,4
3320,3321,66.0,Female,Blouse,Clothing,44,Illinois,XL,Silver,Fall,4.2,No,2-Day Shipping,No,No,45.0,Cash,Every 3 Months,1
3321,3322,32.0,Female,Coat,Outerwear,100,Maine,S,Charcoal,Winter,4.3,No,Next Day Air,No,No,3.0,Venmo,Annually,4
3322,3323,52.0,Female,Sweater,Clothing,92,Indiana,XL,Orange,Winter,4.6,No,Next Day Air,No,No,43.0,PayPal,Weekly,2
3323,3324,54.0,Female,Handbag,Accessories,78,North Dakota,M,Yellow,Winter,3.8,No,Free Shipping,No,No,4.0,Credit Card,Monthly,1
3324,3325,37.0,Female,T-shirt,Clothing,32,Missouri,S,Red,Fall,3.3,No,Standard,No,No,41.0,Venmo,Weekly,2
3325,3326,,Female,Sandals,Footwear,97,Alaska,M,Maroon,Fall,3.7,No,2-Day Shipping,No,No,,Venmo,,4
3326,3327,47.0,Female,Gloves,Accessories,95,North Dakota,M,Magenta,Summer,4.3,No,Standard,No,No,10.0,Debit Card,Annually,2
3327,3328,47.0,Female,Shorts,Clothing,64,Connecticut,M,Black,Spring,4.1,No,Express,No,No,2.0,Debit Card,Quarterly,3
3328,3329,42.0,Female,Sandals,Footwear,35,Wisconsin,M,Violet,Spring,3.2,No,Free Shipping,No,No,11.0,Cash,Bi-Weekly,2
3329,3330,34.0,Female,Backpack,Accessories,54,New Jersey,M,Gray,Winter,3.8,No,Express,No,No,1.0,Debit Card,Bi-Weekly,4
3330,3331,,Female,Sneakers,Footwear,96,Missouri,M,Black,Spring,3.2,No,2-Day Shipping,No,No,41.0,Bank Transfer,,1
3331,3332,55.0,Female,Sunglasses,Accessories,58,California,M,Pink,Summer,3.5,No,Free Shipping,No,No,39.0,PayPal,Quarterly,3
3332,3333,27.0,Female,T-shirt,Clothing,23,Washington,M,Silver,Summer,3.1,No,2-Day Shipping,No,No,1.0,PayPal,Bi-Weekly,2
3333,3334,,Female,Jeans,Clothing,35,Minnesota,M,Violet,Spring,,No,,No,No,,PayPal,,1
3334,3335,66.0,Female,Shirt,Clothing,23,California,M,Beige,Summer,3.4,No,Free Shipping,No,No,21.0,Credit Card,Annually,2
3335,3336,,Female,Hat,Accessories,94,Texas,XL,Cyan,Winter,,No,,No,No,,Bank Transfer,,1
3336,3337,39.0,Female,Blouse,Clothing,45,Montana,M,Brown,Fall,4.0,No,Free Shipping,No,No,24.0,Debit Card,Annually,1
3337,3338,23.0,Female,Jacket,Outerwear,23,Arizona,L,Blue,Winter,4.4,No,2-Day Shipping,No,No,45.0,Bank Transfer,Bi-Weekly,2
3338,3339,29.0,Female,Skirt,Clothing,94,Minnesota,L,White,Winter,2.9,No,2-Day Shipping,No,No,46.0,Credit Card,Monthly,1
3339,3340,20.0,Female,Gloves,Accessories,99,Nebraska,M,Cyan,Fall,3.6,No,Store Pickup,No,No,35.0,Cash,Fortnightly,2
3340,3341,42.0,Female,T-shirt,Clothing,36,Virginia,XL,Maroon,Fall,4.4,No,Free Shipping,No,No,47.0,Credit Card,Fortnightly,1
3341,3342,55.0,Female,Jacket,Outerwear,50,Connecticut,XL,Olive,Summer,4.5,No,Standard,No,No,35.0,Credit Card,Monthly,4
3342,3343,66.0,Female,Jacket,Outerwear,81,New Jersey,M,Violet,Spring,3.8,No,Free Shipping,No,No,45.0,Credit Card,Weekly,2
3343,3344,24.0,Female,Shorts,Clothing,31,Kentucky,XL,Green,Winter,3.6,No,2-Day Shipping,No,No,6.0,Cash,Bi-Weekly,1
3344,3345,62.0,Female,Hat,Accessories,48,Washington,XL,Magenta,Fall,4.3,No,Free Shipping,No,No,20.0,Cash,Annually,1
3345,3346,,Female,Handbag,Accessories,91,Florida,M,Turquoise,Summer,,No,,No,No,,Venmo,,2
3346,3347,30.0,Female,Jeans,Clothing,99,Oklahoma,M,Black,Summer,3.4,No,Express,No,No,30.0,Venmo,Quarterly,1
3347,3348,,Female,Shoes,Footwear,70,Iowa,XL,Cyan,Summer,,No,,No,No,,PayPal,,1
3348,3349,28.0,Female,T-shirt,Clothing,74,New Hampshire,L,Gray,Winter,2.8,No,Standard,No,No,15.0,Cash,Every 3 Months,2
3349,3350,35.0,Female,Jewelry,Accessories,79,Georgia,M,Red,Fall,2.8,No,Store Pickup,No,No,29.0,PayPal,Quarterly,3
3350,3351,45.0,Female,Handbag,Accessories,33,Mississippi,S,Olive,Fall,4.9,No,2-Day Shipping,No,No,15.0,Cash,Bi-Weekly,2
3351,3352,43.0,Female,Shirt,Clothing,49,New Hampshire,L,Cyan,Spring,4.2,No,2-Day Shipping,No,No,18.0,Bank Transfer,Fortnightly,3
3352,3353,55.0,Female,Belt,Accessories,96,Washington,M,Teal,Summer,2.9,No,Next Day Air,No,No,7.0,Bank Transfer,Bi-Weekly,2
3353,3354,,Female,Dress,Clothing,66,Ohio,L,Teal,Fall,4.6,No,Free Shipping,No,No,19.0,Credit Card,,3
3354,3355,42.0,Female,Skirt,Clothing,45,Maryland,M,Orange,Fall,2.8,No,Next Day Air,No,No,15.0,PayPal,Weekly,2
3355,3356,40.0,Female,Blouse,Clothing,28,Delaware,M,Peach,Spring,2.6,No,Store Pickup,No,No,3.0,Bank Transfer,Bi-Weekly,4
3356,3357,,Female,Jeans,Clothing,48,Tennessee,M,Silver,Summer,3.5,No,Store Pickup,No,No,13.0,PayPal,,4
3357,3358,,Female,Hoodie,Clothing,67,Arkansas,M,Pink,Winter,,No,Free Shipping,No,No,,Credit Card,,2
3358,3359,,Female,T-shirt,Clothing,59,Tennessee,M,Magenta,Fall,3.4,No,2-Day Shipping,No,No,26.0,Cash,,3
3359,3360,43.0,Female,Sunglasses,Accessories,74,New Hampshire,L,Red,Fall,3.9,No,Next Day Air,No,No,29.0,Debit Card,Monthly,3
3360,3361,22.0,Female,Jacket,Outerwear,81,Minnesota,M,Maroon,Spring,3.3,No,2-Day Shipping,No,No,47.0,Cash,,1
3361,3362,47.0,Female,Shoes,Footwear,26,Florida,M,Silver,Spring,4.1,No,Free Shipping,No,No,47.0,Credit Card,Bi-Weekly,3
3362,3363,50.0,Female,Handbag,Accessories,61,Tennessee,M,Gray,Summer,3.0,No,Next Day Air,No,No,48.0,Venmo,,3
3363,3364,58.0,Female,Sweater,Clothing,23,California,M,Turquoise,Winter,3.0,No,Next Day Air,No,No,46.0,Bank Transfer,Bi-Weekly,2
3364,3365,50.0,Female,Scarf,Accessories,33,Oregon,M,Peach,Fall,3.2,No,Standard,No,No,7.0,Credit Card,Monthly,3
3365,3366,43.0,Female,Skirt,Clothing,58,Tennessee,L,Teal,Fall,3.9,No,Express,No,No,45.0,Credit Card,Every 3 Months,2
3366,3367,38.0,Female,Gloves,Accessories,65,North Carolina,M,Red,Spring,3.6,No,2-Day Shipping,No,No,47.0,Debit Card,Quarterly,1
3367,3368,44.0,Female,T-shirt,Clothing,48,Tennessee,M,Blue,Summer,3.1,No,Store Pickup,No,No,6.0,Venmo,Fortnightly,2
3368,3369,30.0,Female,Sandals,Footwear,25,Nebraska,M,Blue,Spring,4.8,No,Express,No,No,29.0,Bank Transfer,Every 3 Months,3
3369,3370,47.0,Female,Sweater,Clothing,51,Maine,M,Indigo,Winter,3.8,No,2-Day Shipping,No,No,42.0,Cash,Monthly,1
3370,3371,30.0,Female,Belt,Accessories,31,Illinois,M,Charcoal,Summer,2.8,No,Store Pickup,No,No,46.0,Cash,Fortnightly,4
3371,3372,49.0,Female,Hoodie,Clothing,99,Colorado,S,Turquoise,Winter,4.0,No,Next Day Air,No,No,28.0,PayPal,Annually,2
3372,3373,,Female,Socks,Clothing,25,Pennsylvania,M,Maroon,Winter,,No,,No,No,,Credit Card,,4
3373,3374,,Female,Sandals,Footwear,52,Minnesota,M,Purple,Spring,,No,,No,No,,Debit Card,,2
3374,3375,22.0,Female,Blouse,Clothing,47,Nevada,S,Lavender,Spring,3.7,No,2-Day Shipping,No,No,41.0,Debit Card,Annually,1
3375,3376,51.0,Female,Boots,Footwear,98,Connecticut,XL,Yellow,Fall,4.9,No,Express,No,No,8.0,Credit Card,Annually,3
3376,3377,,Female,Hat,Accessories,46,Ohio,M,Green,Winter,,No,,No,No,,Cash,,3
3377,3378,,Female,Shirt,Clothing,32,Kentucky,M,Yellow,Winter,4.6,No,Next Day Air,No,No,18.0,PayPal,,4
3378,3379,49.0,Female,Shorts,Clothing,75,Minnesota,L,Gold,Fall,4.5,No,Next Day Air,No,No,6.0,Cash,Quarterly,2
3379,3380,,Female,Handbag,Accessories,51,Tennessee,L,Turquoise,Summer,,No,,No,No,,Cash,,2
3380,3381,41.0,Female,Dress,Clothing,52,North Dakota,L,Blue,Summer,3.8,No,Standard,No,No,6.0,PayPal,Every 3 Months,1
3381,3382,57.0,Female,Hat,Accessories,66,Minnesota,L,Turquoise,Winter,4.7,No,Standard,No,No,27.0,Credit Card,Quarterly,3
3382,3383,34.0,Female,Sweater,Clothing,35,Nebraska,M,Maroon,Spring,2.8,No,Express,No,No,2.0,Bank Transfer,Weekly,4
3383,3384,27.0,Female,Coat,Outerwear,43,Delaware,M,Pink,Fall,2.6,No,Next Day Air,No,No,39.0,Venmo,Bi-Weekly,3
3384,3385,39.0,Female,Hoodie,Clothing,24,Minnesota,L,Maroon,Summer,3.8,No,Free Shipping,No,No,9.0,Venmo,Quarterly,1
3385,3386,62.0,Female,Jewelry,Accessories,83,Rhode Island,M,Olive,Winter,2.8,No,Standard,No,No,16.0,Credit Card,Every 3 Months,4
3386,3387,34.0,Female,T-shirt,Clothing,62,Michigan,M,Lavender,Fall,2.6,No,2-Day Shipping,No,No,36.0,Cash,,2
3387,3388,,Female,Pants,Clothing,78,New Jersey,S,Pink,Spring,,No,2-Day Shipping,No,No,,Credit Card,,1
3388,3389,35.0,Female,Sweater,Clothing,61,South Dakota,M,Cyan,Spring,4.5,No,Store Pickup,No,No,21.0,Credit Card,Weekly,1
3389,3390,38.0,Female,Pants,Clothing,57,North Carolina,L,Maroon,Fall,3.8,No,Free Shipping,No,No,39.0,Venmo,Annually,1
3390,3391,32.0,Female,Socks,Clothing,70,Oregon,S,Red,Summer,3.0,No,Next Day Air,No,No,38.0,PayPal,Annually,2
3391,3392,47.0,Female,Hoodie,Clothing,57,Montana,M,Silver,Fall,3.7,No,2-Day Shipping,No,No,6.0,Debit Card,Every 3 Months,4
3392,3393,53.0,Female,Scarf,Accessories,74,New Jersey,XL,Blue,Winter,4.4,No,Free Shipping,No,No,6.0,Venmo,Bi-Weekly,4
3393,3394,,Female,Dress,Clothing,90,Arizona,M,Gold,Fall,,No,,No,No,,Debit Card,,4
3394,3395,31.0,Female,Sandals,Footwear,98,Vermont,S,Yellow,Spring,4.2,No,Store Pickup,No,No,9.0,PayPal,Annually,3
3395,3396,44.0,Female,Dress,Clothing,43,Colorado,M,Silver,Winter,3.1,No,Free Shipping,No,No,15.0,Debit Card,Every 3 Months,1
3396,3397,29.0,Female,Pants,Clothing,37,Tennessee,XL,Black,Winter,5.0,No,Next Day Air,No,No,5.0,PayPal,Quarterly,4
3397,3398,19.0,Female,Blouse,Clothing,38,New Jersey,L,Yellow,Summer,2.7,No,Standard,No,No,13.0,Bank Transfer,Bi-Weekly,1
3398,3399,54.0,Female,Jeans,Clothing,60,Montana,L,Pink,Winter,3.8,No,Standard,No,No,44.0,Cash,Fortnightly,4
3399,3400,40.0,Female,Pants,Clothing,55,Montana,XL,Yellow,Winter,3.3,No,Standard,No,No,36.0,Debit Card,Annually,2
3400,3401,,Female,Sunglasses,Accessories,51,Nevada,M,Lavender,Fall,,No,,No,No,,Venmo,,1
3401,3402,44.0,Female,Backpack,Accessories,71,Nevada,L,Peach,Winter,3.4,No,Standard,No,No,39.0,Credit Card,Weekly,1
3402,3403,22.0,Female,Hoodie,Clothing,61,Louisiana,M,Black,Spring,4.4,No,2-Day Shipping,No,No,11.0,PayPal,Every 3 Months,4
3403,3404,30.0,Female,Boots,Footwear,65,Illinois,M,Olive,Summer,3.9,No,Standard,No,No,1.0,Cash,,4
3404,3405,69.0,Female,Gloves,Accessories,34,South Carolina,L,Olive,Fall,3.9,No,2-Day Shipping,No,No,34.0,Credit Card,Annually,2
3405,3406,,Female,Blouse,Clothing,87,Washington,M,White,Summer,,No,Store Pickup,No,No,,Bank Transfer,,1
3406,3407,,Female,Sweater,Clothing,79,Nebraska,M,Red,Spring,4.0,No,Store Pickup,No,No,24.0,Venmo,,1
3407,3408,,Female,Dress,Clothing,46,Alabama,S,Purple,Spring,,No,,No,No,,Cash,,2
3408,3409,48.0,Female,Socks,Clothing,72,Montana,L,Purple,Summer,4.4,No,Standard,No,No,11.0,Bank Transfer,Annually,3
3409,3410,24.0,Female,Shirt,Clothing,93,Minnesota,M,Teal,Summer,3.2,No,Next Day Air,No,No,3.0,Credit Card,Every 3 Months,4
3410,3411,50.0,Female,Sandals,Footwear,76,Ohio,L,Teal,Summer,4.3,No,Free Shipping,No,No,38.0,Bank Transfer,Bi-Weekly,1
3411,3412,29.0,Female,Shoes,Footwear,56,New York,L,Gray,Winter,4.9,No,2-Day Shipping,No,No,45.0,Cash,Weekly,3
3412,3413,61.0,Female,Sandals,Footwear,83,Indiana,M,Magenta,Fall,3.8,No,Store Pickup,No,No,31.0,Venmo,Quarterly,2
3413,3414,,Female,Gloves,Accessories,90,Delaware,XL,Black,Winter,,No,,No,No,,PayPal,,2
3414,3415,,Female,Boots,Footwear,94,Connecticut,M,Maroon,Spring,4.9,No,Next Day Air,No,No,3.0,Bank Transfer,,2
3415,3416,38.0,Female,Blouse,Clothing,68,New York,M,Gold,Fall,3.0,No,2-Day Shipping,No,No,15.0,Bank Transfer,Annually,2
3416,3417,25.0,Female,Sandals,Footwear,53,Alabama,M,Purple,Spring,3.2,No,Store Pickup,No,No,11.0,Bank Transfer,Every 3 Months,1
3417,3418,54.0,Female,Coat,Outerwear,35,Massachusetts,M,Blue,Summer,2.9,No,2-Day Shipping,No,No,22.0,Debit Card,Fortnightly,4
3418,3419,,Female,Jacket,Outerwear,30,South Carolina,M,Beige,Summer,,No,,No,No,,Debit Card,,1
3419,3420,23.0,Female,Jewelry,Accessories,26,West Virginia,L,Indigo,Winter,3.1,No,Store Pickup,No,No,5.0,Venmo,Bi-Weekly,4
3420,3421,19.0,Female,Hat,Accessories,60,Kentucky,M,Purple,Winter,3.4,No,Express,No,No,35.0,PayPal,Bi-Weekly,2
3421,3422,57.0,Female,Shoes,Footwear,30,New Jersey,M,Maroon,Summer,2.9,No,Free Shipping,No,No,27.0,PayPal,Weekly,2
3422,3423,,Female,Coat,Outerwear,91,New York,L,Beige,Winter,,No,,No,No,,Venmo,,3
3423,3424,33.0,Female,Boots,Footwear,71,Massachusetts,M,Brown,Spring,3.8,No,Next Day Air,No,No,21.0,PayPal,Bi-Weekly,1
3424,3425,33.0,Female,Scarf,Accessories,64,Florida,L,Green,Summer,3.6,No,2-Day Shipping,No,No,23.0,Credit Card,Monthly,1
3425,3426,,Female,Hat,Accessories,54,Michigan,M,Blue,Summer,,No,,No,No,,Debit Card,,2
3426,3427,47.0,Female,Socks,Clothing,35,Oregon,XL,Magenta,Fall,4.8,No,2-Day Shipping,No,No,31.0,Credit Card,Annually,3
3427,3428,39.0,Female,T-shirt,Clothing,38,Michigan,XL,Turquoise,Winter,2.5,No,Store Pickup,No,No,44.0,Cash,Annually,4
3428,3429,32.0,Female,Jewelry,Accessories,69,Washington,M,Gray,Fall,2.5,No,Next Day Air,No,No,20.0,Venmo,Monthly,3
3429,3430,27.0,Female,Skirt,Clothing,96,Alaska,S,Purple,Winter,4.6,No,Express,No,No,34.0,Debit Card,Weekly,1
3430,3431,67.0,Female,Socks,Clothing,73,Montana,M,Lavender,Winter,4.2,No,Next Day Air,No,No,17.0,Bank Transfer,Every 3 Months,3
3431,3432,46.0,Female,Belt,Accessories,49,New Mexico,S,Green,Summer,4.2,No,Express,No,No,20.0,Venmo,Annually,4
3432,3433,,Female,Boots,Footwear,44,Connecticut,M,Gray,Summer,,No,,No,No,,PayPal,,1
3433,3434,62.0,Female,Socks,Clothing,93,Alaska,M,Yellow,Spring,4.5,No,Free Shipping,No,No,28.0,PayPal,Annually,1
3434,3435,31.0,Female,Pants,Clothing,72,Ohio,S,Orange,Summer,3.3,No,2-Day Shipping,No,No,6.0,Venmo,,1
3435,3436,,Female,Socks,Clothing,91,Montana,M,Beige,Summer,,No,,No,No,,Debit Card,,4
3436,3437,57.0,Female,Belt,Accessories,83,Nebraska,L,Peach,Winter,2.8,No,2-Day Shipping,No,No,41.0,Bank Transfer,Monthly,4
3437,3438,22.0,Female,Jacket,Outerwear,62,Oklahoma,S,Green,Winter,3.5,No,2-Day Shipping,No,No,50.0,PayPal,Annually,4
3438,3439,26.0,Female,Shirt,Clothing,71,Kentucky,M,Violet,Fall,3.0,No,Store Pickup,No,No,33.0,Credit Card,Monthly,2
3439,3440,,Female,Gloves,Accessories,93,Idaho,M,Gray,Summer,4.5,No,Express,No,No,25.0,Venmo,,3
3440,3441,,Female,Handbag,Accessories,63,Maryland,L,Magenta,Fall,,No,,No,No,,PayPal,,1
3441,3442,64.0,Female,Sweater,Clothing,96,Tennessee,XL,Charcoal,Fall,4.1,No,Standard,No,No,15.0,Credit Card,Annually,2
3442,3443,28.0,Female,Skirt,Clothing,78,Michigan,M,Violet,Spring,4.3,No,Next Day Air,No,No,12.0,PayPal,Weekly,3
3443,3444,47.0,Female,Dress,Clothing,24,Tennessee,L,Silver,Summer,5.0,No,Free Shipping,No,No,28.0,Cash,Bi-Weekly,1
3444,3445,53.0,Female,Pants,Clothing,63,Rhode Island,S,Green,Summer,3.8,No,2-Day Shipping,No,No,12.0,Bank Transfer,Bi-Weekly,1
3445,3446,42.0,Female,Hat,Accessories,58,Florida,M,Magenta,Fall,4.9,No,Standard,No,No,3.0,Debit Card,Annually,4
3446,3447,51.0,Female,Boots,Footwear,55,Louisiana,S,Purple,Spring,5.0,No,2-Day Shipping,No,No,20.0,Cash,Weekly,4
3447,3448,62.0,Female,Sandals,Footwear,58,Arkansas,M,Blue,Fall,4.3,No,Express,No,No,3.0,Bank Transfer,Bi-Weekly,2
3448,3449,18.0,Female,Coat,Outerwear,28,Kentucky,S,Yellow,Winter,4.1,No,Express,No,No,32.0,Bank Transfer,Fortnightly,1
3449,3450,,Female,Blouse,Clothing,37,Kansas,M,Brown,Spring,,No,,No,No,,Cash,,1
3450,3451,,Female,Shorts,Clothing,78,Vermont,M,Pink,Spring,,No,,No,No,,PayPal,,2
3451,3452,32.0,Female,Blouse,Clothing,73,Nevada,XL,Silver,Fall,3.0,No,Free Shipping,No,No,13.0,Credit Card,Annually,3
3452,3453,,Female,Jacket,Outerwear,20,Oklahoma,M,Indigo,Spring,,No,,No,No,,Venmo,,3
3453,3454,31.0,Female,Shirt,Clothing,60,Alabama,L,Pink,Winter,4.3,No,Standard,No,No,48.0,Venmo,Bi-Weekly,1
3454,3455,55.0,Female,Handbag,Accessories,71,Louisiana,S,Lavender,Fall,4.6,No,Store Pickup,No,No,15.0,PayPal,Bi-Weekly,3
3455,3456,49.0,Female,T-shirt,Clothing,89,Ohio,M,Orange,Fall,4.7,No,Standard,No,No,13.0,Venmo,Annually,4
3456,3457,42.0,Female,Hoodie,Clothing,53,Texas,M,Red,Fall,4.6,No,Express,No,No,21.0,Venmo,Monthly,2
3457,3458,64.0,Female,Jewelry,Accessories,87,Maryland,M,Gray,Summer,3.0,No,Express,No,No,29.0,Cash,Fortnightly,2
3458,3459,68.0,Female,Jewelry,Accessories,37,West Virginia,L,Violet,Spring,3.4,No,Standard,No,No,24.0,Venmo,Quarterly,1
3459,3460,68.0,Female,Hoodie,Clothing,37,Ohio,L,Green,Fall,3.8,No,Express,No,No,21.0,PayPal,Annually,4
3460,3461,41.0,Female,Scarf,Accessories,78,Indiana,M,Gold,Spring,3.1,No,Express,No,No,5.0,Bank Transfer,Bi-Weekly,4
3461,3462,51.0,Female,Shoes,Footwear,23,Wyoming,S,Maroon,Spring,4.4,No,Standard,No,No,47.0,Cash,Quarterly,1
3462,3463,,Female,Jeans,Clothing,73,Michigan,L,Olive,Spring,,No,,No,No,,Credit Card,,2
3463,3464,27.0,Female,Jewelry,Accessories,27,Maine,M,Yellow,Fall,2.8,No,2-Day Shipping,No,No,45.0,PayPal,Fortnightly,3
3464,3465,36.0,Female,Coat,Outerwear,59,Utah,S,Peach,Winter,2.7,No,Next Day Air,No,No,12.0,PayPal,,3
3465,3466,19.0,Female,Backpack,Accessories,53,Iowa,M,Gold,Spring,3.4,No,Standard,No,No,31.0,Debit Card,Weekly,4
3466,3467,49.0,Female,Socks,Clothing,42,Maryland,S,Purple,Summer,4.6,No,Standard,No,No,43.0,Bank Transfer,Annually,2
3467,3468,,Female,Scarf,Accessories,45,Texas,M,Charcoal,Fall,,No,,No,No,,Credit Card,,1
3468,3469,36.0,Female,Sunglasses,Accessories,89,Ohio,S,Indigo,Winter,3.5,No,Standard,No,No,36.0,Debit Card,Quarterly,1
3469,3470,36.0,Female,Socks,Clothing,85,North Dakota,L,Magenta,Fall,3.3,No,Store Pickup,No,No,12.0,Cash,Annually,3
3470,3471,19.0,Female,Coat,Outerwear,69,West Virginia,S,Olive,Summer,4.5,No,Free Shipping,No,No,31.0,Cash,Bi-Weekly,4
3471,3472,43.0,Female,Sandals,Footwear,66,North Carolina,S,Blue,Spring,3.1,No,Store Pickup,No,No,31.0,Cash,Bi-Weekly,2
3472,3473,31.0,Female,Blouse,Clothing,42,Georgia,S,White,Summer,4.0,No,Free Shipping,No,No,15.0,Debit Card,Weekly,4
3473,3474,63.0,Female,Dress,Clothing,40,Kansas,M,Cyan,Spring,2.5,No,Express,No,No,11.0,Cash,Weekly,1
3474,3475,41.0,Female,Pants,Clothing,82,Maine,M,Cyan,Winter,4.4,No,Store Pickup,No,No,18.0,Venmo,Monthly,2
3475,3476,48.0,Female,Sneakers,Footwear,88,South Carolina,M,Orange,Spring,4.4,No,Express,No,No,9.0,Cash,Quarterly,3
3476,3477,,Female,Boots,Footwear,99,South Carolina,XL,Orange,Summer,3.2,No,Free Shipping,No,No,11.0,Cash,,1
3477,3478,53.0,Female,Handbag,Accessories,85,Kentucky,S,Teal,Spring,3.8,No,Store Pickup,No,No,38.0,Debit Card,Bi-Weekly,1
3478,3479,36.0,Female,Handbag,Accessories,57,Arizona,M,Magenta,Fall,4.6,No,Store Pickup,No,No,42.0,PayPal,Quarterly,1
3479,3480,46.0,Female,Sweater,Clothing,56,New York,S,Orange,Summer,4.9,No,Standard,No,No,41.0,Cash,Monthly,2
3480,3481,21.0,Female,Sandals,Footwear,79,New Hampshire,L,Peach,Winter,3.5,No,Free Shipping,No,No,45.0,PayPal,,4
3481,3482,52.0,Female,Socks,Clothing,67,Ohio,S,Maroon,Summer,3.4,No,Store Pickup,No,No,41.0,Debit Card,Bi-Weekly,1
3482,3483,66.0,Female,Gloves,Accessories,61,Hawaii,M,Gold,Winter,3.9,No,Next Day Air,No,No,35.0,Debit Card,Weekly,4
3483,3484,19.0,Female,Hoodie,Clothing,37,Texas,L,White,Winter,3.9,No,Express,No,No,21.0,Credit Card,,2
3484,3485,44.0,Female,Dress,Clothing,75,Illinois,L,Gray,Fall,4.2,No,Free Shipping,No,No,13.0,Credit Card,Bi-Weekly,3
3485,3486,50.0,Female,Shirt,Clothing,21,Massachusetts,XL,Brown,Winter,3.4,No,Standard,No,No,23.0,Debit Card,Fortnightly,2
3486,3487,51.0,Female,Shorts,Clothing,89,North Carolina,L,Charcoal,Winter,4.9,No,Standard,No,No,6.0,PayPal,Weekly,3
3487,3488,25.0,Female,Sandals,Footwear,24,West Virginia,L,Beige,Fall,2.9,No,Store Pickup,No,No,39.0,Bank Transfer,Annually,4
3488,3489,62.0,Female,Sweater,Clothing,27,Delaware,XL,Teal,Spring,4.9,No,Store Pickup,No,No,7.0,Cash,Quarterly,1
3489,3490,48.0,Female,Dress,Clothing,26,Idaho,L,Black,Summer,4.6,No,2-Day Shipping,No,No,32.0,PayPal,Every 3 Months,2
3490,3491,62.0,Female,Boots,Footwear,82,Oregon,M,Violet,Spring,3.6,No,Store Pickup,No,No,43.0,Credit Card,Quarterly,4
3491,3492,22.0,Female,Pants,Clothing,28,Maine,M,Orange,Winter,4.3,No,Express,No,No,15.0,Cash,Monthly,2
3492,3493,48.0,Female,Gloves,Accessories,65,South Dakota,M,Turquoise,Fall,4.6,No,Standard,No,No,48.0,Bank Transfer,Annually,3
3493,3494,48.0,Female,Pants,Clothing,82,New Mexico,XL,Black,Winter,4.7,No,Store Pickup,No,No,35.0,Credit Card,Weekly,1
3494,3495,,Female,Scarf,Accessories,38,Washington,M,Silver,Winter,,No,,No,No,,PayPal,,3
3495,3496,24.0,Female,Shorts,Clothing,33,Georgia,XL,Gray,Spring,2.8,No,Free Shipping,No,No,14.0,Cash,Weekly,1
3496,3497,39.0,Female,Shoes,Footwear,38,Idaho,M,Pink,Summer,4.0,No,Free Shipping,No,No,22.0,PayPal,Monthly,2
3497,3498,,Female,Handbag,Accessories,48,Colorado,M,Red,Spring,,No,,No,No,,Venmo,,1
3498,3499,47.0,Female,Sandals,Footwear,35,Kentucky,M,Lavender,Summer,3.8,No,Standard,No,No,2.0,Bank Transfer,Bi-Weekly,3
3499,3500,22.0,Female,Socks,Clothing,29,New Jersey,L,Indigo,Fall,3.0,No,Next Day Air,No,No,13.0,PayPal,Every 3 Months,2
3500,3501,38.0,Female,Shirt,Clothing,48,Oregon,S,Silver,Fall,4.6,No,Next Day Air,No,No,38.0,Debit Card,Fortnightly,3
3501,3502,53.0,Female,Shoes,Footwear,87,Nebraska,M,Silver,Fall,4.8,No,Standard,No,No,43.0,Bank Transfer,Weekly,1
3502,3503,,Female,Backpack,Accessories,62,Massachusetts,M,Green,Fall,,No,,No,No,,Bank Transfer,,3
3503,3504,31.0,Female,Shirt,Clothing,96,Nebraska,M,Pink,Spring,3.9,No,Free Shipping,No,No,39.0,Cash,Weekly,3
3504,3505,65.0,Female,Handbag,Accessories,41,Hawaii,S,Violet,Fall,4.0,No,Next Day Air,No,No,50.0,Venmo,,1
3505,3506,48.0,Female,Jewelry,Accessories,42,Indiana,L,Red,Winter,3.7,No,2-Day Shipping,No,No,40.0,Bank Transfer,Every 3 Months,3
3506,3507,18.0,Female,Shirt,Clothing,57,Illinois,L,Olive,Winter,3.7,No,2-Day Shipping,No,No,12.0,Cash,Fortnightly,4
3507,3508,46.0,Female,Handbag,Accessories,65,Colorado,S,Purple,Spring,4.2,No,Store Pickup,No,No,33.0,Credit Card,Every 3 Months,1
3508,3509,52.0,Female,Pants,Clothing,54,Pennsylvania,M,Gray,Fall,4.7,No,Standard,No,No,49.0,Bank Transfer,Weekly,3
3509,3510,50.0,Female,T-shirt,Clothing,22,Ohio,L,Brown,Winter,4.3,No,Next Day Air,No,No,43.0,Venmo,Bi-Weekly,1
3510,3511,49.0,Female,Sneakers,Footwear,96,Pennsylvania,S,Orange,Fall,4.9,No,2-Day Shipping,No,No,14.0,Venmo,Monthly,2
3511,3512,69.0,Female,Jewelry,Accessories,81,Mississippi,M,Blue,Summer,3.9,No,2-Day Shipping,No,No,21.0,Credit Card,Every 3 Months,3
3512,3513,36.0,Female,Shirt,Clothing,46,Kentucky,M,White,Fall,3.4,No,Free Shipping,No,No,31.0,Debit Card,Quarterly,3
3513,3514,,Female,Blouse,Clothing,74,Alaska,XL,Charcoal,Spring,4.2,No,Store Pickup,No,No,29.0,Credit Card,,3
3514,3515,25.0,Female,Sneakers,Footwear,50,Georgia,XL,Gray,Winter,4.7,No,Express,No,No,32.0,Cash,Monthly,3
3515,3516,19.0,Female,Dress,Clothing,80,South Dakota,XL,Charcoal,Winter,4.0,No,Next Day Air,No,No,16.0,Debit Card,Bi-Weekly,3
3516,3517,34.0,Female,Boots,Footwear,56,South Carolina,S,White,Summer,4.0,No,Free Shipping,No,No,38.0,PayPal,Bi-Weekly,2
3517,3518,29.0,Female,Skirt,Clothing,69,Tennessee,M,Orange,Winter,3.1,No,Next Day Air,No,No,34.0,Debit Card,Every 3 Months,2
3518,3519,50.0,Female,Shirt,Clothing,97,Colorado,M,Black,Spring,4.2,No,Standard,No,No,30.0,PayPal,Quarterly,2
3519,3520,31.0,Female,Shorts,Clothing,66,Wisconsin,M,White,Winter,3.7,No,Next Day Air,No,No,14.0,Bank Transfer,,1
3520,3521,41.0,Female,Hat,Accessories,70,Georgia,S,Brown,Spring,3.1,No,Express,No,No,33.0,Bank Transfer,Monthly,3
3521,3522,52.0,Female,Shoes,Footwear,50,Maryland,M,Pink,Winter,3.7,No,Store Pickup,No,No,35.0,Venmo,Weekly,3
3522,3523,27.0,Female,Pants,Clothing,85,New Jersey,M,Yellow,Spring,3.2,No,Store Pickup,No,No,13.0,Cash,,1
3523,3524,49.0,Female,Backpack,Accessories,59,Nevada,M,Cyan,Summer,2.8,No,Standard,No,No,30.0,Cash,Fortnightly,3
3524,3525,69.0,Female,Pants,Clothing,74,Michigan,L,Silver,Summer,2.9,No,Free Shipping,No,No,30.0,Credit Card,Monthly,3
3525,3526,45.0,Female,Sunglasses,Accessories,38,Wyoming,L,Olive,Winter,3.5,No,Standard,No,No,47.0,Bank Transfer,Annually,1
3526,3527,20.0,Female,Sweater,Clothing,99,Massachusetts,M,Olive,Spring,3.8,No,Express,No,No,1.0,PayPal,Every 3 Months,3
3527,3528,,Female,Blouse,Clothing,97,Washington,S,Charcoal,Spring,,No,,No,No,,Cash,,4
3528,3529,38.0,Female,Scarf,Accessories,67,Maine,L,Gray,Summer,4.5,No,Free Shipping,No,No,33.0,PayPal,Annually,1
3529,3530,55.0,Female,T-shirt,Clothing,20,Montana,S,Maroon,Winter,3.9,No,Next Day Air,No,No,43.0,Bank Transfer,Weekly,1
3530,3531,62.0,Female,Sunglasses,Accessories,45,Oklahoma,L,Black,Spring,3.4,No,Express,No,No,37.0,PayPal,Weekly,3
3531,3532,54.0,Female,Shoes,Footwear,52,North Dakota,XL,Violet,Winter,4.6,No,2-Day Shipping,No,No,23.0,Cash,Quarterly,4
3532,3533,61.0,Female,Pants,Clothing,68,Connecticut,L,Indigo,Fall,4.6,No,Standard,No,No,12.0,Credit Card,Annually,4
3533,3534,50.0,Female,Sneakers,Footwear,98,Texas,L,Yellow,Fall,4.7,No,Standard,No,No,30.0,Venmo,Fortnightly,3
3534,3535,65.0,Female,Shoes,Footwear,83,Delaware,M,Gray,Fall,3.2,No,Express,No,No,7.0,Cash,Weekly,3
3535,3536,68.0,Female,Shorts,Clothing,51,Mississippi,M,Red,Summer,5.0,No,Express,No,No,20.0,Debit Card,Monthly,2
3536,3537,55.0,Female,Handbag,Accessories,21,Minnesota,L,Peach,Spring,4.5,No,Express,No,No,10.0,Venmo,Monthly,2
3537,3538,57.0,Female,Handbag,Accessories,92,Georgia,M,Gray,Spring,3.5,No,Standard,No,No,40.0,Credit Card,Every 3 Months,2
3538,3539,56.0,Female,Shoes,Footwear,63,Iowa,S,White,Spring,4.5,No,Store Pickup,No,No,21.0,Venmo,,1
3539,3540,29.0,Female,Jewelry,Accessories,56,New York,S,Green,Spring,3.2,No,Express,No,No,17.0,Credit Card,Bi-Weekly,3
3540,3541,24.0,Female,Shorts,Clothing,95,Nevada,M,Magenta,Spring,4.6,No,Free Shipping,No,No,5.0,Bank Transfer,Weekly,4
3541,3542,,Female,Blouse,Clothing,66,Virginia,M,Olive,Winter,,No,,No,No,,PayPal,,1
3542,3543,,Female,Coat,Outerwear,28,Idaho,S,Olive,Spring,,No,,No,No,,Venmo,,1
3543,3544,58.0,Female,Hat,Accessories,83,Colorado,M,Blue,Winter,4.1,No,Standard,No,No,18.0,PayPal,Every 3 Months,1
3544,3545,,Female,Socks,Clothing,55,Wisconsin,XL,Charcoal,Fall,,No,,No,No,,Cash,,3
3545,3546,,Female,Sandals,Footwear,28,Connecticut,M,Yellow,Spring,,No,,No,No,,Debit Card,,2
3546,3547,60.0,Female,Scarf,Accessories,79,Kansas,M,Violet,Summer,3.6,No,Free Shipping,No,No,37.0,Bank Transfer,Bi-Weekly,2
3547,3548,52.0,Female,Scarf,Accessories,31,Pennsylvania,L,Magenta,Summer,3.8,No,Standard,No,No,23.0,Credit Card,Annually,1
3548,3549,63.0,Female,Blouse,Clothing,37,Utah,M,Red,Fall,3.0,No,Standard,No,No,47.0,Debit Card,Fortnightly,3
3549,3550,44.0,Female,T-shirt,Clothing,34,Oregon,M,Cyan,Summer,3.4,No,2-Day Shipping,No,No,11.0,Bank Transfer,Fortnightly,1
3550,3551,63.0,Female,Shoes,Footwear,74,West Virginia,S,Orange,Winter,4.8,No,Standard,No,No,32.0,Cash,Weekly,4
3551,3552,66.0,Female,Gloves,Accessories,31,Montana,L,Black,Spring,2.6,No,Store Pickup,No,No,20.0,Venmo,Weekly,4
3552,3553,22.0,Female,Sunglasses,Accessories,66,Kentucky,M,Blue,Winter,2.9,No,Next Day Air,No,No,3.0,PayPal,Quarterly,2
3553,3554,62.0,Female,Shoes,Footwear,99,Minnesota,M,Charcoal,Spring,4.9,No,Free Shipping,No,No,32.0,Bank Transfer,Weekly,1
3554,3555,39.0,Female,Dress,Clothing,55,Louisiana,M,Indigo,Spring,5.0,No,Free Shipping,No,No,5.0,Credit Card,Fortnightly,1
3555,3556,,Female,Blouse,Clothing,23,Delaware,L,Silver,Spring,,No,Next Day Air,No,No,,Cash,,3
3556,3557,70.0,Female,Sweater,Clothing,88,Arizona,M,Brown,Fall,4.2,No,Express,No,No,43.0,Cash,Bi-Weekly,2
3557,3558,52.0,Female,Jacket,Outerwear,26,Nevada,M,Peach,Summer,4.9,No,Next Day Air,No,No,1.0,PayPal,Every 3 Months,2
3558,3559,68.0,Female,Backpack,Accessories,94,Alaska,L,Magenta,Summer,4.8,No,Standard,No,No,9.0,Venmo,Quarterly,2
3559,3560,18.0,Female,Shorts,Clothing,25,Utah,M,Beige,Fall,3.0,No,Next Day Air,No,No,13.0,Venmo,Every 3 Months,4
3560,3561,18.0,Female,Socks,Clothing,96,Kansas,XL,Violet,Fall,3.5,No,Express,No,No,5.0,Credit Card,Annually,1
3561,3562,63.0,Female,Sneakers,Footwear,29,North Carolina,L,Black,Spring,3.4,No,Standard,No,No,39.0,Credit Card,Fortnightly,2
3562,3563,47.0,Female,Sneakers,Footwear,36,Maryland,M,Cyan,Winter,3.4,No,Free Shipping,No,No,7.0,Bank Transfer,Weekly,3
3563,3564,,Female,Blouse,Clothing,90,Maine,M,Green,Summer,,No,,No,No,,Credit Card,,4
3564,3565,60.0,Female,Gloves,Accessories,38,Illinois,S,Brown,Summer,4.4,No,Free Shipping,No,No,40.0,Venmo,,1
3565,3566,49.0,Female,Handbag,Accessories,52,Pennsylvania,S,Gray,Spring,4.2,No,Store Pickup,No,No,35.0,PayPal,Monthly,1
3566,3567,28.0,Female,Jeans,Clothing,88,Alaska,S,Orange,Spring,3.1,No,Next Day Air,No,No,14.0,Venmo,Monthly,1
3567,3568,32.0,Female,Scarf,Accessories,56,New Mexico,S,Silver,Summer,4.0,No,Next Day Air,No,No,26.0,Credit Card,,2
3568,3569,,Female,Sandals,Footwear,71,Arkansas,M,Purple,Spring,4.8,No,Next Day Air,No,No,14.0,PayPal,,3
3569,3570,35.0,Female,Sandals,Footwear,94,Alaska,M,Olive,Fall,3.3,No,Express,No,No,9.0,Bank Transfer,Fortnightly,1
3570,3571,23.0,Female,Dress,Clothing,97,Louisiana,XL,Teal,Winter,4.7,No,Standard,No,No,32.0,Debit Card,Annually,4
3571,3572,70.0,Female,Skirt,Clothing,27,North Dakota,M,White,Summer,3.2,No,Standard,No,No,15.0,Bank Transfer,Every 3 Months,2
3572,3573,23.0,Female,Shorts,Clothing,28,Rhode Island,M,Black,Spring,5.0,No,Standard,No,No,25.0,Credit Card,Monthly,2
3573,3574,43.0,Female,Jeans,Clothing,67,Connecticut,L,Maroon,Fall,4.9,No,Free Shipping,No,No,27.0,PayPal,Monthly,2
3574,3575,29.0,Female,Socks,Clothing,70,New York,M,Cyan,Fall,4.9,No,Express,No,No,39.0,Bank Transfer,Quarterly,1
3575,3576,61.0,Female,Coat,Outerwear,95,Kentucky,M,Violet,Fall,3.7,No,Express,No,No,49.0,Venmo,Bi-Weekly,4
3576,3577,29.0,Female,Boots,Footwear,24,Maine,L,Yellow,Spring,3.0,No,Express,No,No,12.0,Venmo,Bi-Weekly,3
3577,3578,,Female,Belt,Accessories,35,Missouri,S,Yellow,Winter,,No,,No,No,,Bank Transfer,,3
3578,3579,46.0,Female,Shoes,Footwear,22,Georgia,L,Olive,Winter,2.6,No,Standard,No,No,22.0,Bank Transfer,Quarterly,1
3579,3580,34.0,Female,Scarf,Accessories,66,Arizona,L,Olive,Fall,4.8,No,Standard,No,No,19.0,Credit Card,Every 3 Months,3
3580,3581,51.0,Female,Blouse,Clothing,83,New Hampshire,M,Magenta,Summer,3.2,No,2-Day Shipping,No,No,3.0,Cash,Bi-Weekly,4
3581,3582,26.0,Female,Dress,Clothing,95,Georgia,M,Orange,Fall,4.9,No,Next Day Air,No,No,50.0,Credit Card,Weekly,3
3582,3583,23.0,Female,Shorts,Clothing,41,California,S,Beige,Summer,3.4,No,2-Day Shipping,No,No,15.0,PayPal,Annually,2
3583,3584,52.0,Female,Blouse,Clothing,77,Arizona,L,Brown,Summer,2.7,No,Store Pickup,No,No,44.0,Credit Card,Every 3 Months,3
3584,3585,39.0,Female,Sneakers,Footwear,52,Florida,L,Indigo,Fall,4.8,No,Express,No,No,48.0,Debit Card,Monthly,3
3585,3586,39.0,Female,Gloves,Accessories,41,New York,XL,Gray,Winter,4.1,No,Standard,No,No,4.0,Venmo,Bi-Weekly,3
3586,3587,33.0,Female,Hoodie,Clothing,28,Idaho,M,Yellow,Winter,4.6,No,Store Pickup,No,No,12.0,PayPal,Bi-Weekly,3
3587,3588,33.0,Female,Sweater,Clothing,90,Virginia,S,Violet,Summer,4.4,No,Standard,No,No,33.0,Debit Card,Annually,1
3588,3589,23.0,Female,Sunglasses,Accessories,55,Michigan,M,Magenta,Spring,3.5,No,2-Day Shipping,No,No,40.0,Cash,Annually,4
3589,3590,,Female,Belt,Accessories,73,New Hampshire,M,Blue,Spring,4.8,No,Next Day Air,No,No,38.0,Cash,,1
3590,3591,27.0,Female,Dress,Clothing,87,South Dakota,M,Gray,Fall,2.9,No,2-Day Shipping,No,No,19.0,Venmo,Every 3 Months,1
3591,3592,48.0,Female,Jacket,Outerwear,89,South Dakota,M,Gold,Winter,3.2,No,2-Day Shipping,No,No,38.0,Bank Transfer,Quarterly,2
3592,3593,61.0,Female,Boots,Footwear,82,New Jersey,L,Lavender,Spring,4.4,No,2-Day Shipping,No,No,18.0,Venmo,Fortnightly,1
3593,3594,63.0,Female,Sandals,Footwear,80,Wyoming,M,Black,Spring,4.6,No,Next Day Air,No,No,24.0,PayPal,Monthly,4
3594,3595,19.0,Female,Scarf,Accessories,87,Alabama,L,Charcoal,Summer,2.6,No,2-Day Shipping,No,No,29.0,Venmo,Quarterly,4
3595,3596,21.0,Female,Blouse,Clothing,41,South Dakota,M,Violet,Spring,3.1,No,Store Pickup,No,No,14.0,PayPal,Annually,4
3596,3597,28.0,Female,Hoodie,Clothing,83,South Carolina,M,Charcoal,Spring,4.3,No,Standard,No,No,44.0,Cash,,4
3597,3598,,Female,Sunglasses,Accessories,71,New Mexico,M,Maroon,Summer,,No,Standard,No,No,,Bank Transfer,,4
3598,3599,23.0,Female,Hoodie,Clothing,76,Connecticut,XL,Purple,Spring,4.6,No,Store Pickup,No,No,19.0,Bank Transfer,Bi-Weekly,1
3599,3600,37.0,Female,Scarf,Accessories,34,Kansas,S,Peach,Spring,4.6,No,Express,No,No,4.0,Cash,Weekly,1
3600,3601,67.0,Female,Dress,Clothing,81,South Carolina,XL,Olive,Spring,2.7,No,Free Shipping,No,No,25.0,Cash,Bi-Weekly,4
3601,3602,34.0,Female,T-shirt,Clothing,47,North Carolina,M,Indigo,Summer,3.0,No,Next Day Air,No,No,3.0,PayPal,Monthly,1
3602,3603,58.0,Female,Skirt,Clothing,36,Wyoming,S,Magenta,Summer,3.3,No,Store Pickup,No,No,40.0,Debit Card,Quarterly,3
3603,3604,45.0,Female,Jeans,Clothing,51,Louisiana,M,Gold,Spring,2.7,No,Free Shipping,No,No,5.0,Cash,Weekly,2
3604,3605,,Female,Hoodie,Clothing,86,Louisiana,M,Orange,Fall,,No,,No,No,,Debit Card,,4
3605,3606,,Female,Jeans,Clothing,41,Alabama,M,Gold,Fall,,No,,No,No,,Bank Transfer,,2
3606,3607,41.0,Female,Sandals,Footwear,90,Minnesota,XL,Purple,Fall,4.8,No,Express,No,No,41.0,Venmo,Annually,1
3607,3608,50.0,Female,Hat,Accessories,93,New Mexico,L,Charcoal,Fall,3.3,No,Standard,No,No,20.0,Venmo,Bi-Weekly,4
3608,3609,24.0,Female,Gloves,Accessories,56,Tennessee,M,Cyan,Fall,4.3,No,Next Day Air,No,No,2.0,Cash,Every 3 Months,4
3609,3610,21.0,Female,Socks,Clothing,39,New Mexico,M,Cyan,Summer,3.0,No,2-Day Shipping,No,No,31.0,Debit Card,Monthly,1
3610,3611,18.0,Female,Jacket,Outerwear,86,Texas,XL,Green,Fall,4.8,No,2-Day Shipping,No,No,23.0,Bank Transfer,,4
3611,3612,63.0,Female,T-shirt,Clothing,82,Washington,M,Silver,Spring,2.9,No,Standard,No,No,30.0,Credit Card,Annually,4
3612,3613,47.0,Female,Sandals,Footwear,29,Michigan,M,Teal,Summer,3.6,No,Standard,No,No,26.0,Cash,Every 3 Months,3
3613,3614,,Female,Hat,Accessories,27,Minnesota,M,Magenta,Fall,,No,,No,No,,Venmo,,2
3614,3615,,Female,Gloves,Accessories,25,Delaware,L,Maroon,Spring,,No,2-Day Shipping,No,No,,Bank Transfer,,4
3615,3616,35.0,Female,Dress,Clothing,31,California,M,Gold,Winter,4.4,No,Free Shipping,No,No,4.0,Credit Card,Monthly,1
3616,3617,42.0,Female,Hoodie,Clothing,23,Wisconsin,L,Purple,Winter,3.3,No,Store Pickup,No,No,33.0,Debit Card,Fortnightly,4
3617,3618,48.0,Female,Belt,Accessories,47,Kentucky,M,Lavender,Fall,4.3,No,Express,No,No,29.0,Debit Card,Monthly,2
3618,3619,28.0,Female,Gloves,Accessories,67,Nevada,M,Maroon,Fall,4.0,No,2-Day Shipping,No,No,47.0,PayPal,Bi-Weekly,3
3619,3620,44.0,Female,Scarf,Accessories,75,North Carolina,S,Magenta,Winter,4.9,No,2-Day Shipping,No,No,50.0,Venmo,Weekly,4
3620,3621,60.0,Female,Sandals,Footwear,82,Louisiana,M,Turquoise,Summer,2.9,No,Express,No,No,28.0,Credit Card,Fortnightly,2
3621,3622,38.0,Female,Sneakers,Footwear,32,New Jersey,XL,Silver,Summer,4.0,No,2-Day Shipping,No,No,5.0,Cash,Fortnightly,2
3622,3623,46.0,Female,Dress,Clothing,41,Wisconsin,M,Purple,Fall,4.3,No,Store Pickup,No,No,12.0,Credit Card,,4
3623,3624,39.0,Female,Jewelry,Accessories,89,Arkansas,M,Violet,Winter,2.7,No,2-Day Shipping,No,No,4.0,PayPal,,1
3624,3625,22.0,Female,Hat,Accessories,82,Texas,XL,Peach,Fall,5.0,No,Store Pickup,No,No,22.0,Bank Transfer,Bi-Weekly,1
3625,3626,44.0,Female,Scarf,Accessories,99,Illinois,L,Green,Winter,4.4,No,Express,No,No,32.0,PayPal,Weekly,3
3626,3627,69.0,Female,Blouse,Clothing,98,Mississippi,L,Teal,Fall,3.5,No,Express,No,No,32.0,Venmo,Quarterly,4
3627,3628,39.0,Female,Belt,Accessories,54,Delaware,M,Silver,Winter,3.3,No,Next Day Air,No,No,48.0,Cash,Every 3 Months,3
3628,3629,53.0,Female,Blouse,Clothing,88,Georgia,L,Purple,Summer,3.8,No,Free Shipping,No,No,35.0,Credit Card,,4
3629,3630,52.0,Female,T-shirt,Clothing,43,Kansas,L,Lavender,Summer,4.5,No,Standard,No,No,44.0,Debit Card,Fortnightly,4
3630,3631,65.0,Female,Hat,Accessories,73,Oklahoma,M,Lavender,Winter,4.8,No,Store Pickup,No,No,29.0,Cash,Weekly,2
3631,3632,,Female,Hat,Accessories,50,New Jersey,M,Peach,Fall,2.9,No,Store Pickup,No,No,26.0,Credit Card,,1
3632,3633,27.0,Female,Sneakers,Footwear,73,Utah,L,Green,Spring,3.2,No,Express,No,No,3.0,Debit Card,Quarterly,3
3633,3634,39.0,Female,Gloves,Accessories,51,Montana,M,Orange,Spring,2.8,No,Free Shipping,No,No,1.0,Bank Transfer,Bi-Weekly,2
3634,3635,59.0,Female,Socks,Clothing,22,Ohio,M,Pink,Winter,3.3,No,Standard,No,No,17.0,PayPal,Annually,4
3635,3636,52.0,Female,Sandals,Footwear,32,Colorado,L,Cyan,Fall,3.3,No,Free Shipping,No,No,17.0,Credit Card,Fortnightly,4
3636,3637,50.0,Female,Sandals,Footwear,38,California,L,Lavender,Summer,4.2,No,2-Day Shipping,No,No,36.0,Cash,Weekly,1
3637,3638,32.0,Female,Boots,Footwear,66,Utah,L,Yellow,Winter,3.6,No,Express,No,No,32.0,Credit Card,Fortnightly,3
3638,3639,40.0,Female,Backpack,Accessories,20,Kansas,M,Olive,Spring,4.6,No,Express,No,No,50.0,PayPal,Bi-Weekly,1
3639,3640,26.0,Female,Coat,Outerwear,44,Illinois,M,Brown,Summer,3.6,No,2-Day Shipping,No,No,39.0,Venmo,Annually,2
3640,3641,47.0,Female,Sunglasses,Accessories,31,Minnesota,L,Pink,Spring,4.0,No,Next Day Air,No,No,17.0,PayPal,Monthly,4
3641,3642,,Female,Jacket,Outerwear,45,New York,M,Cyan,Fall,,No,,No,No,,Bank Transfer,,2
3642,3643,47.0,Female,Dress,Clothing,71,Arizona,L,Maroon,Summer,4.4,No,Store Pickup,No,No,5.0,PayPal,Annually,3
3643,3644,,Female,Scarf,Accessories,96,Tennessee,XL,Magenta,Fall,,No,,No,No,,Debit Card,,3
3644,3645,,Female,Blouse,Clothing,32,Arkansas,M,Violet,Winter,,No,,No,No,,Venmo,,4
3645,3646,38.0,Female,Backpack,Accessories,90,Colorado,L,Silver,Summer,3.4,No,Free Shipping,No,No,31.0,Credit Card,Every 3 Months,4
3646,3647,69.0,Female,Jewelry,Accessories,68,Nevada,M,Maroon,Spring,5.0,No,2-Day Shipping,No,No,39.0,Debit Card,Fortnightly,3
3647,3648,47.0,Female,Shorts,Clothing,45,Kansas,M,Gray,Winter,2.9,No,Store Pickup,No,No,12.0,Bank Transfer,Weekly,3
3648,3649,31.0,Female,Skirt,Clothing,67,New York,M,White,Winter,5.0,No,Free Shipping,No,No,45.0,Cash,Bi-Weekly,2
3649,3650,68.0,Female,Skirt,Clothing,57,Minnesota,M,Brown,Fall,4.4,No,Standard,No,No,33.0,Credit Card,Fortnightly,4
3650,3651,51.0,Female,Jeans,Clothing,60,Ohio,M,Silver,Summer,3.5,No,2-Day Shipping,No,No,3.0,PayPal,Annually,4
3651,3652,20.0,Female,Handbag,Accessories,32,Arizona,M,Yellow,Spring,3.8,No,Express,No,No,5.0,Venmo,Every 3 Months,3
3652,3653,,Female,Handbag,Accessories,29,Kentucky,S,Magenta,Fall,,No,,No,No,,Debit Card,,1
3653,3654,67.0,Female,Coat,Outerwear,20,Minnesota,M,Blue,Spring,3.9,No,Next Day Air,No,No,39.0,Credit Card,Fortnightly,2
3654,3655,,Female,Jewelry,Accessories,98,Arkansas,M,Green,Winter,3.3,No,Next Day Air,No,No,10.0,Credit Card,,1
3655,3656,20.0,Female,Sweater,Clothing,27,Wyoming,M,Yellow,Fall,2.9,No,Next Day Air,No,No,4.0,Credit Card,Bi-Weekly,4
3656,3657,35.0,Female,Jacket,Outerwear,67,North Dakota,XL,Cyan,Spring,3.7,No,2-Day Shipping,No,No,18.0,Credit Card,Monthly,2
3657,3658,,Female,Shoes,Footwear,82,Alabama,L,Gold,Winter,3.7,No,Express,No,No,1.0,Debit Card,,1
3658,3659,,Female,T-shirt,Clothing,72,Mississippi,M,Magenta,Fall,,No,,No,No,,PayPal,,3
3659,3660,27.0,Female,Sandals,Footwear,77,Illinois,S,Gray,Fall,4.9,No,Store Pickup,No,No,46.0,Bank Transfer,Annually,4
3660,3661,19.0,Female,Shoes,Footwear,74,Arkansas,L,Indigo,Winter,3.1,No,2-Day Shipping,No,No,13.0,Bank Transfer,Fortnightly,4
3661,3662,63.0,Female,Sandals,Footwear,39,Kansas,S,White,Winter,3.5,No,Next Day Air,No,No,5.0,Credit Card,,1
3662,3663,,Female,Shorts,Clothing,80,Rhode Island,M,Indigo,Spring,,No,,No,No,,Debit Card,,4
3663,3664,,Female,Backpack,Accessories,59,Florida,M,Green,Summer,,No,,No,No,,Credit Card,,1
3664,3665,63.0,Female,Jacket,Outerwear,68,Missouri,M,Turquoise,Fall,4.4,No,Store Pickup,No,No,1.0,Debit Card,Fortnightly,1
3665,3666,,Female,Socks,Clothing,77,North Carolina,M,Peach,Fall,3.4,No,Next Day Air,No,No,11.0,Credit Card,,3
3666,3667,67.0,Female,Jewelry,Accessories,50,Alabama,M,Olive,Winter,3.0,No,2-Day Shipping,No,No,47.0,Cash,Every 3 Months,1
3667,3668,51.0,Female,Pants,Clothing,45,Washington,L,Cyan,Fall,2.6,No,Next Day Air,No,No,20.0,Venmo,Monthly,1
3668,3669,59.0,Female,Blouse,Clothing,71,Michigan,XL,Magenta,Summer,3.2,No,Store Pickup,No,No,18.0,Venmo,Annually,2
3669,3670,25.0,Female,Socks,Clothing,52,Washington,S,Silver,Fall,4.6,No,Store Pickup,No,No,43.0,PayPal,Quarterly,1
3670,3671,31.0,Female,Shoes,Footwear,50,Vermont,S,White,Winter,3.8,No,Free Shipping,No,No,4.0,PayPal,Every 3 Months,4
3671,3672,62.0,Female,Handbag,Accessories,66,Illinois,L,Pink,Summer,4.8,No,2-Day Shipping,No,No,20.0,Venmo,Quarterly,1
3672,3673,,Female,Sandals,Footwear,81,New York,S,Pink,Fall,4.5,No,Free Shipping,No,No,7.0,PayPal,,3
3673,3674,32.0,Female,Socks,Clothing,28,Rhode Island,M,Pink,Summer,4.2,No,2-Day Shipping,No,No,31.0,Bank Transfer,Fortnightly,4
3674,3675,35.0,Female,Handbag,Accessories,65,Washington,M,Blue,Winter,2.7,No,2-Day Shipping,No,No,41.0,Venmo,Fortnightly,3
3675,3676,70.0,Female,Hat,Accessories,80,Virginia,M,White,Winter,4.5,No,Express,No,No,3.0,Bank Transfer,,1
3676,3677,19.0,Female,Jewelry,Accessories,94,Wisconsin,S,Teal,Spring,4.9,No,Free Shipping,No,No,16.0,PayPal,Monthly,3
3677,3678,32.0,Female,Backpack,Accessories,30,Michigan,M,Gray,Fall,2.8,No,Standard,No,No,43.0,Cash,Annually,3
3678,3679,56.0,Female,Shirt,Clothing,45,Texas,S,Beige,Fall,3.5,No,Standard,No,No,29.0,Bank Transfer,,2
3679,3680,53.0,Female,Coat,Outerwear,91,Idaho,M,Violet,Summer,2.5,No,Store Pickup,No,No,5.0,Cash,Bi-Weekly,1
3680,3681,22.0,Female,Sunglasses,Accessories,36,Iowa,S,Blue,Winter,2.9,No,Standard,No,No,30.0,Debit Card,Quarterly,3
3681,3682,26.0,Female,Gloves,Accessories,73,Connecticut,XL,Magenta,Fall,4.2,No,Next Day Air,No,No,33.0,Debit Card,Monthly,1
3682,3683,42.0,Female,Shirt,Clothing,60,Wyoming,M,Maroon,Fall,4.6,No,Store Pickup,No,No,46.0,Venmo,Bi-Weekly,3
3683,3684,30.0,Female,Socks,Clothing,77,Mississippi,M,Purple,Winter,3.0,No,Free Shipping,No,No,17.0,Venmo,Fortnightly,4
3684,3685,,Female,Skirt,Clothing,86,Pennsylvania,L,Charcoal,Spring,,No,,No,No,,Credit Card,,3
3685,3686,47.0,Female,Shorts,Clothing,42,Tennessee,L,Red,Summer,2.6,No,Standard,No,No,17.0,Cash,Bi-Weekly,1
3686,3687,59.0,Female,Sandals,Footwear,70,Louisiana,M,Charcoal,Spring,4.8,No,Free Shipping,No,No,17.0,Cash,Bi-Weekly,3
3687,3688,,Female,Shirt,Clothing,44,Arkansas,L,Lavender,Summer,,No,,No,No,,Bank Transfer,,2
3688,3689,52.0,Female,Sunglasses,Accessories,91,West Virginia,L,White,Spring,3.0,No,Next Day Air,No,No,8.0,Cash,Monthly,4
3689,3690,,Female,Jewelry,Accessories,30,South Carolina,L,Red,Fall,,No,,No,No,,Bank Transfer,,2
3690,3691,24.0,Female,Blouse,Clothing,23,Kansas,S,Violet,Fall,3.7,No,Store Pickup,No,No,4.0,Bank Transfer,Bi-Weekly,4
3691,3692,63.0,Female,Sandals,Footwear,21,Michigan,XL,Orange,Summer,4.8,No,Next Day Air,No,No,24.0,PayPal,,1
3692,3693,59.0,Female,Coat,Outerwear,34,Alabama,L,Turquoise,Spring,4.8,No,Free Shipping,No,No,29.0,Cash,Fortnightly,4
3693,3694,,Female,Blouse,Clothing,46,South Dakota,M,Violet,Summer,4.7,No,2-Day Shipping,No,No,10.0,Venmo,,4
3694,3695,45.0,Female,Sweater,Clothing,41,Rhode Island,M,Blue,Winter,2.6,No,Express,No,No,11.0,PayPal,Bi-Weekly,1
3695,3696,38.0,Female,Skirt,Clothing,33,Florida,M,White,Fall,4.6,No,Standard,No,No,18.0,Bank Transfer,Fortnightly,4
3696,3697,63.0,Female,Blouse,Clothing,48,Connecticut,L,Turquoise,Fall,3.4,No,Next Day Air,No,No,26.0,Bank Transfer,Annually,4
3697,3698,55.0,Female,Hoodie,Clothing,66,Pennsylvania,L,Pink,Winter,3.0,No,Standard,No,No,39.0,Cash,Weekly,1
3698,3699,25.0,Female,Skirt,Clothing,54,California,XL,Maroon,Spring,4.0,No,2-Day Shipping,No,No,4.0,Venmo,Annually,4
3699,3700,51.0,Female,Backpack,Accessories,55,Oklahoma,M,Olive,Fall,2.6,No,Store Pickup,No,No,24.0,Bank Transfer,Weekly,1
3700,3701,28.0,Female,Handbag,Accessories,84,North Dakota,XL,Charcoal,Summer,3.4,No,Store Pickup,No,No,2.0,Bank Transfer,Every 3 Months,2
3701,3702,,Female,Sandals,Footwear,66,New Mexico,M,Charcoal,Spring,,No,,No,No,,Cash,,2
3702,3703,58.0,Female,Shoes,Footwear,65,South Carolina,M,Indigo,Spring,2.7,No,Store Pickup,No,No,36.0,Venmo,Weekly,4
3703,3704,,Female,Sandals,Footwear,83,Michigan,S,Teal,Fall,2.9,No,Standard,No,No,,PayPal,,1
3704,3705,68.0,Female,Sunglasses,Accessories,61,Missouri,L,Black,Winter,4.0,No,Store Pickup,No,No,36.0,Credit Card,Quarterly,1
3705,3706,,Female,Skirt,Clothing,65,Colorado,L,Teal,Summer,,No,,No,No,,Debit Card,,2
3706,3707,26.0,Female,Sandals,Footwear,55,Kansas,M,Green,Spring,4.0,No,Store Pickup,No,No,17.0,Cash,Bi-Weekly,2
3707,3708,,Female,Gloves,Accessories,79,Illinois,M,Gold,Fall,,No,,No,No,,Venmo,,1
3708,3709,40.0,Female,Hoodie,Clothing,96,South Carolina,M,Red,Fall,4.9,No,Express,No,No,41.0,PayPal,Monthly,3
3709,3710,31.0,Female,Socks,Clothing,43,Utah,M,Silver,Fall,3.6,No,Free Shipping,No,No,27.0,PayPal,Quarterly,2
3710,3711,60.0,Female,Jewelry,Accessories,40,Hawaii,M,Yellow,Summer,3.6,No,2-Day Shipping,No,No,32.0,Bank Transfer,Fortnightly,3
3711,3712,,Female,Hat,Accessories,62,Texas,XL,Peach,Fall,,No,,No,No,,Cash,,3
3712,3713,,Female,Blouse,Clothing,72,Oregon,M,Turquoise,Spring,3.7,No,2-Day Shipping,No,No,24.0,PayPal,,4
3713,3714,49.0,Female,Shoes,Footwear,87,Arizona,M,Peach,Spring,2.6,No,Express,No,No,31.0,Debit Card,Every 3 Months,2
3714,3715,18.0,Female,Hat,Accessories,31,New York,S,Peach,Winter,3.9,No,Express,No,No,35.0,Credit Card,Weekly,3
3715,3716,63.0,Female,Sunglasses,Accessories,34,Nebraska,S,Orange,Fall,3.4,No,Free Shipping,No,No,2.0,Bank Transfer,Monthly,2
3716,3717,,Female,Shirt,Clothing,53,Vermont,M,Charcoal,Fall,,No,,No,No,,Debit Card,,2
3717,3718,,Female,T-shirt,Clothing,85,Maryland,XL,White,Summer,,No,,No,No,,Bank Transfer,,3
3718,3719,36.0,Female,Pants,Clothing,50,Tennessee,L,Turquoise,Fall,2.9,No,Standard,No,No,44.0,Bank Transfer,Bi-Weekly,1
3719,3720,20.0,Female,Pants,Clothing,91,Pennsylvania,M,Red,Summer,4.1,No,Free Shipping,No,No,8.0,Bank Transfer,Every 3 Months,2
3720,3721,21.0,Female,Hat,Accessories,56,South Carolina,M,Peach,Fall,3.6,No,Free Shipping,No,No,13.0,Credit Card,Quarterly,2
3721,3722,62.0,Female,Coat,Outerwear,60,Connecticut,L,Pink,Fall,4.0,No,Next Day Air,No,No,10.0,Cash,Annually,1
3722,3723,,Female,Jacket,Outerwear,34,Kentucky,XL,Yellow,Fall,4.0,No,Standard,No,No,1.0,Credit Card,,2
3723,3724,,Female,Sandals,Footwear,30,Rhode Island,M,Beige,Spring,3.6,No,Free Shipping,No,No,1.0,Debit Card,,2
3724,3725,30.0,Female,Gloves,Accessories,71,Colorado,L,Green,Winter,3.1,No,Express,No,No,18.0,Bank Transfer,Annually,3
3725,3726,18.0,Female,Dress,Clothing,100,Oklahoma,S,Turquoise,Winter,4.4,No,Next Day Air,No,No,2.0,PayPal,Annually,3
3726,3727,47.0,Female,Belt,Accessories,85,Idaho,XL,Orange,Fall,4.3,No,Next Day Air,No,No,36.0,Debit Card,Every 3 Months,1
3727,3728,41.0,Female,Socks,Clothing,83,Maine,M,Gold,Summer,3.5,No,Next Day Air,No,No,17.0,Debit Card,Bi-Weekly,1
3728,3729,62.0,Female,Jacket,Outerwear,31,Vermont,L,Red,Winter,3.0,No,Standard,No,No,1.0,Debit Card,Annually,1
3729,3730,28.0,Female,Boots,Footwear,82,Rhode Island,M,Teal,Spring,4.7,No,2-Day Shipping,No,No,50.0,Cash,Quarterly,2
3730,3731,46.0,Female,Shirt,Clothing,79,Florida,M,Teal,Summer,2.5,No,2-Day Shipping,No,No,3.0,Credit Card,,4
3731,3732,54.0,Female,Hat,Accessories,62,West Virginia,M,Lavender,Spring,3.1,No,2-Day Shipping,No,No,45.0,PayPal,Quarterly,2
3732,3733,36.0,Female,Shoes,Footwear,92,Indiana,L,Pink,Spring,3.3,No,Free Shipping,No,No,28.0,PayPal,Annually,2
3733,3734,25.0,Female,Socks,Clothing,58,Illinois,M,Maroon,Fall,4.7,No,Next Day Air,No,No,6.0,Debit Card,Every 3 Months,1
3734,3735,38.0,Female,Hoodie,Clothing,88,California,M,Beige,Spring,3.4,No,Next Day Air,No,No,33.0,Debit Card,Every 3 Months,4
3735,3736,38.0,Female,Sandals,Footwear,44,Massachusetts,L,Orange,Spring,3.1,No,2-Day Shipping,No,No,29.0,PayPal,Annually,3
3736,3737,42.0,Female,Jeans,Clothing,56,Idaho,M,Red,Spring,4.6,No,Store Pickup,No,No,2.0,PayPal,Every 3 Months,2
3737,3738,19.0,Female,Jewelry,Accessories,23,Kentucky,S,Maroon,Winter,4.9,No,Free Shipping,No,No,43.0,PayPal,Bi-Weekly,1
3738,3739,34.0,Female,Shorts,Clothing,45,Delaware,M,Brown,Spring,2.7,No,Free Shipping,No,No,48.0,Cash,Fortnightly,2
3739,3740,,Female,Sunglasses,Accessories,31,Idaho,M,Olive,Fall,,No,,No,No,,Credit Card,,4
3740,3741,42.0,Female,Pants,Clothing,96,Virginia,M,Silver,Summer,2.6,No,Store Pickup,No,No,26.0,Debit Card,Bi-Weekly,2
3741,3742,58.0,Female,Shirt,Clothing,96,Arizona,M,Purple,Spring,3.2,No,2-Day Shipping,No,No,26.0,Debit Card,Bi-Weekly,3
3742,3743,56.0,Female,Shirt,Clothing,80,Maryland,M,Gray,Fall,4.4,No,Standard,No,No,50.0,Credit Card,Bi-Weekly,3
3743,3744,62.0,Female,Pants,Clothing,28,Idaho,L,Cyan,Fall,3.6,No,Free Shipping,No,No,36.0,Debit Card,Quarterly,4
3744,3745,24.0,Female,Hoodie,Clothing,51,New Jersey,M,Gray,Summer,2.7,No,Next Day Air,No,No,26.0,Bank Transfer,Fortnightly,1
3745,3746,60.0,Female,Socks,Clothing,41,Washington,L,Gold,Spring,4.3,No,Express,No,No,2.0,Debit Card,Monthly,4
3746,3747,,Female,Coat,Outerwear,99,Idaho,XL,Cyan,Summer,,No,Next Day Air,No,No,,PayPal,,1
3747,3748,26.0,Female,Sweater,Clothing,53,Rhode Island,L,Olive,Spring,4.3,No,Store Pickup,No,No,32.0,Bank Transfer,Bi-Weekly,1
3748,3749,34.0,Female,Backpack,Accessories,25,Delaware,M,Violet,Fall,3.9,No,2-Day Shipping,No,No,3.0,Venmo,,4
3749,3750,24.0,Female,Blouse,Clothing,95,Alaska,L,Yellow,Winter,2.9,No,2-Day Shipping,No,No,38.0,Venmo,Every 3 Months,3
3750,3751,42.0,Female,Hoodie,Clothing,88,Arizona,M,Gold,Fall,3.1,No,Free Shipping,No,No,5.0,PayPal,Monthly,4
3751,3752,,Female,Jewelry,Accessories,97,Alabama,S,Silver,Fall,4.2,No,Free Shipping,No,No,8.0,Credit Card,,4
3752,3753,,Female,Coat,Outerwear,81,Washington,L,Pink,Winter,,No,,No,No,,Venmo,,3
3753,3754,39.0,Female,Sunglasses,Accessories,26,Louisiana,S,Turquoise,Winter,4.2,No,Next Day Air,No,No,22.0,Bank Transfer,Fortnightly,1
3754,3755,46.0,Female,Shoes,Footwear,41,Nebraska,M,Turquoise,Summer,4.4,No,Express,No,No,10.0,Cash,Every 3 Months,1
3755,3756,64.0,Female,Skirt,Clothing,93,Pennsylvania,M,Peach,Fall,3.4,No,Free Shipping,No,No,26.0,Credit Card,Monthly,2
3756,3757,64.0,Female,Skirt,Clothing,69,South Carolina,L,Teal,Spring,4.8,No,Express,No,No,42.0,Debit Card,Bi-Weekly,2
3757,3758,61.0,Female,Skirt,Clothing,44,California,L,Red,Fall,4.5,No,2-Day Shipping,No,No,33.0,Cash,Weekly,4
3758,3759,61.0,Female,Sandals,Footwear,54,Indiana,S,Black,Spring,2.7,No,Store Pickup,No,No,23.0,Bank Transfer,Quarterly,4
3759,3760,44.0,Female,Sneakers,Footwear,61,Missouri,M,Pink,Spring,3.5,No,Store Pickup,No,No,30.0,Venmo,,4
3760,3761,65.0,Female,Socks,Clothing,80,Connecticut,M,Peach,Fall,3.1,No,Next Day Air,No,No,36.0,PayPal,Weekly,3
3761,3762,60.0,Female,Backpack,Accessories,30,Nevada,M,Green,Summer,2.8,No,Next Day Air,No,No,3.0,Venmo,Every 3 Months,1
3762,3763,,Female,Shorts,Clothing,94,New York,L,Green,Fall,,No,,No,No,,PayPal,,3
3763,3764,,Female,Shirt,Clothing,24,Oklahoma,XL,Red,Winter,,No,,No,No,,Cash,,3
3764,3765,36.0,Female,Socks,Clothing,21,South Dakota,M,Maroon,Fall,3.5,No,Next Day Air,No,No,19.0,Venmo,Monthly,4
3765,3766,22.0,Female,Jewelry,Accessories,52,Missouri,M,Green,Summer,4.3,No,Standard,No,No,14.0,Bank Transfer,Bi-Weekly,1
3766,3767,,Female,Handbag,Accessories,59,Texas,M,Black,Fall,,No,,No,No,,Debit Card,,4
3767,3768,,Female,Shorts,Clothing,51,New York,XL,Black,Summer,,No,,No,No,,Bank Transfer,,1
3768,3769,50.0,Female,Sweater,Clothing,35,Vermont,M,Yellow,Winter,4.0,No,Free Shipping,No,No,34.0,Bank Transfer,Quarterly,4
3769,3770,,Female,Gloves,Accessories,87,Arizona,L,Green,Summer,,No,,No,No,,Venmo,,3
3770,3771,23.0,Female,Pants,Clothing,42,Montana,L,Black,Summer,4.0,No,Store Pickup,No,No,34.0,Bank Transfer,,1
3771,3772,,Female,T-shirt,Clothing,86,Oklahoma,M,Red,Winter,,No,,No,No,,Venmo,,1
3772,3773,44.0,Female,Pants,Clothing,26,New Hampshire,L,Yellow,Fall,3.1,No,Next Day Air,No,No,35.0,Cash,Annually,2
3773,3774,25.0,Female,Sweater,Clothing,60,Wisconsin,M,Violet,Summer,3.5,No,Store Pickup,No,No,41.0,Cash,Quarterly,1
3774,3775,57.0,Female,Gloves,Accessories,83,Alaska,S,Cyan,Winter,3.9,No,Standard,No,No,48.0,PayPal,Fortnightly,3
3775,3776,41.0,Female,Belt,Accessories,63,South Dakota,S,Pink,Spring,2.7,No,2-Day Shipping,No,No,45.0,Cash,Quarterly,2
3776,3777,,Female,Sneakers,Footwear,25,Alaska,L,Olive,Spring,,No,,No,No,,Credit Card,,3
3777,3778,43.0,Female,Shorts,Clothing,65,Utah,M,Maroon,Fall,4.3,No,Express,No,No,9.0,Cash,Weekly,3
3778,3779,25.0,Female,Sneakers,Footwear,60,South Dakota,M,Cyan,Fall,2.9,No,Free Shipping,No,No,30.0,Debit Card,Annually,3
3779,3780,,Female,Jeans,Clothing,75,California,XL,Lavender,Spring,4.0,No,Express,No,No,45.0,PayPal,,3
3780,3781,54.0,Female,Sneakers,Footwear,57,Mississippi,L,Yellow,Fall,4.1,No,Free Shipping,No,No,41.0,Venmo,Quarterly,1
3781,3782,52.0,Female,Boots,Footwear,99,Tennessee,M,Pink,Winter,3.7,No,Standard,No,No,40.0,PayPal,Fortnightly,4
3782,3783,40.0,Female,Jacket,Outerwear,45,Alabama,L,Orange,Spring,2.8,No,Free Shipping,No,No,42.0,PayPal,Fortnightly,3
3783,3784,39.0,Female,Gloves,Accessories,66,Maine,XL,Orange,Summer,3.2,No,Free Shipping,No,No,17.0,Debit Card,Fortnightly,3
3784,3785,54.0,Female,Socks,Clothing,53,Virginia,M,Violet,Winter,4.5,No,Next Day Air,No,No,4.0,Venmo,Annually,2
3785,3786,,Female,Jeans,Clothing,94,New Hampshire,L,Lavender,Winter,,No,,No,No,,Cash,,3
3786,3787,31.0,Female,Boots,Footwear,47,Tennessee,L,Yellow,Fall,3.6,No,2-Day Shipping,No,No,22.0,Venmo,Weekly,3
3787,3788,37.0,Female,Blouse,Clothing,80,New York,M,Pink,Fall,3.6,No,2-Day Shipping,No,No,46.0,PayPal,Every 3 Months,2
3788,3789,43.0,Female,Hat,Accessories,65,Kansas,XL,Teal,Spring,3.2,No,Next Day Air,No,No,27.0,Debit Card,Monthly,2
3789,3790,,Female,Shirt,Clothing,75,North Dakota,M,Magenta,Summer,3.8,No,Express,No,No,18.0,Bank Transfer,,2
3790,3791,27.0,Female,Handbag,Accessories,45,Alaska,XL,Beige,Summer,4.4,No,Standard,No,No,31.0,Credit Card,Weekly,4
3791,3792,40.0,Female,Sunglasses,Accessories,51,Texas,M,Gray,Spring,3.7,No,Store Pickup,No,No,1.0,Venmo,Weekly,1
3792,3793,43.0,Female,Scarf,Accessories,58,Massachusetts,S,Turquoise,Summer,2.6,No,Express,No,No,2.0,PayPal,,4
3793,3794,62.0,Female,Sunglasses,Accessories,20,Delaware,M,Pink,Fall,4.0,No,Standard,No,No,46.0,Bank Transfer,Annually,1
3794,3795,44.0,Female,Scarf,Accessories,82,South Dakota,M,Violet,Summer,3.6,No,2-Day Shipping,No,No,27.0,Venmo,Weekly,1
3795,3796,45.0,Female,Gloves,Accessories,92,Arkansas,M,Charcoal,Spring,2.5,No,Express,No,No,3.0,Cash,Weekly,2
3796,3797,40.0,Female,Shorts,Clothing,81,Utah,M,Lavender,Fall,3.2,No,Free Shipping,No,No,47.0,Bank Transfer,Quarterly,1
3797,3798,,Female,Sunglasses,Accessories,44,California,M,Gray,Summer,,No,,No,No,,Cash,,1
3798,3799,63.0,Female,Jewelry,Accessories,72,Rhode Island,S,Brown,Winter,3.2,No,Next Day Air,No,No,23.0,Credit Card,Annually,4
3799,3800,60.0,Female,Jacket,Outerwear,26,Oklahoma,L,Violet,Winter,2.6,No,Store Pickup,No,No,13.0,Credit Card,Monthly,3
3800,3801,19.0,Female,Sweater,Clothing,26,Vermont,M,Turquoise,Fall,4.8,No,Next Day Air,No,No,12.0,Venmo,Bi-Weekly,4
3801,3802,26.0,Female,Blouse,Clothing,84,Kentucky,M,Peach,Spring,5.0,No,Store Pickup,No,No,36.0,PayPal,Fortnightly,3
3802,3803,70.0,Female,Scarf,Accessories,72,Illinois,S,Turquoise,Spring,3.2,No,2-Day Shipping,No,No,1.0,Bank Transfer,Monthly,2
3803,3804,48.0,Female,Handbag,Accessories,55,Connecticut,M,Violet,Spring,3.6,No,Standard,No,No,14.0,Debit Card,Weekly,2
3804,3805,37.0,Female,Hat,Accessories,77,Florida,M,Olive,Fall,2.7,No,2-Day Shipping,No,No,45.0,Cash,Annually,3
3805,3806,48.0,Female,Scarf,Accessories,57,New Jersey,M,Green,Fall,3.1,No,Standard,No,No,31.0,Credit Card,Quarterly,1
3806,3807,18.0,Female,Boots,Footwear,71,Missouri,M,Teal,Spring,3.0,No,Standard,No,No,41.0,PayPal,Weekly,2
3807,3808,38.0,Female,Blouse,Clothing,39,Michigan,L,Peach,Spring,2.9,No,Next Day Air,No,No,36.0,PayPal,Annually,1
3808,3809,33.0,Female,Socks,Clothing,28,Washington,M,Pink,Winter,4.7,No,Express,No,No,6.0,Debit Card,Bi-Weekly,2
3809,3810,57.0,Female,Shoes,Footwear,33,New York,S,Maroon,Winter,3.7,No,Standard,No,No,28.0,Credit Card,Annually,3
3810,3811,46.0,Female,Skirt,Clothing,79,Wisconsin,L,Peach,Fall,3.9,No,Free Shipping,No,No,29.0,Venmo,Monthly,2
3811,3812,46.0,Female,Belt,Accessories,30,Idaho,M,Maroon,Winter,4.0,No,Standard,No,No,14.0,Cash,Monthly,3
3812,3813,50.0,Female,Skirt,Clothing,75,Michigan,M,Pink,Spring,2.8,No,Next Day Air,No,No,7.0,Bank Transfer,Every 3 Months,4
3813,3814,61.0,Female,Pants,Clothing,89,Georgia,M,Orange,Summer,4.1,No,Express,No,No,31.0,Venmo,Bi-Weekly,4
3814,3815,45.0,Female,Dress,Clothing,95,Michigan,M,Orange,Winter,4.2,No,Free Shipping,No,No,26.0,Bank Transfer,Every 3 Months,2
3815,3816,32.0,Female,Hat,Accessories,44,Maine,M,Brown,Fall,4.3,No,Express,No,No,12.0,Venmo,Fortnightly,4
3816,3817,29.0,Female,Coat,Outerwear,86,Maryland,S,Silver,Summer,4.3,No,Store Pickup,No,No,45.0,Credit Card,Fortnightly,4
3817,3818,66.0,Female,Scarf,Accessories,91,Missouri,M,Magenta,Fall,2.6,No,Express,No,No,40.0,PayPal,Annually,2
3818,3819,70.0,Female,Sneakers,Footwear,41,Oregon,XL,Indigo,Winter,3.8,No,Free Shipping,No,No,42.0,Cash,Monthly,4
3819,3820,36.0,Female,Pants,Clothing,99,Arkansas,S,Gold,Spring,2.9,No,Express,No,No,45.0,Cash,Quarterly,3
3820,3821,34.0,Female,Belt,Accessories,65,New Hampshire,M,Purple,Winter,5.0,No,Standard,No,No,34.0,Debit Card,Quarterly,1
3821,3822,20.0,Female,Sneakers,Footwear,48,Oregon,M,Gold,Summer,4.6,No,Free Shipping,No,No,34.0,Credit Card,,2
3822,3823,70.0,Female,Hat,Accessories,41,Kansas,S,Gold,Spring,3.2,No,Free Shipping,No,No,17.0,PayPal,Every 3 Months,3
3823,3824,50.0,Female,Shirt,Clothing,42,California,M,Gold,Summer,3.0,No,Standard,No,No,27.0,Bank Transfer,Weekly,2
3824,3825,54.0,Female,Shorts,Clothing,26,Georgia,M,Olive,Summer,4.0,No,Free Shipping,No,No,31.0,Credit Card,Quarterly,3
3825,3826,49.0,Female,Shorts,Clothing,35,Hawaii,L,Green,Fall,4.1,No,Express,No,No,47.0,Debit Card,Fortnightly,2
3826,3827,50.0,Female,Jacket,Outerwear,31,Montana,M,Gray,Summer,4.0,No,Express,No,No,25.0,Bank Transfer,Annually,1
3827,3828,62.0,Female,Jewelry,Accessories,73,Montana,M,Red,Summer,4.1,No,Standard,No,No,47.0,Cash,Fortnightly,2
3828,3829,42.0,Female,Blouse,Clothing,82,Mississippi,M,Charcoal,Spring,3.4,No,Free Shipping,No,No,8.0,Cash,Weekly,4
3829,3830,69.0,Female,Pants,Clothing,32,Washington,M,Indigo,Spring,2.9,No,Free Shipping,No,No,32.0,Debit Card,Fortnightly,1
3830,3831,22.0,Female,Hat,Accessories,27,Pennsylvania,M,Indigo,Summer,3.0,No,2-Day Shipping,No,No,33.0,Bank Transfer,Every 3 Months,3
3831,3832,,Female,Backpack,Accessories,86,Nevada,L,Silver,Spring,,No,,No,No,,Debit Card,,3
3832,3833,64.0,Female,Boots,Footwear,38,Kansas,XL,Purple,Winter,4.8,No,2-Day Shipping,No,No,27.0,Cash,Weekly,3
3833,3834,44.0,Female,Jacket,Outerwear,93,Arizona,L,Gray,Summer,4.6,No,Free Shipping,No,No,17.0,PayPal,Every 3 Months,4
3834,3835,43.0,Female,Hoodie,Clothing,59,Tennessee,M,Magenta,Winter,4.1,No,2-Day Shipping,No,No,17.0,Cash,Quarterly,1
3835,3836,58.0,Female,Sandals,Footwear,58,Pennsylvania,L,Silver,Winter,2.6,No,Express,No,No,28.0,PayPal,Bi-Weekly,1
3836,3837,62.0,Female,Skirt,Clothing,84,Alaska,M,Violet,Spring,2.5,No,Free Shipping,No,No,38.0,PayPal,Fortnightly,1
3837,3838,,Female,Hoodie,Clothing,100,New Mexico,M,Green,Spring,,No,,No,No,,Bank Transfer,,3
3838,3839,47.0,Female,Dress,Clothing,25,Rhode Island,L,Green,Summer,4.2,No,Express,No,No,24.0,Venmo,Every 3 Months,1
3839,3840,66.0,Female,Sandals,Footwear,29,Connecticut,M,Peach,Spring,3.9,No,Free Shipping,No,No,14.0,Venmo,Quarterly,2
3840,3841,30.0,Female,Jeans,Clothing,42,Idaho,M,Turquoise,Spring,3.7,No,Express,No,No,5.0,Venmo,Fortnightly,3
3841,3842,,Female,Jeans,Clothing,57,Mississippi,L,Pink,Fall,4.2,No,2-Day Shipping,No,No,8.0,Bank Transfer,,2
3842,3843,35.0,Female,Jacket,Outerwear,84,Colorado,L,Lavender,Winter,4.2,No,Next Day Air,No,No,42.0,Debit Card,,3
3843,3844,64.0,Female,Hat,Accessories,71,Georgia,L,Silver,Winter,4.0,No,Free Shipping,No,No,48.0,Venmo,Every 3 Months,4
3844,3845,,Female,Shorts,Clothing,87,Montana,S,Cyan,Fall,5.0,No,Next Day Air,No,No,40.0,Venmo,,1
3845,3846,58.0,Female,Sweater,Clothing,52,California,M,Green,Winter,4.9,No,Standard,No,No,46.0,Venmo,Annually,4
3846,3847,57.0,Female,Blouse,Clothing,58,Pennsylvania,L,Orange,Summer,4.0,No,Express,No,No,40.0,PayPal,Every 3 Months,2
3847,3848,60.0,Female,Sweater,Clothing,34,Delaware,S,Blue,Fall,3.2,No,2-Day Shipping,No,No,31.0,PayPal,Fortnightly,1
3848,3849,22.0,Female,Jewelry,Accessories,60,New Hampshire,M,Magenta,Winter,3.0,No,Next Day Air,No,No,39.0,Cash,Every 3 Months,2
3849,3850,46.0,Female,Hoodie,Clothing,68,Florida,S,Cyan,Winter,2.6,No,Express,No,No,36.0,PayPal,Fortnightly,3
3850,3851,27.0,Female,Jewelry,Accessories,74,Mississippi,L,Indigo,Summer,4.4,No,2-Day Shipping,No,No,25.0,Debit Card,Every 3 Months,3
3851,3852,50.0,Female,Scarf,Accessories,83,Montana,M,Pink,Summer,3.9,No,Free Shipping,No,No,24.0,Debit Card,Annually,3
3852,3853,,Female,Hat,Accessories,79,Mississippi,M,Peach,Fall,,No,,No,No,,PayPal,,4
3853,3854,,Female,Sunglasses,Accessories,76,Tennessee,M,Lavender,Fall,,No,,No,No,,Debit Card,,2
3854,3855,57.0,Female,T-shirt,Clothing,20,Florida,M,Black,Spring,4.2,No,Free Shipping,No,No,4.0,Venmo,Annually,2
3855,3856,40.0,Female,Shirt,Clothing,61,Illinois,XL,Lavender,Summer,4.4,No,Next Day Air,No,No,36.0,Cash,Quarterly,1
3856,3857,,Female,Sandals,Footwear,78,Virginia,S,Brown,Summer,,No,,No,No,,Debit Card,,3
3857,3858,,Female,Hat,Accessories,21,Texas,S,Yellow,Summer,,No,,No,No,,Credit Card,,3
3858,3859,30.0,Female,T-shirt,Clothing,77,Missouri,M,Olive,Winter,3.5,No,Store Pickup,No,No,26.0,Credit Card,Quarterly,2
3859,3860,65.0,Female,Shorts,Clothing,88,Mississippi,S,Blue,Fall,3.0,No,2-Day Shipping,No,No,47.0,Bank Transfer,Bi-Weekly,2
3860,3861,57.0,Female,Sunglasses,Accessories,64,Pennsylvania,M,Turquoise,Summer,4.4,No,Next Day Air,No,No,44.0,Cash,Annually,4
3861,3862,,Female,Jacket,Outerwear,57,Wyoming,M,Yellow,Spring,,No,,No,No,,Credit Card,,3
3862,3863,56.0,Female,Shirt,Clothing,49,Idaho,L,Turquoise,Winter,2.8,No,Next Day Air,No,No,9.0,Venmo,Monthly,2
3863,3864,40.0,Female,Scarf,Accessories,35,New Hampshire,M,Orange,Summer,3.3,No,Free Shipping,No,No,28.0,Cash,Fortnightly,1
3864,3865,55.0,Female,T-shirt,Clothing,99,Wyoming,S,Blue,Winter,4.9,No,Express,No,No,1.0,Debit Card,Fortnightly,4
3865,3866,25.0,Female,Shorts,Clothing,42,Nebraska,M,Olive,Spring,4.2,No,Store Pickup,No,No,28.0,Cash,Every 3 Months,4
3866,3867,58.0,Female,Hat,Accessories,32,Alaska,M,Beige,Winter,3.3,No,2-Day Shipping,No,No,33.0,Credit Card,Fortnightly,1
3867,3868,46.0,Female,Jacket,Outerwear,21,Maryland,L,Lavender,Summer,2.7,No,Standard,No,No,28.0,Credit Card,Monthly,1
3868,3869,18.0,Female,Dress,Clothing,29,Maryland,XL,Magenta,Winter,3.3,No,2-Day Shipping,No,No,9.0,Cash,Annually,1
3869,3870,26.0,Female,Coat,Outerwear,64,Arizona,L,Cyan,Spring,3.8,No,Free Shipping,No,No,28.0,Bank Transfer,Annually,2
3870,3871,61.0,Female,Sandals,Footwear,46,Ohio,L,Lavender,Fall,3.2,No,Next Day Air,No,No,19.0,Cash,Every 3 Months,4
3871,3872,55.0,Female,T-shirt,Clothing,97,Minnesota,M,Black,Fall,4.1,No,2-Day Shipping,No,No,20.0,Bank Transfer,Every 3 Months,4
3872,3873,41.0,Female,Jacket,Outerwear,94,New Hampshire,M,Green,Spring,4.3,No,Standard,No,No,3.0,Cash,Monthly,4
3873,3874,42.0,Female,Sandals,Footwear,43,Louisiana,L,Silver,Summer,4.0,No,Standard,No,No,22.0,Credit Card,Weekly,1
3874,3875,,Female,Sweater,Clothing,54,Nevada,XL,Beige,Summer,,No,,No,No,,Credit Card,,3
3875,3876,63.0,Female,Hat,Accessories,51,New Hampshire,M,Pink,Winter,3.3,No,2-Day Shipping,No,No,21.0,Credit Card,Annually,2
3876,3877,60.0,Female,Shoes,Footwear,85,Wisconsin,S,Cyan,Fall,2.6,No,2-Day Shipping,No,No,7.0,Cash,Annually,2
3877,3878,28.0,Female,Hoodie,Clothing,96,Nevada,M,Olive,Spring,4.2,No,Next Day Air,No,No,46.0,Debit Card,Monthly,4
3878,3879,,Female,Hat,Accessories,42,South Carolina,M,Pink,Summer,3.4,No,2-Day Shipping,No,No,24.0,Credit Card,,3
3879,3880,,Female,Skirt,Clothing,63,Florida,L,Maroon,Winter,4.1,No,Free Shipping,No,No,6.0,Debit Card,,4
3880,3881,42.0,Female,Shirt,Clothing,20,Massachusetts,M,Red,Winter,3.9,No,Free Shipping,No,No,40.0,PayPal,Monthly,1
3881,3882,,Female,Scarf,Accessories,25,Georgia,L,Silver,Spring,,No,,No,No,,Debit Card,,3
3882,3883,35.0,Female,Pants,Clothing,95,North Dakota,L,Blue,Fall,2.6,No,Free Shipping,No,No,24.0,Cash,Fortnightly,1
3883,3884,34.0,Female,Hat,Accessories,38,North Dakota,XL,Purple,Fall,4.0,No,Next Day Air,No,No,22.0,Cash,Fortnightly,4
3884,3885,47.0,Female,Sandals,Footwear,29,Maryland,M,Brown,Fall,4.9,No,Express,No,No,3.0,PayPal,Weekly,1
3885,3886,49.0,Female,Socks,Clothing,64,New Mexico,L,Purple,Winter,3.2,No,Free Shipping,No,No,39.0,Cash,Quarterly,4
3886,3887,37.0,Female,Jewelry,Accessories,92,Iowa,S,Brown,Summer,3.9,No,Express,No,No,40.0,Debit Card,Quarterly,2
3887,3888,,Female,Shirt,Clothing,34,Kansas,M,Charcoal,Spring,,No,,No,No,,Credit Card,,4
3888,3889,45.0,Female,Sneakers,Footwear,69,Virginia,M,Violet,Spring,3.4,No,Standard,No,No,14.0,Venmo,Bi-Weekly,2
3889,3890,57.0,Female,Dress,Clothing,65,Alaska,S,Yellow,Spring,3.5,No,Express,No,No,49.0,Bank Transfer,Annually,1
3890,3891,35.0,Female,Shirt,Clothing,81,Nebraska,XL,Green,Winter,2.6,No,Standard,No,No,33.0,Debit Card,Annually,2
3891,3892,36.0,Female,Dress,Clothing,30,Colorado,L,Peach,Winter,4.7,No,Free Shipping,No,No,6.0,Bank Transfer,Quarterly,1
3892,3893,35.0,Female,Jewelry,Accessories,86,Michigan,L,Indigo,Summer,3.5,No,Standard,No,No,5.0,PayPal,Fortnightly,1
3893,3894,21.0,Female,Hat,Accessories,64,Massachusetts,L,White,Fall,3.3,No,Store Pickup,No,No,29.0,Bank Transfer,Bi-Weekly,1
3894,3895,,Female,Skirt,Clothing,78,Connecticut,L,White,Spring,3.9,No,2-Day Shipping,No,No,,Credit Card,,4
3895,3896,40.0,Female,Hoodie,Clothing,28,Virginia,L,Turquoise,Summer,4.2,No,2-Day Shipping,No,No,32.0,Venmo,Weekly,1
3896,3897,52.0,Female,Backpack,Accessories,49,Iowa,L,White,Spring,4.5,No,Store Pickup,No,No,41.0,Bank Transfer,Bi-Weekly,1
3897,3898,,Female,Belt,Accessories,33,New Jersey,L,Green,Spring,,No,,No,No,,Venmo,,4
3898,3899,44.0,Female,Shoes,Footwear,77,Minnesota,S,Brown,Summer,3.8,No,Express,No,No,24.0,Venmo,,3
3899,3900,,Female,Handbag,Accessories,81,California,M,Beige,Spring,,No,,No,No,,Venmo,,3
3900,51,49.0,Male,Blouse,Clothing,28,Maryland,M,Red,Spring,3.7,Yes,Store Pickup,Yes,Yes,39.0,Debit Card,Bi-Weekly,2
3901,101,62.0,Male,Sunglasses,Accessories,98,South Dakota,M,Maroon,Fall,2.7,Yes,Express,Yes,Yes,31.0,Cash,Fortnightly,1
3902,151,123.0,Male,Boots,Footwear,96,California,L,Cyan,Fall,4.9,Yes,Standard,Yes,Yes,17.0,Debit Card,Every 3 Months,4
